task_id,case_id,split,mode,K,seed,sampling,full_edges,schema_in_edges,schema_in_completeness,mask_ratio,injected_noise_edges
SCOPE_re_en_instructIE_en__relShard_001,K200_seed1_random__fuse_r0.3,train,fuse,200,1,random,14,10,0.7142857142857143,0.3,0
SCOPE_re_en_instructIE_en__relShard_001,K200_seed1_coverage__fuse_r0.3,train,fuse,200,1,coverage,14,10,0.7142857142857143,0.3,0
SCOPE_re_en_instructIE_en__relShard_001,K200_seed2_random__fuse_r0.3,train,fuse,200,2,random,14,10,0.7142857142857143,0.3,0
SCOPE_re_en_instructIE_en__relShard_001,K200_seed2_coverage__fuse_r0.6,train,fuse,200,2,coverage,14,6,0.42857142857142855,0.6,0
SCOPE_re_en_instructIE_en__relShard_001,K200_seed3_random__fuse_r0.3,train,fuse,200,3,random,14,10,0.7142857142857143,0.3,0
SCOPE_re_en_instructIE_en__relShard_001,K200_seed3_coverage__fuse_r0.6,train,fuse,200,3,coverage,14,6,0.42857142857142855,0.6,0
SCOPE_re_en_instructIE_en__relShard_001,K200_seed4_random__fuse_r0.6,train,fuse,200,4,random,14,6,0.42857142857142855,0.6,0
SCOPE_re_en_instructIE_en__relShard_001,K200_seed4_coverage__fuse_r0.3,train,fuse,200,4,coverage,14,10,0.7142857142857143,0.3,0
SCOPE_re_en_instructIE_en__relShard_001,K200_seed5_random__fuse_r0.3,train,fuse,200,5,random,14,10,0.7142857142857143,0.3,0
SCOPE_re_en_instructIE_en__relShard_001,K200_seed5_coverage__fuse_r0.6,train,fuse,200,5,coverage,14,6,0.42857142857142855,0.6,0
SCOPE_re_en_instructIE_en__relShard_001,K1000_seed1_random__fuse_r0.3,train,fuse,1000,1,random,14,10,0.7142857142857143,0.3,0
SCOPE_re_en_instructIE_en__relShard_001,K1000_seed1_coverage__fuse_r0.3,train,fuse,1000,1,coverage,14,10,0.7142857142857143,0.3,0
SCOPE_re_en_instructIE_en__relShard_001,K1000_seed2_random__fuse_r0.6,train,fuse,1000,2,random,14,6,0.42857142857142855,0.6,0
SCOPE_re_en_instructIE_en__relShard_001,K1000_seed2_coverage__fuse_r0.3,train,fuse,1000,2,coverage,14,10,0.7142857142857143,0.3,0
SCOPE_re_en_instructIE_en__relShard_001,K1000_seed3_random__fuse_r0.6,train,fuse,1000,3,random,14,6,0.42857142857142855,0.6,0
SCOPE_re_en_instructIE_en__relShard_001,K1000_seed3_coverage__fuse_r0.6,train,fuse,1000,3,coverage,14,6,0.42857142857142855,0.6,0
SCOPE_re_en_instructIE_en__relShard_001,K1000_seed4_random__fuse_r0.6,train,fuse,1000,4,random,14,6,0.42857142857142855,0.6,0
SCOPE_re_en_instructIE_en__relShard_001,K1000_seed4_coverage__fuse_r0.6,train,fuse,1000,4,coverage,14,6,0.42857142857142855,0.6,0
SCOPE_re_en_instructIE_en__relShard_001,K1000_seed5_random__fuse_r0.6,train,fuse,1000,5,random,14,6,0.42857142857142855,0.6,0
SCOPE_re_en_instructIE_en__relShard_001,K1000_seed5_coverage__fuse_r0.3,train,fuse,1000,5,coverage,14,10,0.7142857142857143,0.3,0
SCOPE_re_en_instructIE_en__relShard_001,K5000_seed1_random__fuse_r0.6,train,fuse,5000,1,random,14,6,0.42857142857142855,0.6,0
SCOPE_re_en_instructIE_en__relShard_001,K5000_seed1_coverage__fuse_r0.6,train,fuse,5000,1,coverage,14,6,0.42857142857142855,0.6,0
SCOPE_re_en_instructIE_en__relShard_001,K5000_seed2_random__fuse_r0.3,train,fuse,5000,2,random,14,10,0.7142857142857143,0.3,0
SCOPE_re_en_instructIE_en__relShard_001,K5000_seed2_coverage__fuse_r0.6,train,fuse,5000,2,coverage,14,6,0.42857142857142855,0.6,0
SCOPE_re_en_instructIE_en__relShard_001,K5000_seed3_random__fuse_r0.6,train,fuse,5000,3,random,14,6,0.42857142857142855,0.6,0
SCOPE_re_en_instructIE_en__relShard_001,K5000_seed3_coverage__fuse_r0.6,train,fuse,5000,3,coverage,14,6,0.42857142857142855,0.6,0
SCOPE_re_en_instructIE_en__relShard_001,K5000_seed4_random__fuse_r0.6,train,fuse,5000,4,random,14,6,0.42857142857142855,0.6,0
SCOPE_re_en_instructIE_en__relShard_001,K5000_seed4_coverage__fuse_r0.6,train,fuse,5000,4,coverage,14,6,0.42857142857142855,0.6,0
SCOPE_re_en_instructIE_en__relShard_001,K5000_seed5_random__fuse_r0.3,train,fuse,5000,5,random,14,10,0.7142857142857143,0.3,0
SCOPE_re_en_instructIE_en__relShard_001,K5000_seed5_coverage__fuse_r0.3,train,fuse,5000,5,coverage,14,10,0.7142857142857143,0.3,0
SCOPE_re_en_instructIE_en__cat_Building,K200_seed1_random__fuse_r0.6,train,fuse,200,1,random,32,9,0.28125,0.6,0
SCOPE_re_en_instructIE_en__cat_Building,K200_seed1_coverage__fuse_r0.3,train,fuse,200,1,coverage,32,9,0.28125,0.3,0
SCOPE_re_en_instructIE_en__cat_Building,K200_seed2_random__fuse_r0.3,train,fuse,200,2,random,32,9,0.28125,0.3,0
SCOPE_re_en_instructIE_en__cat_Building,K200_seed2_coverage__fuse_r0.6,train,fuse,200,2,coverage,32,9,0.28125,0.6,0
SCOPE_re_en_instructIE_en__cat_Building,K200_seed3_random__fuse_r0.6,train,fuse,200,3,random,32,9,0.28125,0.6,0
SCOPE_re_en_instructIE_en__cat_Building,K200_seed3_coverage__fuse_r0.6,train,fuse,200,3,coverage,32,9,0.28125,0.6,0
SCOPE_re_en_instructIE_en__cat_Building,K200_seed4_random__fuse_r0.3,train,fuse,200,4,random,32,9,0.28125,0.3,0
SCOPE_re_en_instructIE_en__cat_Building,K200_seed4_coverage__fuse_r0.3,train,fuse,200,4,coverage,32,9,0.28125,0.3,0
SCOPE_re_en_instructIE_en__cat_Building,K200_seed5_random__fuse_r0.3,train,fuse,200,5,random,32,9,0.28125,0.3,0
SCOPE_re_en_instructIE_en__cat_Building,K200_seed5_coverage__fuse_r0.3,train,fuse,200,5,coverage,32,9,0.28125,0.3,0
SCOPE_re_en_instructIE_en__cat_Building,K1000_seed1_random__fuse_r0.6,train,fuse,1000,1,random,32,9,0.28125,0.6,0
SCOPE_re_en_instructIE_en__cat_Building,K1000_seed1_coverage__fuse_r0.6,train,fuse,1000,1,coverage,32,9,0.28125,0.6,0
SCOPE_re_en_instructIE_en__cat_Building,K1000_seed2_random__fuse_r0.6,train,fuse,1000,2,random,32,9,0.28125,0.6,0
SCOPE_re_en_instructIE_en__cat_Building,K1000_seed2_coverage__fuse_r0.3,train,fuse,1000,2,coverage,32,9,0.28125,0.3,0
SCOPE_re_en_instructIE_en__cat_Building,K1000_seed3_random__fuse_r0.6,train,fuse,1000,3,random,32,9,0.28125,0.6,0
SCOPE_re_en_instructIE_en__cat_Building,K1000_seed3_coverage__fuse_r0.6,train,fuse,1000,3,coverage,32,9,0.28125,0.6,0
SCOPE_re_en_instructIE_en__cat_Building,K1000_seed4_random__fuse_r0.3,train,fuse,1000,4,random,32,9,0.28125,0.3,0
SCOPE_re_en_instructIE_en__cat_Building,K1000_seed4_coverage__fuse_r0.6,train,fuse,1000,4,coverage,32,9,0.28125,0.6,0
SCOPE_re_en_instructIE_en__cat_Building,K1000_seed5_random__fuse_r0.6,train,fuse,1000,5,random,32,9,0.28125,0.6,0
SCOPE_re_en_instructIE_en__cat_Building,K1000_seed5_coverage__fuse_r0.6,train,fuse,1000,5,coverage,32,9,0.28125,0.6,0
SCOPE_re_en_instructIE_en__cat_Building,K5000_seed1_random__fuse_r0.6,train,fuse,5000,1,random,32,9,0.28125,0.6,0
SCOPE_re_en_instructIE_en__cat_Building,K5000_seed1_coverage__fuse_r0.3,train,fuse,5000,1,coverage,32,9,0.28125,0.3,0
SCOPE_re_en_instructIE_en__cat_Building,K5000_seed2_random__fuse_r0.3,train,fuse,5000,2,random,32,9,0.28125,0.3,0
SCOPE_re_en_instructIE_en__cat_Building,K5000_seed2_coverage__fuse_r0.3,train,fuse,5000,2,coverage,32,9,0.28125,0.3,0
SCOPE_re_en_instructIE_en__cat_Building,K5000_seed3_random__fuse_r0.3,train,fuse,5000,3,random,32,9,0.28125,0.3,0
SCOPE_re_en_instructIE_en__cat_Building,K5000_seed3_coverage__fuse_r0.3,train,fuse,5000,3,coverage,32,9,0.28125,0.3,0
SCOPE_re_en_instructIE_en__cat_Building,K5000_seed4_random__fuse_r0.3,train,fuse,5000,4,random,32,9,0.28125,0.3,0
SCOPE_re_en_instructIE_en__cat_Building,K5000_seed4_coverage__fuse_r0.3,train,fuse,5000,4,coverage,32,9,0.28125,0.3,0
SCOPE_re_en_instructIE_en__cat_Building,K5000_seed5_random__fuse_r0.6,train,fuse,5000,5,random,32,9,0.28125,0.6,0
SCOPE_re_en_instructIE_en__cat_Building,K5000_seed5_coverage__fuse_r0.6,train,fuse,5000,5,coverage,32,9,0.28125,0.6,0
SCOPE_re_en_instructIE_en__cat_Event,K200_seed1_random__fuse_r0.6,train,fuse,200,1,random,20,11,0.55,0.6,0
SCOPE_re_en_instructIE_en__cat_Event,K200_seed1_coverage__fuse_r0.6,train,fuse,200,1,coverage,20,11,0.55,0.6,0
SCOPE_re_en_instructIE_en__cat_Event,K200_seed2_random__fuse_r0.3,train,fuse,200,2,random,20,11,0.55,0.3,0
SCOPE_re_en_instructIE_en__cat_Event,K200_seed2_coverage__fuse_r0.3,train,fuse,200,2,coverage,20,11,0.55,0.3,0
SCOPE_re_en_instructIE_en__cat_Event,K200_seed3_random__fuse_r0.3,train,fuse,200,3,random,20,11,0.55,0.3,0
SCOPE_re_en_instructIE_en__cat_Event,K200_seed3_coverage__fuse_r0.6,train,fuse,200,3,coverage,20,11,0.55,0.6,0
SCOPE_re_en_instructIE_en__cat_Event,K200_seed4_random__fuse_r0.3,train,fuse,200,4,random,20,11,0.55,0.3,0
SCOPE_re_en_instructIE_en__cat_Event,K200_seed4_coverage__fuse_r0.3,train,fuse,200,4,coverage,20,11,0.55,0.3,0
SCOPE_re_en_instructIE_en__cat_Event,K200_seed5_random__fuse_r0.3,train,fuse,200,5,random,20,11,0.55,0.3,0
SCOPE_re_en_instructIE_en__cat_Event,K200_seed5_coverage__fuse_r0.3,train,fuse,200,5,coverage,20,11,0.55,0.3,0
SCOPE_re_en_instructIE_en__cat_Event,K1000_seed1_random__fuse_r0.6,train,fuse,1000,1,random,20,11,0.55,0.6,0
SCOPE_re_en_instructIE_en__cat_Event,K1000_seed1_coverage__fuse_r0.3,train,fuse,1000,1,coverage,20,11,0.55,0.3,0
SCOPE_re_en_instructIE_en__cat_Event,K1000_seed2_random__fuse_r0.3,train,fuse,1000,2,random,20,11,0.55,0.3,0
SCOPE_re_en_instructIE_en__cat_Event,K1000_seed2_coverage__fuse_r0.6,train,fuse,1000,2,coverage,20,11,0.55,0.6,0
SCOPE_re_en_instructIE_en__cat_Event,K1000_seed3_random__fuse_r0.3,train,fuse,1000,3,random,20,11,0.55,0.3,0
SCOPE_re_en_instructIE_en__cat_Event,K1000_seed3_coverage__fuse_r0.3,train,fuse,1000,3,coverage,20,11,0.55,0.3,0
SCOPE_re_en_instructIE_en__cat_Event,K1000_seed4_random__fuse_r0.3,train,fuse,1000,4,random,20,11,0.55,0.3,0
SCOPE_re_en_instructIE_en__cat_Event,K1000_seed4_coverage__fuse_r0.3,train,fuse,1000,4,coverage,20,11,0.55,0.3,0
SCOPE_re_en_instructIE_en__cat_Event,K1000_seed5_random__fuse_r0.3,train,fuse,1000,5,random,20,11,0.55,0.3,0
SCOPE_re_en_instructIE_en__cat_Event,K1000_seed5_coverage__fuse_r0.3,train,fuse,1000,5,coverage,20,11,0.55,0.3,0
SCOPE_re_en_instructIE_en__cat_Event,K5000_seed1_random__fuse_r0.3,train,fuse,5000,1,random,20,11,0.55,0.3,0
SCOPE_re_en_instructIE_en__cat_Event,K5000_seed1_coverage__fuse_r0.3,train,fuse,5000,1,coverage,20,11,0.55,0.3,0
SCOPE_re_en_instructIE_en__cat_Event,K5000_seed2_random__fuse_r0.6,train,fuse,5000,2,random,20,11,0.55,0.6,0
SCOPE_re_en_instructIE_en__cat_Event,K5000_seed2_coverage__fuse_r0.3,train,fuse,5000,2,coverage,20,11,0.55,0.3,0
SCOPE_re_en_instructIE_en__cat_Event,K5000_seed3_random__fuse_r0.6,train,fuse,5000,3,random,20,11,0.55,0.6,0
SCOPE_re_en_instructIE_en__cat_Event,K5000_seed3_coverage__fuse_r0.3,train,fuse,5000,3,coverage,20,11,0.55,0.3,0
SCOPE_re_en_instructIE_en__cat_Event,K5000_seed4_random__fuse_r0.3,train,fuse,5000,4,random,20,11,0.55,0.3,0
SCOPE_re_en_instructIE_en__cat_Event,K5000_seed4_coverage__fuse_r0.3,train,fuse,5000,4,coverage,20,11,0.55,0.3,0
SCOPE_re_en_instructIE_en__cat_Event,K5000_seed5_random__fuse_r0.3,train,fuse,5000,5,random,20,11,0.55,0.3,0
SCOPE_re_en_instructIE_en__cat_Event,K5000_seed5_coverage__fuse_r0.3,train,fuse,5000,5,coverage,20,11,0.55,0.3,0
SCOPE_re_en_instructIE_en__cat_Person,K200_seed1_random__fuse_r0.6,train,fuse,200,1,random,26,15,0.5769230769230769,0.6,0
SCOPE_re_en_instructIE_en__cat_Person,K200_seed1_coverage__fuse_r0.6,train,fuse,200,1,coverage,26,15,0.5769230769230769,0.6,0
SCOPE_re_en_instructIE_en__cat_Person,K200_seed2_random__fuse_r0.3,train,fuse,200,2,random,26,15,0.5769230769230769,0.3,0
SCOPE_re_en_instructIE_en__cat_Person,K200_seed2_coverage__fuse_r0.3,train,fuse,200,2,coverage,26,15,0.5769230769230769,0.3,0
SCOPE_re_en_instructIE_en__cat_Person,K200_seed3_random__fuse_r0.6,train,fuse,200,3,random,26,15,0.5769230769230769,0.6,0
SCOPE_re_en_instructIE_en__cat_Person,K200_seed3_coverage__fuse_r0.3,train,fuse,200,3,coverage,26,15,0.5769230769230769,0.3,0
SCOPE_re_en_instructIE_en__cat_Person,K200_seed4_random__fuse_r0.6,train,fuse,200,4,random,26,15,0.5769230769230769,0.6,0
SCOPE_re_en_instructIE_en__cat_Person,K200_seed4_coverage__fuse_r0.3,train,fuse,200,4,coverage,26,15,0.5769230769230769,0.3,0
SCOPE_re_en_instructIE_en__cat_Person,K200_seed5_random__fuse_r0.6,train,fuse,200,5,random,26,15,0.5769230769230769,0.6,0
SCOPE_re_en_instructIE_en__cat_Person,K200_seed5_coverage__fuse_r0.3,train,fuse,200,5,coverage,26,15,0.5769230769230769,0.3,0
SCOPE_re_en_instructIE_en__cat_Person,K1000_seed1_random__fuse_r0.6,train,fuse,1000,1,random,26,15,0.5769230769230769,0.6,0
SCOPE_re_en_instructIE_en__cat_Person,K1000_seed1_coverage__fuse_r0.6,train,fuse,1000,1,coverage,26,15,0.5769230769230769,0.6,0
SCOPE_re_en_instructIE_en__cat_Person,K1000_seed2_random__fuse_r0.3,train,fuse,1000,2,random,26,15,0.5769230769230769,0.3,0
SCOPE_re_en_instructIE_en__cat_Person,K1000_seed2_coverage__fuse_r0.3,train,fuse,1000,2,coverage,26,15,0.5769230769230769,0.3,0
SCOPE_re_en_instructIE_en__cat_Person,K1000_seed3_random__fuse_r0.6,train,fuse,1000,3,random,26,15,0.5769230769230769,0.6,0
SCOPE_re_en_instructIE_en__cat_Person,K1000_seed3_coverage__fuse_r0.6,train,fuse,1000,3,coverage,26,15,0.5769230769230769,0.6,0
SCOPE_re_en_instructIE_en__cat_Person,K1000_seed4_random__fuse_r0.6,train,fuse,1000,4,random,26,15,0.5769230769230769,0.6,0
SCOPE_re_en_instructIE_en__cat_Person,K1000_seed4_coverage__fuse_r0.6,train,fuse,1000,4,coverage,26,15,0.5769230769230769,0.6,0
SCOPE_re_en_instructIE_en__cat_Person,K1000_seed5_random__fuse_r0.3,train,fuse,1000,5,random,26,15,0.5769230769230769,0.3,0
SCOPE_re_en_instructIE_en__cat_Person,K1000_seed5_coverage__fuse_r0.6,train,fuse,1000,5,coverage,26,15,0.5769230769230769,0.6,0
SCOPE_re_en_instructIE_en__cat_Person,K5000_seed1_random__fuse_r0.6,train,fuse,5000,1,random,26,15,0.5769230769230769,0.6,0
SCOPE_re_en_instructIE_en__cat_Person,K5000_seed1_coverage__fuse_r0.3,train,fuse,5000,1,coverage,26,15,0.5769230769230769,0.3,0
SCOPE_re_en_instructIE_en__cat_Person,K5000_seed2_random__fuse_r0.6,train,fuse,5000,2,random,26,15,0.5769230769230769,0.6,0
SCOPE_re_en_instructIE_en__cat_Person,K5000_seed2_coverage__fuse_r0.3,train,fuse,5000,2,coverage,26,15,0.5769230769230769,0.3,0
SCOPE_re_en_instructIE_en__cat_Person,K5000_seed3_random__fuse_r0.3,train,fuse,5000,3,random,26,15,0.5769230769230769,0.3,0
SCOPE_re_en_instructIE_en__cat_Person,K5000_seed3_coverage__fuse_r0.3,train,fuse,5000,3,coverage,26,15,0.5769230769230769,0.3,0
SCOPE_re_en_instructIE_en__cat_Person,K5000_seed4_random__fuse_r0.3,train,fuse,5000,4,random,26,15,0.5769230769230769,0.3,0
SCOPE_re_en_instructIE_en__cat_Person,K5000_seed4_coverage__fuse_r0.3,train,fuse,5000,4,coverage,26,15,0.5769230769230769,0.3,0
SCOPE_re_en_instructIE_en__cat_Person,K5000_seed5_random__fuse_r0.6,train,fuse,5000,5,random,26,15,0.5769230769230769,0.6,0
SCOPE_re_en_instructIE_en__cat_Person,K5000_seed5_coverage__fuse_r0.6,train,fuse,5000,5,coverage,26,15,0.5769230769230769,0.6,0
SCOPE_re_en_instructIE_en__cat_Creature,K200_seed1_random__fuse_r0.6,train,fuse,200,1,random,25,9,0.36,0.6,0
SCOPE_re_en_instructIE_en__cat_Creature,K200_seed1_coverage__fuse_r0.6,train,fuse,200,1,coverage,25,9,0.36,0.6,0
SCOPE_re_en_instructIE_en__cat_Creature,K200_seed2_random__fuse_r0.6,train,fuse,200,2,random,25,9,0.36,0.6,0
SCOPE_re_en_instructIE_en__cat_Creature,K200_seed2_coverage__fuse_r0.6,train,fuse,200,2,coverage,25,9,0.36,0.6,0
SCOPE_re_en_instructIE_en__cat_Creature,K200_seed3_random__fuse_r0.6,train,fuse,200,3,random,25,9,0.36,0.6,0
SCOPE_re_en_instructIE_en__cat_Creature,K200_seed3_coverage__fuse_r0.3,train,fuse,200,3,coverage,25,9,0.36,0.3,0
SCOPE_re_en_instructIE_en__cat_Creature,K200_seed4_random__fuse_r0.6,train,fuse,200,4,random,25,9,0.36,0.6,0
SCOPE_re_en_instructIE_en__cat_Creature,K200_seed4_coverage__fuse_r0.3,train,fuse,200,4,coverage,25,9,0.36,0.3,0
SCOPE_re_en_instructIE_en__cat_Creature,K200_seed5_random__fuse_r0.3,train,fuse,200,5,random,25,9,0.36,0.3,0
SCOPE_re_en_instructIE_en__cat_Creature,K200_seed5_coverage__fuse_r0.3,train,fuse,200,5,coverage,25,9,0.36,0.3,0
SCOPE_re_en_instructIE_en__cat_Creature,K1000_seed1_random__fuse_r0.6,train,fuse,1000,1,random,25,9,0.36,0.6,0
SCOPE_re_en_instructIE_en__cat_Creature,K1000_seed1_coverage__fuse_r0.6,train,fuse,1000,1,coverage,25,9,0.36,0.6,0
SCOPE_re_en_instructIE_en__cat_Creature,K1000_seed2_random__fuse_r0.6,train,fuse,1000,2,random,25,9,0.36,0.6,0
SCOPE_re_en_instructIE_en__cat_Creature,K1000_seed2_coverage__fuse_r0.3,train,fuse,1000,2,coverage,25,9,0.36,0.3,0
SCOPE_re_en_instructIE_en__cat_Creature,K1000_seed3_random__fuse_r0.6,train,fuse,1000,3,random,25,9,0.36,0.6,0
SCOPE_re_en_instructIE_en__cat_Creature,K1000_seed3_coverage__fuse_r0.3,train,fuse,1000,3,coverage,25,9,0.36,0.3,0
SCOPE_re_en_instructIE_en__cat_Creature,K1000_seed4_random__fuse_r0.3,train,fuse,1000,4,random,25,9,0.36,0.3,0
SCOPE_re_en_instructIE_en__cat_Creature,K1000_seed4_coverage__fuse_r0.3,train,fuse,1000,4,coverage,25,9,0.36,0.3,0
SCOPE_re_en_instructIE_en__cat_Creature,K1000_seed5_random__fuse_r0.3,train,fuse,1000,5,random,25,9,0.36,0.3,0
SCOPE_re_en_instructIE_en__cat_Creature,K1000_seed5_coverage__fuse_r0.6,train,fuse,1000,5,coverage,25,9,0.36,0.6,0
SCOPE_re_en_instructIE_en__cat_Creature,K5000_seed1_random__fuse_r0.3,train,fuse,5000,1,random,25,9,0.36,0.3,0
SCOPE_re_en_instructIE_en__cat_Creature,K5000_seed1_coverage__fuse_r0.3,train,fuse,5000,1,coverage,25,9,0.36,0.3,0
SCOPE_re_en_instructIE_en__cat_Creature,K5000_seed2_random__fuse_r0.6,train,fuse,5000,2,random,25,9,0.36,0.6,0
SCOPE_re_en_instructIE_en__cat_Creature,K5000_seed2_coverage__fuse_r0.6,train,fuse,5000,2,coverage,25,9,0.36,0.6,0
SCOPE_re_en_instructIE_en__cat_Creature,K5000_seed3_random__fuse_r0.3,train,fuse,5000,3,random,25,9,0.36,0.3,0
SCOPE_re_en_instructIE_en__cat_Creature,K5000_seed3_coverage__fuse_r0.6,train,fuse,5000,3,coverage,25,9,0.36,0.6,0
SCOPE_re_en_instructIE_en__cat_Creature,K5000_seed4_random__fuse_r0.6,train,fuse,5000,4,random,25,9,0.36,0.6,0
SCOPE_re_en_instructIE_en__cat_Creature,K5000_seed4_coverage__fuse_r0.3,train,fuse,5000,4,coverage,25,9,0.36,0.3,0
SCOPE_re_en_instructIE_en__cat_Creature,K5000_seed5_random__fuse_r0.3,train,fuse,5000,5,random,25,9,0.36,0.3,0
SCOPE_re_en_instructIE_en__cat_Creature,K5000_seed5_coverage__fuse_r0.6,train,fuse,5000,5,coverage,25,9,0.36,0.6,0
SCOPE_re_zh_instructIE_zh__relShard_001,K200_seed1_random__fuse_r0.3,train,fuse,200,1,random,14,10,0.7142857142857143,0.3,0
SCOPE_re_zh_instructIE_zh__relShard_001,K200_seed1_coverage__fuse_r0.6,train,fuse,200,1,coverage,14,6,0.42857142857142855,0.6,0
SCOPE_re_zh_instructIE_zh__relShard_001,K200_seed2_random__fuse_r0.3,train,fuse,200,2,random,14,10,0.7142857142857143,0.3,0
SCOPE_re_zh_instructIE_zh__relShard_001,K200_seed2_coverage__fuse_r0.6,train,fuse,200,2,coverage,14,6,0.42857142857142855,0.6,0
SCOPE_re_zh_instructIE_zh__relShard_001,K200_seed3_random__fuse_r0.6,train,fuse,200,3,random,14,6,0.42857142857142855,0.6,0
SCOPE_re_zh_instructIE_zh__relShard_001,K200_seed3_coverage__fuse_r0.3,train,fuse,200,3,coverage,14,10,0.7142857142857143,0.3,0
SCOPE_re_zh_instructIE_zh__relShard_001,K200_seed4_random__fuse_r0.6,train,fuse,200,4,random,14,6,0.42857142857142855,0.6,0
SCOPE_re_zh_instructIE_zh__relShard_001,K200_seed4_coverage__fuse_r0.6,train,fuse,200,4,coverage,14,6,0.42857142857142855,0.6,0
SCOPE_re_zh_instructIE_zh__relShard_001,K200_seed5_random__fuse_r0.6,train,fuse,200,5,random,14,6,0.42857142857142855,0.6,0
SCOPE_re_zh_instructIE_zh__relShard_001,K200_seed5_coverage__fuse_r0.3,train,fuse,200,5,coverage,14,10,0.7142857142857143,0.3,0
SCOPE_re_zh_instructIE_zh__relShard_001,K1000_seed1_random__fuse_r0.6,train,fuse,1000,1,random,14,6,0.42857142857142855,0.6,0
SCOPE_re_zh_instructIE_zh__relShard_001,K1000_seed1_coverage__fuse_r0.6,train,fuse,1000,1,coverage,14,6,0.42857142857142855,0.6,0
SCOPE_re_zh_instructIE_zh__relShard_001,K1000_seed2_random__fuse_r0.6,train,fuse,1000,2,random,14,6,0.42857142857142855,0.6,0
SCOPE_re_zh_instructIE_zh__relShard_001,K1000_seed2_coverage__fuse_r0.6,train,fuse,1000,2,coverage,14,6,0.42857142857142855,0.6,0
SCOPE_re_zh_instructIE_zh__relShard_001,K1000_seed3_random__fuse_r0.6,train,fuse,1000,3,random,14,6,0.42857142857142855,0.6,0
SCOPE_re_zh_instructIE_zh__relShard_001,K1000_seed3_coverage__fuse_r0.3,train,fuse,1000,3,coverage,14,10,0.7142857142857143,0.3,0
SCOPE_re_zh_instructIE_zh__relShard_001,K1000_seed4_random__fuse_r0.6,train,fuse,1000,4,random,14,6,0.42857142857142855,0.6,0
SCOPE_re_zh_instructIE_zh__relShard_001,K1000_seed4_coverage__fuse_r0.3,train,fuse,1000,4,coverage,14,10,0.7142857142857143,0.3,0
SCOPE_re_zh_instructIE_zh__relShard_001,K1000_seed5_random__fuse_r0.3,train,fuse,1000,5,random,14,10,0.7142857142857143,0.3,0
SCOPE_re_zh_instructIE_zh__relShard_001,K1000_seed5_coverage__fuse_r0.6,train,fuse,1000,5,coverage,14,6,0.42857142857142855,0.6,0
SCOPE_re_zh_instructIE_zh__relShard_001,K5000_seed1_random__fuse_r0.3,train,fuse,5000,1,random,14,10,0.7142857142857143,0.3,0
SCOPE_re_zh_instructIE_zh__relShard_001,K5000_seed1_coverage__fuse_r0.6,train,fuse,5000,1,coverage,14,6,0.42857142857142855,0.6,0
SCOPE_re_zh_instructIE_zh__relShard_001,K5000_seed2_random__fuse_r0.3,train,fuse,5000,2,random,14,10,0.7142857142857143,0.3,0
SCOPE_re_zh_instructIE_zh__relShard_001,K5000_seed2_coverage__fuse_r0.6,train,fuse,5000,2,coverage,14,6,0.42857142857142855,0.6,0
SCOPE_re_zh_instructIE_zh__relShard_001,K5000_seed3_random__fuse_r0.3,train,fuse,5000,3,random,14,10,0.7142857142857143,0.3,0
SCOPE_re_zh_instructIE_zh__relShard_001,K5000_seed3_coverage__fuse_r0.6,train,fuse,5000,3,coverage,14,6,0.42857142857142855,0.6,0
SCOPE_re_zh_instructIE_zh__relShard_001,K5000_seed4_random__fuse_r0.6,train,fuse,5000,4,random,14,6,0.42857142857142855,0.6,0
SCOPE_re_zh_instructIE_zh__relShard_001,K5000_seed4_coverage__fuse_r0.3,train,fuse,5000,4,coverage,14,10,0.7142857142857143,0.3,0
SCOPE_re_zh_instructIE_zh__relShard_001,K5000_seed5_random__fuse_r0.3,train,fuse,5000,5,random,14,10,0.7142857142857143,0.3,0
SCOPE_re_zh_instructIE_zh__relShard_001,K5000_seed5_coverage__fuse_r0.6,train,fuse,5000,5,coverage,14,6,0.42857142857142855,0.6,0
SCOPE_re_zh_instructIE_zh__cat_建筑,K200_seed1_random__fuse_r0.6,train,fuse,200,1,random,35,10,0.2857142857142857,0.6,0
SCOPE_re_zh_instructIE_zh__cat_建筑,K200_seed1_coverage__fuse_r0.3,train,fuse,200,1,coverage,35,10,0.2857142857142857,0.3,0
SCOPE_re_zh_instructIE_zh__cat_建筑,K200_seed2_random__fuse_r0.3,train,fuse,200,2,random,35,10,0.2857142857142857,0.3,0
SCOPE_re_zh_instructIE_zh__cat_建筑,K200_seed2_coverage__fuse_r0.6,train,fuse,200,2,coverage,35,10,0.2857142857142857,0.6,0
SCOPE_re_zh_instructIE_zh__cat_建筑,K200_seed3_random__fuse_r0.3,train,fuse,200,3,random,35,10,0.2857142857142857,0.3,0
SCOPE_re_zh_instructIE_zh__cat_建筑,K200_seed3_coverage__fuse_r0.6,train,fuse,200,3,coverage,35,10,0.2857142857142857,0.6,0
SCOPE_re_zh_instructIE_zh__cat_建筑,K200_seed4_random__fuse_r0.6,train,fuse,200,4,random,35,10,0.2857142857142857,0.6,0
SCOPE_re_zh_instructIE_zh__cat_建筑,K200_seed4_coverage__fuse_r0.6,train,fuse,200,4,coverage,35,10,0.2857142857142857,0.6,0
SCOPE_re_zh_instructIE_zh__cat_建筑,K200_seed5_random__fuse_r0.6,train,fuse,200,5,random,35,10,0.2857142857142857,0.6,0
SCOPE_re_zh_instructIE_zh__cat_建筑,K200_seed5_coverage__fuse_r0.3,train,fuse,200,5,coverage,35,10,0.2857142857142857,0.3,0
SCOPE_re_zh_instructIE_zh__cat_建筑,K1000_seed1_random__fuse_r0.3,train,fuse,1000,1,random,35,10,0.2857142857142857,0.3,0
SCOPE_re_zh_instructIE_zh__cat_建筑,K1000_seed1_coverage__fuse_r0.3,train,fuse,1000,1,coverage,35,10,0.2857142857142857,0.3,0
SCOPE_re_zh_instructIE_zh__cat_建筑,K1000_seed2_random__fuse_r0.6,train,fuse,1000,2,random,35,10,0.2857142857142857,0.6,0
SCOPE_re_zh_instructIE_zh__cat_建筑,K1000_seed2_coverage__fuse_r0.6,train,fuse,1000,2,coverage,35,10,0.2857142857142857,0.6,0
SCOPE_re_zh_instructIE_zh__cat_建筑,K1000_seed3_random__fuse_r0.6,train,fuse,1000,3,random,35,10,0.2857142857142857,0.6,0
SCOPE_re_zh_instructIE_zh__cat_建筑,K1000_seed3_coverage__fuse_r0.3,train,fuse,1000,3,coverage,35,10,0.2857142857142857,0.3,0
SCOPE_re_zh_instructIE_zh__cat_建筑,K1000_seed4_random__fuse_r0.6,train,fuse,1000,4,random,35,10,0.2857142857142857,0.6,0
SCOPE_re_zh_instructIE_zh__cat_建筑,K1000_seed4_coverage__fuse_r0.3,train,fuse,1000,4,coverage,35,10,0.2857142857142857,0.3,0
SCOPE_re_zh_instructIE_zh__cat_建筑,K1000_seed5_random__fuse_r0.3,train,fuse,1000,5,random,35,10,0.2857142857142857,0.3,0
SCOPE_re_zh_instructIE_zh__cat_建筑,K1000_seed5_coverage__fuse_r0.6,train,fuse,1000,5,coverage,35,10,0.2857142857142857,0.6,0
SCOPE_re_zh_instructIE_zh__cat_建筑,K5000_seed1_random__fuse_r0.3,train,fuse,5000,1,random,35,10,0.2857142857142857,0.3,0
SCOPE_re_zh_instructIE_zh__cat_建筑,K5000_seed1_coverage__fuse_r0.6,train,fuse,5000,1,coverage,35,10,0.2857142857142857,0.6,0
SCOPE_re_zh_instructIE_zh__cat_建筑,K5000_seed2_random__fuse_r0.3,train,fuse,5000,2,random,35,10,0.2857142857142857,0.3,0
SCOPE_re_zh_instructIE_zh__cat_建筑,K5000_seed2_coverage__fuse_r0.3,train,fuse,5000,2,coverage,35,10,0.2857142857142857,0.3,0
SCOPE_re_zh_instructIE_zh__cat_建筑,K5000_seed3_random__fuse_r0.3,train,fuse,5000,3,random,35,10,0.2857142857142857,0.3,0
SCOPE_re_zh_instructIE_zh__cat_建筑,K5000_seed3_coverage__fuse_r0.6,train,fuse,5000,3,coverage,35,10,0.2857142857142857,0.6,0
SCOPE_re_zh_instructIE_zh__cat_建筑,K5000_seed4_random__fuse_r0.6,train,fuse,5000,4,random,35,10,0.2857142857142857,0.6,0
SCOPE_re_zh_instructIE_zh__cat_建筑,K5000_seed4_coverage__fuse_r0.3,train,fuse,5000,4,coverage,35,10,0.2857142857142857,0.3,0
SCOPE_re_zh_instructIE_zh__cat_建筑,K5000_seed5_random__fuse_r0.6,train,fuse,5000,5,random,35,10,0.2857142857142857,0.6,0
SCOPE_re_zh_instructIE_zh__cat_建筑,K5000_seed5_coverage__fuse_r0.3,train,fuse,5000,5,coverage,35,10,0.2857142857142857,0.3,0
SCOPE_re_zh_instructIE_zh__cat_人物,K200_seed1_random__fuse_r0.6,train,fuse,200,1,random,25,14,0.56,0.6,0
SCOPE_re_zh_instructIE_zh__cat_人物,K200_seed1_coverage__fuse_r0.3,train,fuse,200,1,coverage,25,14,0.56,0.3,0
SCOPE_re_zh_instructIE_zh__cat_人物,K200_seed2_random__fuse_r0.6,train,fuse,200,2,random,25,14,0.56,0.6,0
SCOPE_re_zh_instructIE_zh__cat_人物,K200_seed2_coverage__fuse_r0.6,train,fuse,200,2,coverage,25,14,0.56,0.6,0
SCOPE_re_zh_instructIE_zh__cat_人物,K200_seed3_random__fuse_r0.3,train,fuse,200,3,random,25,14,0.56,0.3,0
SCOPE_re_zh_instructIE_zh__cat_人物,K200_seed3_coverage__fuse_r0.3,train,fuse,200,3,coverage,25,14,0.56,0.3,0
SCOPE_re_zh_instructIE_zh__cat_人物,K200_seed4_random__fuse_r0.3,train,fuse,200,4,random,25,14,0.56,0.3,0
SCOPE_re_zh_instructIE_zh__cat_人物,K200_seed4_coverage__fuse_r0.3,train,fuse,200,4,coverage,25,14,0.56,0.3,0
SCOPE_re_zh_instructIE_zh__cat_人物,K200_seed5_random__fuse_r0.3,train,fuse,200,5,random,25,14,0.56,0.3,0
SCOPE_re_zh_instructIE_zh__cat_人物,K200_seed5_coverage__fuse_r0.3,train,fuse,200,5,coverage,25,14,0.56,0.3,0
SCOPE_re_zh_instructIE_zh__cat_人物,K1000_seed1_random__fuse_r0.6,train,fuse,1000,1,random,25,14,0.56,0.6,0
SCOPE_re_zh_instructIE_zh__cat_人物,K1000_seed1_coverage__fuse_r0.3,train,fuse,1000,1,coverage,25,14,0.56,0.3,0
SCOPE_re_zh_instructIE_zh__cat_人物,K1000_seed2_random__fuse_r0.6,train,fuse,1000,2,random,25,14,0.56,0.6,0
SCOPE_re_zh_instructIE_zh__cat_人物,K1000_seed2_coverage__fuse_r0.3,train,fuse,1000,2,coverage,25,14,0.56,0.3,0
SCOPE_re_zh_instructIE_zh__cat_人物,K1000_seed3_random__fuse_r0.3,train,fuse,1000,3,random,25,14,0.56,0.3,0
SCOPE_re_zh_instructIE_zh__cat_人物,K1000_seed3_coverage__fuse_r0.3,train,fuse,1000,3,coverage,25,14,0.56,0.3,0
SCOPE_re_zh_instructIE_zh__cat_人物,K1000_seed4_random__fuse_r0.6,train,fuse,1000,4,random,25,14,0.56,0.6,0
SCOPE_re_zh_instructIE_zh__cat_人物,K1000_seed4_coverage__fuse_r0.6,train,fuse,1000,4,coverage,25,14,0.56,0.6,0
SCOPE_re_zh_instructIE_zh__cat_人物,K1000_seed5_random__fuse_r0.3,train,fuse,1000,5,random,25,14,0.56,0.3,0
SCOPE_re_zh_instructIE_zh__cat_人物,K1000_seed5_coverage__fuse_r0.3,train,fuse,1000,5,coverage,25,14,0.56,0.3,0
SCOPE_re_zh_instructIE_zh__cat_人物,K5000_seed1_random__fuse_r0.6,train,fuse,5000,1,random,25,14,0.56,0.6,0
SCOPE_re_zh_instructIE_zh__cat_人物,K5000_seed1_coverage__fuse_r0.3,train,fuse,5000,1,coverage,25,14,0.56,0.3,0
SCOPE_re_zh_instructIE_zh__cat_人物,K5000_seed2_random__fuse_r0.3,train,fuse,5000,2,random,25,14,0.56,0.3,0
SCOPE_re_zh_instructIE_zh__cat_人物,K5000_seed2_coverage__fuse_r0.3,train,fuse,5000,2,coverage,25,14,0.56,0.3,0
SCOPE_re_zh_instructIE_zh__cat_人物,K5000_seed3_random__fuse_r0.3,train,fuse,5000,3,random,25,14,0.56,0.3,0
SCOPE_re_zh_instructIE_zh__cat_人物,K5000_seed3_coverage__fuse_r0.6,train,fuse,5000,3,coverage,25,14,0.56,0.6,0
SCOPE_re_zh_instructIE_zh__cat_人物,K5000_seed4_random__fuse_r0.3,train,fuse,5000,4,random,25,14,0.56,0.3,0
SCOPE_re_zh_instructIE_zh__cat_人物,K5000_seed4_coverage__fuse_r0.6,train,fuse,5000,4,coverage,25,14,0.56,0.6,0
SCOPE_re_zh_instructIE_zh__cat_人物,K5000_seed5_random__fuse_r0.3,train,fuse,5000,5,random,25,14,0.56,0.3,0
SCOPE_re_zh_instructIE_zh__cat_人物,K5000_seed5_coverage__fuse_r0.6,train,fuse,5000,5,coverage,25,14,0.56,0.6,0
SCOPE_re_zh_instructIE_zh__cat_生物,K200_seed1_random__fuse_r0.3,train,fuse,200,1,random,25,9,0.36,0.3,0
SCOPE_re_zh_instructIE_zh__cat_生物,K200_seed1_coverage__fuse_r0.3,train,fuse,200,1,coverage,25,9,0.36,0.3,0
SCOPE_re_zh_instructIE_zh__cat_生物,K200_seed2_random__fuse_r0.3,train,fuse,200,2,random,25,9,0.36,0.3,0
SCOPE_re_zh_instructIE_zh__cat_生物,K200_seed2_coverage__fuse_r0.3,train,fuse,200,2,coverage,25,9,0.36,0.3,0
SCOPE_re_zh_instructIE_zh__cat_生物,K200_seed3_random__fuse_r0.6,train,fuse,200,3,random,25,9,0.36,0.6,0
SCOPE_re_zh_instructIE_zh__cat_生物,K200_seed3_coverage__fuse_r0.6,train,fuse,200,3,coverage,25,9,0.36,0.6,0
SCOPE_re_zh_instructIE_zh__cat_生物,K200_seed4_random__fuse_r0.6,train,fuse,200,4,random,25,9,0.36,0.6,0
SCOPE_re_zh_instructIE_zh__cat_生物,K200_seed4_coverage__fuse_r0.3,train,fuse,200,4,coverage,25,9,0.36,0.3,0
SCOPE_re_zh_instructIE_zh__cat_生物,K200_seed5_random__fuse_r0.6,train,fuse,200,5,random,25,9,0.36,0.6,0
SCOPE_re_zh_instructIE_zh__cat_生物,K200_seed5_coverage__fuse_r0.6,train,fuse,200,5,coverage,25,9,0.36,0.6,0
SCOPE_re_zh_instructIE_zh__cat_生物,K1000_seed1_random__fuse_r0.3,train,fuse,1000,1,random,25,9,0.36,0.3,0
SCOPE_re_zh_instructIE_zh__cat_生物,K1000_seed1_coverage__fuse_r0.6,train,fuse,1000,1,coverage,25,9,0.36,0.6,0
SCOPE_re_zh_instructIE_zh__cat_生物,K1000_seed2_random__fuse_r0.3,train,fuse,1000,2,random,25,9,0.36,0.3,0
SCOPE_re_zh_instructIE_zh__cat_生物,K1000_seed2_coverage__fuse_r0.6,train,fuse,1000,2,coverage,25,9,0.36,0.6,0
SCOPE_re_zh_instructIE_zh__cat_生物,K1000_seed3_random__fuse_r0.6,train,fuse,1000,3,random,25,9,0.36,0.6,0
SCOPE_re_zh_instructIE_zh__cat_生物,K1000_seed3_coverage__fuse_r0.3,train,fuse,1000,3,coverage,25,9,0.36,0.3,0
SCOPE_re_zh_instructIE_zh__cat_生物,K1000_seed4_random__fuse_r0.3,train,fuse,1000,4,random,25,9,0.36,0.3,0
SCOPE_re_zh_instructIE_zh__cat_生物,K1000_seed4_coverage__fuse_r0.3,train,fuse,1000,4,coverage,25,9,0.36,0.3,0
SCOPE_re_zh_instructIE_zh__cat_生物,K1000_seed5_random__fuse_r0.6,train,fuse,1000,5,random,25,9,0.36,0.6,0
SCOPE_re_zh_instructIE_zh__cat_生物,K1000_seed5_coverage__fuse_r0.3,train,fuse,1000,5,coverage,25,9,0.36,0.3,0
SCOPE_re_zh_instructIE_zh__cat_生物,K5000_seed1_random__fuse_r0.3,train,fuse,5000,1,random,25,9,0.36,0.3,0
SCOPE_re_zh_instructIE_zh__cat_生物,K5000_seed1_coverage__fuse_r0.6,train,fuse,5000,1,coverage,25,9,0.36,0.6,0
SCOPE_re_zh_instructIE_zh__cat_生物,K5000_seed2_random__fuse_r0.6,train,fuse,5000,2,random,25,9,0.36,0.6,0
SCOPE_re_zh_instructIE_zh__cat_生物,K5000_seed2_coverage__fuse_r0.6,train,fuse,5000,2,coverage,25,9,0.36,0.6,0
SCOPE_re_zh_instructIE_zh__cat_生物,K5000_seed3_random__fuse_r0.6,train,fuse,5000,3,random,25,9,0.36,0.6,0
SCOPE_re_zh_instructIE_zh__cat_生物,K5000_seed3_coverage__fuse_r0.3,train,fuse,5000,3,coverage,25,9,0.36,0.3,0
SCOPE_re_zh_instructIE_zh__cat_生物,K5000_seed4_random__fuse_r0.6,train,fuse,5000,4,random,25,9,0.36,0.6,0
SCOPE_re_zh_instructIE_zh__cat_生物,K5000_seed4_coverage__fuse_r0.3,train,fuse,5000,4,coverage,25,9,0.36,0.3,0
SCOPE_re_zh_instructIE_zh__cat_生物,K5000_seed5_random__fuse_r0.6,train,fuse,5000,5,random,25,9,0.36,0.6,0
SCOPE_re_zh_instructIE_zh__cat_生物,K5000_seed5_coverage__fuse_r0.3,train,fuse,5000,5,coverage,25,9,0.36,0.3,0
SCOPE_re_zh_duIE_zh__relShard_001,K200_seed1_random__fuse_r0.6,train,fuse,200,1,random,6,6,1.0,0.6,0
SCOPE_re_zh_duIE_zh__relShard_001,K200_seed1_coverage__fuse_r0.6,train,fuse,200,1,coverage,6,6,1.0,0.6,0
SCOPE_re_zh_duIE_zh__relShard_001,K200_seed2_random__fuse_r0.3,train,fuse,200,2,random,6,6,1.0,0.3,0
SCOPE_re_zh_duIE_zh__relShard_001,K200_seed2_coverage__fuse_r0.6,train,fuse,200,2,coverage,6,6,1.0,0.6,0
SCOPE_re_zh_duIE_zh__relShard_001,K200_seed3_random__fuse_r0.6,train,fuse,200,3,random,6,6,1.0,0.6,0
SCOPE_re_zh_duIE_zh__relShard_001,K200_seed3_coverage__fuse_r0.6,train,fuse,200,3,coverage,6,6,1.0,0.6,0
SCOPE_re_zh_duIE_zh__relShard_001,K200_seed4_random__fuse_r0.3,train,fuse,200,4,random,6,6,1.0,0.3,0
SCOPE_re_zh_duIE_zh__relShard_001,K200_seed4_coverage__fuse_r0.6,train,fuse,200,4,coverage,6,6,1.0,0.6,0
SCOPE_re_zh_duIE_zh__relShard_001,K200_seed5_random__fuse_r0.3,train,fuse,200,5,random,6,6,1.0,0.3,0
SCOPE_re_zh_duIE_zh__relShard_001,K200_seed5_coverage__fuse_r0.6,train,fuse,200,5,coverage,6,6,1.0,0.6,0
SCOPE_re_zh_duIE_zh__relShard_001,K1000_seed1_random__fuse_r0.3,train,fuse,1000,1,random,6,6,1.0,0.3,0
SCOPE_re_zh_duIE_zh__relShard_001,K1000_seed1_coverage__fuse_r0.6,train,fuse,1000,1,coverage,6,6,1.0,0.6,0
SCOPE_re_zh_duIE_zh__relShard_001,K1000_seed2_random__fuse_r0.6,train,fuse,1000,2,random,6,6,1.0,0.6,0
SCOPE_re_zh_duIE_zh__relShard_001,K1000_seed2_coverage__fuse_r0.3,train,fuse,1000,2,coverage,6,6,1.0,0.3,0
SCOPE_re_zh_duIE_zh__relShard_001,K1000_seed3_random__fuse_r0.6,train,fuse,1000,3,random,6,6,1.0,0.6,0
SCOPE_re_zh_duIE_zh__relShard_001,K1000_seed3_coverage__fuse_r0.6,train,fuse,1000,3,coverage,6,6,1.0,0.6,0
SCOPE_re_zh_duIE_zh__relShard_001,K1000_seed4_random__fuse_r0.6,train,fuse,1000,4,random,6,6,1.0,0.6,0
SCOPE_re_zh_duIE_zh__relShard_001,K1000_seed4_coverage__fuse_r0.6,train,fuse,1000,4,coverage,6,6,1.0,0.6,0
SCOPE_re_zh_duIE_zh__relShard_001,K1000_seed5_random__fuse_r0.3,train,fuse,1000,5,random,6,6,1.0,0.3,0
SCOPE_re_zh_duIE_zh__relShard_001,K1000_seed5_coverage__fuse_r0.3,train,fuse,1000,5,coverage,6,6,1.0,0.3,0
SCOPE_re_zh_duIE_zh__relShard_001,K5000_seed1_random__fuse_r0.6,train,fuse,5000,1,random,6,6,1.0,0.6,0
SCOPE_re_zh_duIE_zh__relShard_001,K5000_seed1_coverage__fuse_r0.6,train,fuse,5000,1,coverage,6,6,1.0,0.6,0
SCOPE_re_zh_duIE_zh__relShard_001,K5000_seed2_random__fuse_r0.3,train,fuse,5000,2,random,6,6,1.0,0.3,0
SCOPE_re_zh_duIE_zh__relShard_001,K5000_seed2_coverage__fuse_r0.3,train,fuse,5000,2,coverage,6,6,1.0,0.3,0
SCOPE_re_zh_duIE_zh__relShard_001,K5000_seed3_random__fuse_r0.6,train,fuse,5000,3,random,6,6,1.0,0.6,0
SCOPE_re_zh_duIE_zh__relShard_001,K5000_seed3_coverage__fuse_r0.3,train,fuse,5000,3,coverage,6,6,1.0,0.3,0
SCOPE_re_zh_duIE_zh__relShard_001,K5000_seed4_random__fuse_r0.3,train,fuse,5000,4,random,6,6,1.0,0.3,0
SCOPE_re_zh_duIE_zh__relShard_001,K5000_seed4_coverage__fuse_r0.3,train,fuse,5000,4,coverage,6,6,1.0,0.3,0
SCOPE_re_zh_duIE_zh__relShard_001,K5000_seed5_random__fuse_r0.3,train,fuse,5000,5,random,6,6,1.0,0.3,0
SCOPE_re_zh_duIE_zh__relShard_001,K5000_seed5_coverage__fuse_r0.6,train,fuse,5000,5,coverage,6,6,1.0,0.6,0
SCOPE_re_zh_duIE_zh__relShard_002,K200_seed1_random__fuse_r0.6,train,fuse,200,1,random,10,8,0.8,0.6,0
SCOPE_re_zh_duIE_zh__relShard_002,K200_seed1_coverage__fuse_r0.6,train,fuse,200,1,coverage,10,8,0.8,0.6,0
SCOPE_re_zh_duIE_zh__relShard_002,K200_seed2_random__fuse_r0.3,train,fuse,200,2,random,10,10,1.0,0.3,0
SCOPE_re_zh_duIE_zh__relShard_002,K200_seed2_coverage__fuse_r0.6,train,fuse,200,2,coverage,10,8,0.8,0.6,0
SCOPE_re_zh_duIE_zh__relShard_002,K200_seed3_random__fuse_r0.3,train,fuse,200,3,random,10,10,1.0,0.3,0
SCOPE_re_zh_duIE_zh__relShard_002,K200_seed3_coverage__fuse_r0.3,train,fuse,200,3,coverage,10,10,1.0,0.3,0
SCOPE_re_zh_duIE_zh__relShard_002,K200_seed4_random__fuse_r0.6,train,fuse,200,4,random,10,8,0.8,0.6,0
SCOPE_re_zh_duIE_zh__relShard_002,K200_seed4_coverage__fuse_r0.3,train,fuse,200,4,coverage,10,10,1.0,0.3,0
SCOPE_re_zh_duIE_zh__relShard_002,K200_seed5_random__fuse_r0.6,train,fuse,200,5,random,10,8,0.8,0.6,0
SCOPE_re_zh_duIE_zh__relShard_002,K200_seed5_coverage__fuse_r0.6,train,fuse,200,5,coverage,10,8,0.8,0.6,0
SCOPE_re_zh_duIE_zh__relShard_002,K1000_seed1_random__fuse_r0.3,train,fuse,1000,1,random,10,10,1.0,0.3,0
SCOPE_re_zh_duIE_zh__relShard_002,K1000_seed1_coverage__fuse_r0.6,train,fuse,1000,1,coverage,10,8,0.8,0.6,0
SCOPE_re_zh_duIE_zh__relShard_002,K1000_seed2_random__fuse_r0.6,train,fuse,1000,2,random,10,8,0.8,0.6,0
SCOPE_re_zh_duIE_zh__relShard_002,K1000_seed2_coverage__fuse_r0.3,train,fuse,1000,2,coverage,10,10,1.0,0.3,0
SCOPE_re_zh_duIE_zh__relShard_002,K1000_seed3_random__fuse_r0.3,train,fuse,1000,3,random,10,10,1.0,0.3,0
SCOPE_re_zh_duIE_zh__relShard_002,K1000_seed3_coverage__fuse_r0.6,train,fuse,1000,3,coverage,10,8,0.8,0.6,0
SCOPE_re_zh_duIE_zh__relShard_002,K1000_seed4_random__fuse_r0.3,train,fuse,1000,4,random,10,10,1.0,0.3,0
SCOPE_re_zh_duIE_zh__relShard_002,K1000_seed4_coverage__fuse_r0.6,train,fuse,1000,4,coverage,10,8,0.8,0.6,0
SCOPE_re_zh_duIE_zh__relShard_002,K1000_seed5_random__fuse_r0.3,train,fuse,1000,5,random,10,10,1.0,0.3,0
SCOPE_re_zh_duIE_zh__relShard_002,K1000_seed5_coverage__fuse_r0.6,train,fuse,1000,5,coverage,10,8,0.8,0.6,0
SCOPE_re_zh_duIE_zh__relShard_002,K5000_seed1_random__fuse_r0.3,train,fuse,5000,1,random,10,10,1.0,0.3,0
SCOPE_re_zh_duIE_zh__relShard_002,K5000_seed1_coverage__fuse_r0.6,train,fuse,5000,1,coverage,10,8,0.8,0.6,0
SCOPE_re_zh_duIE_zh__relShard_002,K5000_seed2_random__fuse_r0.3,train,fuse,5000,2,random,10,10,1.0,0.3,0
SCOPE_re_zh_duIE_zh__relShard_002,K5000_seed2_coverage__fuse_r0.3,train,fuse,5000,2,coverage,10,10,1.0,0.3,0
SCOPE_re_zh_duIE_zh__relShard_002,K5000_seed3_random__fuse_r0.6,train,fuse,5000,3,random,10,8,0.8,0.6,0
SCOPE_re_zh_duIE_zh__relShard_002,K5000_seed3_coverage__fuse_r0.6,train,fuse,5000,3,coverage,10,8,0.8,0.6,0
SCOPE_re_zh_duIE_zh__relShard_002,K5000_seed4_random__fuse_r0.3,train,fuse,5000,4,random,10,10,1.0,0.3,0
SCOPE_re_zh_duIE_zh__relShard_002,K5000_seed4_coverage__fuse_r0.6,train,fuse,5000,4,coverage,10,8,0.8,0.6,0
SCOPE_re_zh_duIE_zh__relShard_002,K5000_seed5_random__fuse_r0.6,train,fuse,5000,5,random,10,8,0.8,0.6,0
SCOPE_re_zh_duIE_zh__relShard_002,K5000_seed5_coverage__fuse_r0.6,train,fuse,5000,5,coverage,10,8,0.8,0.6,0
SCOPE_re_zh_duIE_zh__relShard_003,K200_seed1_random__fuse_r0.3,train,fuse,200,1,random,9,9,1.0,0.3,0
SCOPE_re_zh_duIE_zh__relShard_003,K200_seed1_coverage__fuse_r0.6,train,fuse,200,1,coverage,9,8,0.8888888888888888,0.6,0
SCOPE_re_zh_duIE_zh__relShard_003,K200_seed2_random__fuse_r0.6,train,fuse,200,2,random,9,8,0.8888888888888888,0.6,0
SCOPE_re_zh_duIE_zh__relShard_003,K200_seed2_coverage__fuse_r0.6,train,fuse,200,2,coverage,9,8,0.8888888888888888,0.6,0
SCOPE_re_zh_duIE_zh__relShard_003,K200_seed3_random__fuse_r0.6,train,fuse,200,3,random,9,8,0.8888888888888888,0.6,0
SCOPE_re_zh_duIE_zh__relShard_003,K200_seed3_coverage__fuse_r0.3,train,fuse,200,3,coverage,9,9,1.0,0.3,0
SCOPE_re_zh_duIE_zh__relShard_003,K200_seed4_random__fuse_r0.3,train,fuse,200,4,random,9,9,1.0,0.3,0
SCOPE_re_zh_duIE_zh__relShard_003,K200_seed4_coverage__fuse_r0.6,train,fuse,200,4,coverage,9,8,0.8888888888888888,0.6,0
SCOPE_re_zh_duIE_zh__relShard_003,K200_seed5_random__fuse_r0.3,train,fuse,200,5,random,9,9,1.0,0.3,0
SCOPE_re_zh_duIE_zh__relShard_003,K200_seed5_coverage__fuse_r0.3,train,fuse,200,5,coverage,9,9,1.0,0.3,0
SCOPE_re_zh_duIE_zh__relShard_003,K1000_seed1_random__fuse_r0.3,train,fuse,1000,1,random,9,9,1.0,0.3,0
SCOPE_re_zh_duIE_zh__relShard_003,K1000_seed1_coverage__fuse_r0.3,train,fuse,1000,1,coverage,9,9,1.0,0.3,0
SCOPE_re_zh_duIE_zh__relShard_003,K1000_seed2_random__fuse_r0.6,train,fuse,1000,2,random,9,8,0.8888888888888888,0.6,0
SCOPE_re_zh_duIE_zh__relShard_003,K1000_seed2_coverage__fuse_r0.6,train,fuse,1000,2,coverage,9,8,0.8888888888888888,0.6,0
SCOPE_re_zh_duIE_zh__relShard_003,K1000_seed3_random__fuse_r0.3,train,fuse,1000,3,random,9,9,1.0,0.3,0
SCOPE_re_zh_duIE_zh__relShard_003,K1000_seed3_coverage__fuse_r0.3,train,fuse,1000,3,coverage,9,9,1.0,0.3,0
SCOPE_re_zh_duIE_zh__relShard_003,K1000_seed4_random__fuse_r0.6,train,fuse,1000,4,random,9,8,0.8888888888888888,0.6,0
SCOPE_re_zh_duIE_zh__relShard_003,K1000_seed4_coverage__fuse_r0.3,train,fuse,1000,4,coverage,9,9,1.0,0.3,0
SCOPE_re_zh_duIE_zh__relShard_003,K1000_seed5_random__fuse_r0.3,train,fuse,1000,5,random,9,9,1.0,0.3,0
SCOPE_re_zh_duIE_zh__relShard_003,K1000_seed5_coverage__fuse_r0.3,train,fuse,1000,5,coverage,9,9,1.0,0.3,0
SCOPE_re_zh_duIE_zh__relShard_003,K5000_seed1_random__fuse_r0.3,train,fuse,5000,1,random,9,9,1.0,0.3,0
SCOPE_re_zh_duIE_zh__relShard_003,K5000_seed1_coverage__fuse_r0.3,train,fuse,5000,1,coverage,9,9,1.0,0.3,0
SCOPE_re_zh_duIE_zh__relShard_003,K5000_seed2_random__fuse_r0.3,train,fuse,5000,2,random,9,9,1.0,0.3,0
SCOPE_re_zh_duIE_zh__relShard_003,K5000_seed2_coverage__fuse_r0.3,train,fuse,5000,2,coverage,9,9,1.0,0.3,0
SCOPE_re_zh_duIE_zh__relShard_003,K5000_seed3_random__fuse_r0.6,train,fuse,5000,3,random,9,8,0.8888888888888888,0.6,0
SCOPE_re_zh_duIE_zh__relShard_003,K5000_seed3_coverage__fuse_r0.3,train,fuse,5000,3,coverage,9,9,1.0,0.3,0
SCOPE_re_zh_duIE_zh__relShard_003,K5000_seed4_random__fuse_r0.6,train,fuse,5000,4,random,9,8,0.8888888888888888,0.6,0
SCOPE_re_zh_duIE_zh__relShard_003,K5000_seed4_coverage__fuse_r0.6,train,fuse,5000,4,coverage,9,8,0.8888888888888888,0.6,0
SCOPE_re_zh_duIE_zh__relShard_003,K5000_seed5_random__fuse_r0.6,train,fuse,5000,5,random,9,8,0.8888888888888888,0.6,0
SCOPE_re_zh_duIE_zh__relShard_003,K5000_seed5_coverage__fuse_r0.6,train,fuse,5000,5,coverage,9,8,0.8888888888888888,0.6,0
SCOPE_re_zh_duIE_zh__relShard_004,K200_seed1_random__fuse_r0.3,train,fuse,200,1,random,9,9,1.0,0.3,0
SCOPE_re_zh_duIE_zh__relShard_004,K200_seed1_coverage__fuse_r0.6,train,fuse,200,1,coverage,9,8,0.8888888888888888,0.6,0
SCOPE_re_zh_duIE_zh__relShard_004,K200_seed2_random__fuse_r0.3,train,fuse,200,2,random,9,8,0.8888888888888888,0.3,0
SCOPE_re_zh_duIE_zh__relShard_004,K200_seed2_coverage__fuse_r0.3,train,fuse,200,2,coverage,9,9,1.0,0.3,0
SCOPE_re_zh_duIE_zh__relShard_004,K200_seed3_random__fuse_r0.3,train,fuse,200,3,random,9,9,1.0,0.3,0
SCOPE_re_zh_duIE_zh__relShard_004,K200_seed3_coverage__fuse_r0.3,train,fuse,200,3,coverage,9,9,1.0,0.3,0
SCOPE_re_zh_duIE_zh__relShard_004,K200_seed4_random__fuse_r0.3,train,fuse,200,4,random,9,9,1.0,0.3,0
SCOPE_re_zh_duIE_zh__relShard_004,K200_seed4_coverage__fuse_r0.3,train,fuse,200,4,coverage,9,9,1.0,0.3,0
SCOPE_re_zh_duIE_zh__relShard_004,K200_seed5_random__fuse_r0.3,train,fuse,200,5,random,9,8,0.8888888888888888,0.3,0
SCOPE_re_zh_duIE_zh__relShard_004,K200_seed5_coverage__fuse_r0.6,train,fuse,200,5,coverage,9,8,0.8888888888888888,0.6,0
SCOPE_re_zh_duIE_zh__relShard_004,K1000_seed1_random__fuse_r0.6,train,fuse,1000,1,random,9,8,0.8888888888888888,0.6,0
SCOPE_re_zh_duIE_zh__relShard_004,K1000_seed1_coverage__fuse_r0.3,train,fuse,1000,1,coverage,9,9,1.0,0.3,0
SCOPE_re_zh_duIE_zh__relShard_004,K1000_seed2_random__fuse_r0.3,train,fuse,1000,2,random,9,9,1.0,0.3,0
SCOPE_re_zh_duIE_zh__relShard_004,K1000_seed2_coverage__fuse_r0.6,train,fuse,1000,2,coverage,9,8,0.8888888888888888,0.6,0
SCOPE_re_zh_duIE_zh__relShard_004,K1000_seed3_random__fuse_r0.3,train,fuse,1000,3,random,9,9,1.0,0.3,0
SCOPE_re_zh_duIE_zh__relShard_004,K1000_seed3_coverage__fuse_r0.3,train,fuse,1000,3,coverage,9,9,1.0,0.3,0
SCOPE_re_zh_duIE_zh__relShard_004,K1000_seed4_random__fuse_r0.3,train,fuse,1000,4,random,9,9,1.0,0.3,0
SCOPE_re_zh_duIE_zh__relShard_004,K1000_seed4_coverage__fuse_r0.6,train,fuse,1000,4,coverage,9,8,0.8888888888888888,0.6,0
SCOPE_re_zh_duIE_zh__relShard_004,K1000_seed5_random__fuse_r0.3,train,fuse,1000,5,random,9,9,1.0,0.3,0
SCOPE_re_zh_duIE_zh__relShard_004,K1000_seed5_coverage__fuse_r0.6,train,fuse,1000,5,coverage,9,8,0.8888888888888888,0.6,0
SCOPE_re_zh_duIE_zh__relShard_004,K5000_seed1_random__fuse_r0.6,train,fuse,5000,1,random,9,8,0.8888888888888888,0.6,0
SCOPE_re_zh_duIE_zh__relShard_004,K5000_seed1_coverage__fuse_r0.3,train,fuse,5000,1,coverage,9,9,1.0,0.3,0
SCOPE_re_zh_duIE_zh__relShard_004,K5000_seed2_random__fuse_r0.3,train,fuse,5000,2,random,9,9,1.0,0.3,0
SCOPE_re_zh_duIE_zh__relShard_004,K5000_seed2_coverage__fuse_r0.6,train,fuse,5000,2,coverage,9,8,0.8888888888888888,0.6,0
SCOPE_re_zh_duIE_zh__relShard_004,K5000_seed3_random__fuse_r0.6,train,fuse,5000,3,random,9,8,0.8888888888888888,0.6,0
SCOPE_re_zh_duIE_zh__relShard_004,K5000_seed3_coverage__fuse_r0.6,train,fuse,5000,3,coverage,9,8,0.8888888888888888,0.6,0
SCOPE_re_zh_duIE_zh__relShard_004,K5000_seed4_random__fuse_r0.6,train,fuse,5000,4,random,9,8,0.8888888888888888,0.6,0
SCOPE_re_zh_duIE_zh__relShard_004,K5000_seed4_coverage__fuse_r0.6,train,fuse,5000,4,coverage,9,8,0.8888888888888888,0.6,0
SCOPE_re_zh_duIE_zh__relShard_004,K5000_seed5_random__fuse_r0.6,train,fuse,5000,5,random,9,8,0.8888888888888888,0.6,0
SCOPE_re_zh_duIE_zh__relShard_004,K5000_seed5_coverage__fuse_r0.6,train,fuse,5000,5,coverage,9,8,0.8888888888888888,0.6,0
SCOPE_re_zh_duIE_zh__relShard_005,K200_seed1_random__fuse_r0.3,train,fuse,200,1,random,7,7,1.0,0.3,0
SCOPE_re_zh_duIE_zh__relShard_005,K200_seed1_coverage__fuse_r0.6,train,fuse,200,1,coverage,7,7,1.0,0.6,0
SCOPE_re_zh_duIE_zh__relShard_005,K200_seed2_random__fuse_r0.6,train,fuse,200,2,random,7,7,1.0,0.6,0
SCOPE_re_zh_duIE_zh__relShard_005,K200_seed2_coverage__fuse_r0.3,train,fuse,200,2,coverage,7,7,1.0,0.3,0
SCOPE_re_zh_duIE_zh__relShard_005,K200_seed3_random__fuse_r0.3,train,fuse,200,3,random,7,7,1.0,0.3,0
SCOPE_re_zh_duIE_zh__relShard_005,K200_seed3_coverage__fuse_r0.6,train,fuse,200,3,coverage,7,7,1.0,0.6,0
SCOPE_re_zh_duIE_zh__relShard_005,K200_seed4_random__fuse_r0.3,train,fuse,200,4,random,7,7,1.0,0.3,0
SCOPE_re_zh_duIE_zh__relShard_005,K200_seed4_coverage__fuse_r0.3,train,fuse,200,4,coverage,7,7,1.0,0.3,0
SCOPE_re_zh_duIE_zh__relShard_005,K200_seed5_random__fuse_r0.3,train,fuse,200,5,random,7,7,1.0,0.3,0
SCOPE_re_zh_duIE_zh__relShard_005,K200_seed5_coverage__fuse_r0.3,train,fuse,200,5,coverage,7,7,1.0,0.3,0
SCOPE_re_zh_duIE_zh__relShard_005,K1000_seed1_random__fuse_r0.6,train,fuse,1000,1,random,7,7,1.0,0.6,0
SCOPE_re_zh_duIE_zh__relShard_005,K1000_seed1_coverage__fuse_r0.6,train,fuse,1000,1,coverage,7,7,1.0,0.6,0
SCOPE_re_zh_duIE_zh__relShard_005,K1000_seed2_random__fuse_r0.6,train,fuse,1000,2,random,7,7,1.0,0.6,0
SCOPE_re_zh_duIE_zh__relShard_005,K1000_seed2_coverage__fuse_r0.6,train,fuse,1000,2,coverage,7,7,1.0,0.6,0
SCOPE_re_zh_duIE_zh__relShard_005,K1000_seed3_random__fuse_r0.6,train,fuse,1000,3,random,7,7,1.0,0.6,0
SCOPE_re_zh_duIE_zh__relShard_005,K1000_seed3_coverage__fuse_r0.6,train,fuse,1000,3,coverage,7,7,1.0,0.6,0
SCOPE_re_zh_duIE_zh__relShard_005,K1000_seed4_random__fuse_r0.3,train,fuse,1000,4,random,7,7,1.0,0.3,0
SCOPE_re_zh_duIE_zh__relShard_005,K1000_seed4_coverage__fuse_r0.3,train,fuse,1000,4,coverage,7,7,1.0,0.3,0
SCOPE_re_zh_duIE_zh__relShard_005,K1000_seed5_random__fuse_r0.6,train,fuse,1000,5,random,7,7,1.0,0.6,0
SCOPE_re_zh_duIE_zh__relShard_005,K1000_seed5_coverage__fuse_r0.6,train,fuse,1000,5,coverage,7,7,1.0,0.6,0
SCOPE_re_zh_duIE_zh__relShard_005,K5000_seed1_random__fuse_r0.3,train,fuse,5000,1,random,7,7,1.0,0.3,0
SCOPE_re_zh_duIE_zh__relShard_005,K5000_seed1_coverage__fuse_r0.3,train,fuse,5000,1,coverage,7,7,1.0,0.3,0
SCOPE_re_zh_duIE_zh__relShard_005,K5000_seed2_random__fuse_r0.6,train,fuse,5000,2,random,7,7,1.0,0.6,0
SCOPE_re_zh_duIE_zh__relShard_005,K5000_seed2_coverage__fuse_r0.3,train,fuse,5000,2,coverage,7,7,1.0,0.3,0
SCOPE_re_zh_duIE_zh__relShard_005,K5000_seed3_random__fuse_r0.6,train,fuse,5000,3,random,7,7,1.0,0.6,0
SCOPE_re_zh_duIE_zh__relShard_005,K5000_seed3_coverage__fuse_r0.3,train,fuse,5000,3,coverage,7,7,1.0,0.3,0
SCOPE_re_zh_duIE_zh__relShard_005,K5000_seed4_random__fuse_r0.3,train,fuse,5000,4,random,7,7,1.0,0.3,0
SCOPE_re_zh_duIE_zh__relShard_005,K5000_seed4_coverage__fuse_r0.6,train,fuse,5000,4,coverage,7,7,1.0,0.6,0
SCOPE_re_zh_duIE_zh__relShard_005,K5000_seed5_random__fuse_r0.3,train,fuse,5000,5,random,7,7,1.0,0.3,0
SCOPE_re_zh_duIE_zh__relShard_005,K5000_seed5_coverage__fuse_r0.3,train,fuse,5000,5,coverage,7,7,1.0,0.3,0
SCOPE_re_zh_duIE_zh__relShard_006,K200_seed1_random__fuse_r0.3,train,fuse,200,1,random,10,9,0.9,0.3,0
SCOPE_re_zh_duIE_zh__relShard_006,K200_seed1_coverage__fuse_r0.3,train,fuse,200,1,coverage,10,9,0.9,0.3,0
SCOPE_re_zh_duIE_zh__relShard_006,K200_seed2_random__fuse_r0.6,train,fuse,200,2,random,10,8,0.8,0.6,0
SCOPE_re_zh_duIE_zh__relShard_006,K200_seed2_coverage__fuse_r0.6,train,fuse,200,2,coverage,10,8,0.8,0.6,0
SCOPE_re_zh_duIE_zh__relShard_006,K200_seed3_random__fuse_r0.3,train,fuse,200,3,random,10,9,0.9,0.3,0
SCOPE_re_zh_duIE_zh__relShard_006,K200_seed3_coverage__fuse_r0.3,train,fuse,200,3,coverage,10,9,0.9,0.3,0
SCOPE_re_zh_duIE_zh__relShard_006,K200_seed4_random__fuse_r0.6,train,fuse,200,4,random,10,8,0.8,0.6,0
SCOPE_re_zh_duIE_zh__relShard_006,K200_seed4_coverage__fuse_r0.6,train,fuse,200,4,coverage,10,8,0.8,0.6,0
SCOPE_re_zh_duIE_zh__relShard_006,K200_seed5_random__fuse_r0.6,train,fuse,200,5,random,10,8,0.8,0.6,0
SCOPE_re_zh_duIE_zh__relShard_006,K200_seed5_coverage__fuse_r0.3,train,fuse,200,5,coverage,10,9,0.9,0.3,0
SCOPE_re_zh_duIE_zh__relShard_006,K1000_seed1_random__fuse_r0.3,train,fuse,1000,1,random,10,9,0.9,0.3,0
SCOPE_re_zh_duIE_zh__relShard_006,K1000_seed1_coverage__fuse_r0.6,train,fuse,1000,1,coverage,10,8,0.8,0.6,0
SCOPE_re_zh_duIE_zh__relShard_006,K1000_seed2_random__fuse_r0.3,train,fuse,1000,2,random,10,9,0.9,0.3,0
SCOPE_re_zh_duIE_zh__relShard_006,K1000_seed2_coverage__fuse_r0.3,train,fuse,1000,2,coverage,10,9,0.9,0.3,0
SCOPE_re_zh_duIE_zh__relShard_006,K1000_seed3_random__fuse_r0.3,train,fuse,1000,3,random,10,9,0.9,0.3,0
SCOPE_re_zh_duIE_zh__relShard_006,K1000_seed3_coverage__fuse_r0.6,train,fuse,1000,3,coverage,10,8,0.8,0.6,0
SCOPE_re_zh_duIE_zh__relShard_006,K1000_seed4_random__fuse_r0.6,train,fuse,1000,4,random,10,8,0.8,0.6,0
SCOPE_re_zh_duIE_zh__relShard_006,K1000_seed4_coverage__fuse_r0.6,train,fuse,1000,4,coverage,10,8,0.8,0.6,0
SCOPE_re_zh_duIE_zh__relShard_006,K1000_seed5_random__fuse_r0.3,train,fuse,1000,5,random,10,9,0.9,0.3,0
SCOPE_re_zh_duIE_zh__relShard_006,K1000_seed5_coverage__fuse_r0.3,train,fuse,1000,5,coverage,10,9,0.9,0.3,0
SCOPE_re_zh_duIE_zh__relShard_006,K5000_seed1_random__fuse_r0.3,train,fuse,5000,1,random,10,9,0.9,0.3,0
SCOPE_re_zh_duIE_zh__relShard_006,K5000_seed1_coverage__fuse_r0.6,train,fuse,5000,1,coverage,10,8,0.8,0.6,0
SCOPE_re_zh_duIE_zh__relShard_006,K5000_seed2_random__fuse_r0.3,train,fuse,5000,2,random,10,9,0.9,0.3,0
SCOPE_re_zh_duIE_zh__relShard_006,K5000_seed2_coverage__fuse_r0.6,train,fuse,5000,2,coverage,10,8,0.8,0.6,0
SCOPE_re_zh_duIE_zh__relShard_006,K5000_seed3_random__fuse_r0.6,train,fuse,5000,3,random,10,8,0.8,0.6,0
SCOPE_re_zh_duIE_zh__relShard_006,K5000_seed3_coverage__fuse_r0.3,train,fuse,5000,3,coverage,10,9,0.9,0.3,0
SCOPE_re_zh_duIE_zh__relShard_006,K5000_seed4_random__fuse_r0.3,train,fuse,5000,4,random,10,9,0.9,0.3,0
SCOPE_re_zh_duIE_zh__relShard_006,K5000_seed4_coverage__fuse_r0.3,train,fuse,5000,4,coverage,10,9,0.9,0.3,0
SCOPE_re_zh_duIE_zh__relShard_006,K5000_seed5_random__fuse_r0.3,train,fuse,5000,5,random,10,9,0.9,0.3,0
SCOPE_re_zh_duIE_zh__relShard_006,K5000_seed5_coverage__fuse_r0.6,train,fuse,5000,5,coverage,10,8,0.8,0.6,0
SCOPE_re_zh_CMeIE__relShard_001,K200_seed1_random__fuse_r0.6,train,fuse,200,1,random,7,7,1.0,0.6,0
SCOPE_re_zh_CMeIE__relShard_001,K200_seed1_coverage__fuse_r0.3,train,fuse,200,1,coverage,7,7,1.0,0.3,0
SCOPE_re_zh_CMeIE__relShard_001,K200_seed2_random__fuse_r0.3,train,fuse,200,2,random,7,7,1.0,0.3,0
SCOPE_re_zh_CMeIE__relShard_001,K200_seed2_coverage__fuse_r0.3,train,fuse,200,2,coverage,7,7,1.0,0.3,0
SCOPE_re_zh_CMeIE__relShard_001,K200_seed3_random__fuse_r0.3,train,fuse,200,3,random,7,7,1.0,0.3,0
SCOPE_re_zh_CMeIE__relShard_001,K200_seed3_coverage__fuse_r0.3,train,fuse,200,3,coverage,7,7,1.0,0.3,0
SCOPE_re_zh_CMeIE__relShard_001,K200_seed4_random__fuse_r0.3,train,fuse,200,4,random,7,6,0.8571428571428571,0.3,0
SCOPE_re_zh_CMeIE__relShard_001,K200_seed4_coverage__fuse_r0.3,train,fuse,200,4,coverage,7,7,1.0,0.3,0
SCOPE_re_zh_CMeIE__relShard_001,K200_seed5_random__fuse_r0.6,train,fuse,200,5,random,7,7,1.0,0.6,0
SCOPE_re_zh_CMeIE__relShard_001,K200_seed5_coverage__fuse_r0.3,train,fuse,200,5,coverage,7,7,1.0,0.3,0
SCOPE_re_zh_CMeIE__relShard_001,K1000_seed1_random__fuse_r0.3,train,fuse,1000,1,random,7,7,1.0,0.3,0
SCOPE_re_zh_CMeIE__relShard_001,K1000_seed1_coverage__fuse_r0.6,train,fuse,1000,1,coverage,7,7,1.0,0.6,0
SCOPE_re_zh_CMeIE__relShard_001,K1000_seed2_random__fuse_r0.6,train,fuse,1000,2,random,7,7,1.0,0.6,0
SCOPE_re_zh_CMeIE__relShard_001,K1000_seed2_coverage__fuse_r0.6,train,fuse,1000,2,coverage,7,7,1.0,0.6,0
SCOPE_re_zh_CMeIE__relShard_001,K1000_seed3_random__fuse_r0.6,train,fuse,1000,3,random,7,7,1.0,0.6,0
SCOPE_re_zh_CMeIE__relShard_001,K1000_seed3_coverage__fuse_r0.3,train,fuse,1000,3,coverage,7,7,1.0,0.3,0
SCOPE_re_zh_CMeIE__relShard_001,K1000_seed4_random__fuse_r0.3,train,fuse,1000,4,random,7,7,1.0,0.3,0
SCOPE_re_zh_CMeIE__relShard_001,K1000_seed4_coverage__fuse_r0.6,train,fuse,1000,4,coverage,7,7,1.0,0.6,0
SCOPE_re_zh_CMeIE__relShard_001,K1000_seed5_random__fuse_r0.3,train,fuse,1000,5,random,7,7,1.0,0.3,0
SCOPE_re_zh_CMeIE__relShard_001,K1000_seed5_coverage__fuse_r0.6,train,fuse,1000,5,coverage,7,7,1.0,0.6,0
SCOPE_re_zh_CMeIE__relShard_001,K5000_seed1_random__fuse_r0.3,train,fuse,5000,1,random,7,7,1.0,0.3,0
SCOPE_re_zh_CMeIE__relShard_001,K5000_seed1_coverage__fuse_r0.6,train,fuse,5000,1,coverage,7,7,1.0,0.6,0
SCOPE_re_zh_CMeIE__relShard_001,K5000_seed2_random__fuse_r0.6,train,fuse,5000,2,random,7,7,1.0,0.6,0
SCOPE_re_zh_CMeIE__relShard_001,K5000_seed2_coverage__fuse_r0.3,train,fuse,5000,2,coverage,7,7,1.0,0.3,0
SCOPE_re_zh_CMeIE__relShard_001,K5000_seed3_random__fuse_r0.6,train,fuse,5000,3,random,7,7,1.0,0.6,0
SCOPE_re_zh_CMeIE__relShard_001,K5000_seed3_coverage__fuse_r0.6,train,fuse,5000,3,coverage,7,7,1.0,0.6,0
SCOPE_re_zh_CMeIE__relShard_001,K5000_seed4_random__fuse_r0.3,train,fuse,5000,4,random,7,7,1.0,0.3,0
SCOPE_re_zh_CMeIE__relShard_001,K5000_seed4_coverage__fuse_r0.3,train,fuse,5000,4,coverage,7,7,1.0,0.3,0
SCOPE_re_zh_CMeIE__relShard_001,K5000_seed5_random__fuse_r0.3,train,fuse,5000,5,random,7,7,1.0,0.3,0
SCOPE_re_zh_CMeIE__relShard_001,K5000_seed5_coverage__fuse_r0.3,train,fuse,5000,5,coverage,7,7,1.0,0.3,0
SCOPE_re_zh_CMeIE__relShard_002,K200_seed1_random__fuse_r0.3,train,fuse,200,1,random,8,8,1.0,0.3,0
SCOPE_re_zh_CMeIE__relShard_002,K200_seed1_coverage__fuse_r0.3,train,fuse,200,1,coverage,8,8,1.0,0.3,0
SCOPE_re_zh_CMeIE__relShard_002,K200_seed2_random__fuse_r0.3,train,fuse,200,2,random,8,8,1.0,0.3,0
SCOPE_re_zh_CMeIE__relShard_002,K200_seed2_coverage__fuse_r0.6,train,fuse,200,2,coverage,8,8,1.0,0.6,0
SCOPE_re_zh_CMeIE__relShard_002,K200_seed3_random__fuse_r0.6,train,fuse,200,3,random,8,8,1.0,0.6,0
SCOPE_re_zh_CMeIE__relShard_002,K200_seed3_coverage__fuse_r0.3,train,fuse,200,3,coverage,8,8,1.0,0.3,0
SCOPE_re_zh_CMeIE__relShard_002,K200_seed4_random__fuse_r0.6,train,fuse,200,4,random,8,8,1.0,0.6,0
SCOPE_re_zh_CMeIE__relShard_002,K200_seed4_coverage__fuse_r0.6,train,fuse,200,4,coverage,8,8,1.0,0.6,0
SCOPE_re_zh_CMeIE__relShard_002,K200_seed5_random__fuse_r0.6,train,fuse,200,5,random,8,8,1.0,0.6,0
SCOPE_re_zh_CMeIE__relShard_002,K200_seed5_coverage__fuse_r0.6,train,fuse,200,5,coverage,8,8,1.0,0.6,0
SCOPE_re_zh_CMeIE__relShard_002,K1000_seed1_random__fuse_r0.3,train,fuse,1000,1,random,8,8,1.0,0.3,0
SCOPE_re_zh_CMeIE__relShard_002,K1000_seed1_coverage__fuse_r0.6,train,fuse,1000,1,coverage,8,8,1.0,0.6,0
SCOPE_re_zh_CMeIE__relShard_002,K1000_seed2_random__fuse_r0.6,train,fuse,1000,2,random,8,8,1.0,0.6,0
SCOPE_re_zh_CMeIE__relShard_002,K1000_seed2_coverage__fuse_r0.6,train,fuse,1000,2,coverage,8,8,1.0,0.6,0
SCOPE_re_zh_CMeIE__relShard_002,K1000_seed3_random__fuse_r0.6,train,fuse,1000,3,random,8,8,1.0,0.6,0
SCOPE_re_zh_CMeIE__relShard_002,K1000_seed3_coverage__fuse_r0.3,train,fuse,1000,3,coverage,8,8,1.0,0.3,0
SCOPE_re_zh_CMeIE__relShard_002,K1000_seed4_random__fuse_r0.3,train,fuse,1000,4,random,8,8,1.0,0.3,0
SCOPE_re_zh_CMeIE__relShard_002,K1000_seed4_coverage__fuse_r0.6,train,fuse,1000,4,coverage,8,8,1.0,0.6,0
SCOPE_re_zh_CMeIE__relShard_002,K1000_seed5_random__fuse_r0.3,train,fuse,1000,5,random,8,8,1.0,0.3,0
SCOPE_re_zh_CMeIE__relShard_002,K1000_seed5_coverage__fuse_r0.3,train,fuse,1000,5,coverage,8,8,1.0,0.3,0
SCOPE_re_zh_CMeIE__relShard_002,K5000_seed1_random__fuse_r0.6,train,fuse,5000,1,random,8,8,1.0,0.6,0
SCOPE_re_zh_CMeIE__relShard_002,K5000_seed1_coverage__fuse_r0.3,train,fuse,5000,1,coverage,8,8,1.0,0.3,0
SCOPE_re_zh_CMeIE__relShard_002,K5000_seed2_random__fuse_r0.3,train,fuse,5000,2,random,8,8,1.0,0.3,0
SCOPE_re_zh_CMeIE__relShard_002,K5000_seed2_coverage__fuse_r0.6,train,fuse,5000,2,coverage,8,8,1.0,0.6,0
SCOPE_re_zh_CMeIE__relShard_002,K5000_seed3_random__fuse_r0.6,train,fuse,5000,3,random,8,8,1.0,0.6,0
SCOPE_re_zh_CMeIE__relShard_002,K5000_seed3_coverage__fuse_r0.3,train,fuse,5000,3,coverage,8,8,1.0,0.3,0
SCOPE_re_zh_CMeIE__relShard_002,K5000_seed4_random__fuse_r0.3,train,fuse,5000,4,random,8,8,1.0,0.3,0
SCOPE_re_zh_CMeIE__relShard_002,K5000_seed4_coverage__fuse_r0.3,train,fuse,5000,4,coverage,8,8,1.0,0.3,0
SCOPE_re_zh_CMeIE__relShard_002,K5000_seed5_random__fuse_r0.6,train,fuse,5000,5,random,8,8,1.0,0.6,0
SCOPE_re_zh_CMeIE__relShard_002,K5000_seed5_coverage__fuse_r0.3,train,fuse,5000,5,coverage,8,8,1.0,0.3,0
SCOPE_re_zh_CMeIE__relShard_003,K200_seed1_random__fuse_r0.3,train,fuse,200,1,random,17,11,0.6470588235294118,0.3,0
SCOPE_re_zh_CMeIE__relShard_003,K200_seed1_coverage__fuse_r0.3,train,fuse,200,1,coverage,17,14,0.8235294117647058,0.3,0
SCOPE_re_zh_CMeIE__relShard_003,K200_seed2_random__fuse_r0.6,train,fuse,200,2,random,17,10,0.5882352941176471,0.6,0
SCOPE_re_zh_CMeIE__relShard_003,K200_seed2_coverage__fuse_r0.3,train,fuse,200,2,coverage,17,14,0.8235294117647058,0.3,0
SCOPE_re_zh_CMeIE__relShard_003,K200_seed3_random__fuse_r0.6,train,fuse,200,3,random,17,9,0.5294117647058824,0.6,0
SCOPE_re_zh_CMeIE__relShard_003,K200_seed3_coverage__fuse_r0.3,train,fuse,200,3,coverage,17,14,0.8235294117647058,0.3,0
SCOPE_re_zh_CMeIE__relShard_003,K200_seed4_random__fuse_r0.6,train,fuse,200,4,random,17,10,0.5882352941176471,0.6,0
SCOPE_re_zh_CMeIE__relShard_003,K200_seed4_coverage__fuse_r0.6,train,fuse,200,4,coverage,17,11,0.6470588235294118,0.6,0
SCOPE_re_zh_CMeIE__relShard_003,K200_seed5_random__fuse_r0.3,train,fuse,200,5,random,17,12,0.7058823529411765,0.3,0
SCOPE_re_zh_CMeIE__relShard_003,K200_seed5_coverage__fuse_r0.6,train,fuse,200,5,coverage,17,11,0.6470588235294118,0.6,0
SCOPE_re_zh_CMeIE__relShard_003,K1000_seed1_random__fuse_r0.6,train,fuse,1000,1,random,17,11,0.6470588235294118,0.6,0
SCOPE_re_zh_CMeIE__relShard_003,K1000_seed1_coverage__fuse_r0.6,train,fuse,1000,1,coverage,17,11,0.6470588235294118,0.6,0
SCOPE_re_zh_CMeIE__relShard_003,K1000_seed2_random__fuse_r0.3,train,fuse,1000,2,random,17,13,0.7647058823529411,0.3,0
SCOPE_re_zh_CMeIE__relShard_003,K1000_seed2_coverage__fuse_r0.3,train,fuse,1000,2,coverage,17,14,0.8235294117647058,0.3,0
SCOPE_re_zh_CMeIE__relShard_003,K1000_seed3_random__fuse_r0.6,train,fuse,1000,3,random,17,10,0.5882352941176471,0.6,0
SCOPE_re_zh_CMeIE__relShard_003,K1000_seed3_coverage__fuse_r0.3,train,fuse,1000,3,coverage,17,14,0.8235294117647058,0.3,0
SCOPE_re_zh_CMeIE__relShard_003,K1000_seed4_random__fuse_r0.3,train,fuse,1000,4,random,17,14,0.8235294117647058,0.3,0
SCOPE_re_zh_CMeIE__relShard_003,K1000_seed4_coverage__fuse_r0.6,train,fuse,1000,4,coverage,17,11,0.6470588235294118,0.6,0
SCOPE_re_zh_CMeIE__relShard_003,K1000_seed5_random__fuse_r0.6,train,fuse,1000,5,random,17,11,0.6470588235294118,0.6,0
SCOPE_re_zh_CMeIE__relShard_003,K1000_seed5_coverage__fuse_r0.3,train,fuse,1000,5,coverage,17,14,0.8235294117647058,0.3,0
SCOPE_re_zh_CMeIE__relShard_003,K5000_seed1_random__fuse_r0.3,train,fuse,5000,1,random,17,14,0.8235294117647058,0.3,0
SCOPE_re_zh_CMeIE__relShard_003,K5000_seed1_coverage__fuse_r0.6,train,fuse,5000,1,coverage,17,11,0.6470588235294118,0.6,0
SCOPE_re_zh_CMeIE__relShard_003,K5000_seed2_random__fuse_r0.3,train,fuse,5000,2,random,17,14,0.8235294117647058,0.3,0
SCOPE_re_zh_CMeIE__relShard_003,K5000_seed2_coverage__fuse_r0.6,train,fuse,5000,2,coverage,17,11,0.6470588235294118,0.6,0
SCOPE_re_zh_CMeIE__relShard_003,K5000_seed3_random__fuse_r0.6,train,fuse,5000,3,random,17,11,0.6470588235294118,0.6,0
SCOPE_re_zh_CMeIE__relShard_003,K5000_seed3_coverage__fuse_r0.3,train,fuse,5000,3,coverage,17,14,0.8235294117647058,0.3,0
SCOPE_re_zh_CMeIE__relShard_003,K5000_seed4_random__fuse_r0.3,train,fuse,5000,4,random,17,14,0.8235294117647058,0.3,0
SCOPE_re_zh_CMeIE__relShard_003,K5000_seed4_coverage__fuse_r0.3,train,fuse,5000,4,coverage,17,14,0.8235294117647058,0.3,0
SCOPE_re_zh_CMeIE__relShard_003,K5000_seed5_random__fuse_r0.6,train,fuse,5000,5,random,17,11,0.6470588235294118,0.6,0
SCOPE_re_zh_CMeIE__relShard_003,K5000_seed5_coverage__fuse_r0.3,train,fuse,5000,5,coverage,17,14,0.8235294117647058,0.3,0
SCOPE_re_zh_COAE2016__relShard_001,K200_seed1_random__fuse_r0.3,train,fuse,200,1,random,1,1,1.0,0.3,0
SCOPE_re_zh_COAE2016__relShard_001,K200_seed1_coverage__fuse_r0.6,train,fuse,200,1,coverage,1,1,1.0,0.6,0
SCOPE_re_zh_COAE2016__relShard_001,K200_seed2_random__fuse_r0.3,train,fuse,200,2,random,1,1,1.0,0.3,0
SCOPE_re_zh_COAE2016__relShard_001,K200_seed2_coverage__fuse_r0.3,train,fuse,200,2,coverage,1,1,1.0,0.3,0
SCOPE_re_zh_COAE2016__relShard_001,K200_seed3_random__fuse_r0.6,train,fuse,200,3,random,1,1,1.0,0.6,0
SCOPE_re_zh_COAE2016__relShard_001,K200_seed3_coverage__fuse_r0.6,train,fuse,200,3,coverage,1,1,1.0,0.6,0
SCOPE_re_zh_COAE2016__relShard_001,K200_seed4_random__fuse_r0.3,train,fuse,200,4,random,1,1,1.0,0.3,0
SCOPE_re_zh_COAE2016__relShard_001,K200_seed4_coverage__fuse_r0.6,train,fuse,200,4,coverage,1,1,1.0,0.6,0
SCOPE_re_zh_COAE2016__relShard_001,K200_seed5_random__fuse_r0.6,train,fuse,200,5,random,1,1,1.0,0.6,0
SCOPE_re_zh_COAE2016__relShard_001,K200_seed5_coverage__fuse_r0.6,train,fuse,200,5,coverage,1,1,1.0,0.6,0
SCOPE_re_zh_COAE2016__relShard_001,K1000_seed1_random__fuse_r0.3,train,fuse,1000,1,random,1,1,1.0,0.3,0
SCOPE_re_zh_COAE2016__relShard_001,K1000_seed1_coverage__fuse_r0.6,train,fuse,1000,1,coverage,1,1,1.0,0.6,0
SCOPE_re_zh_COAE2016__relShard_001,K1000_seed2_random__fuse_r0.3,train,fuse,1000,2,random,1,1,1.0,0.3,0
SCOPE_re_zh_COAE2016__relShard_001,K1000_seed2_coverage__fuse_r0.6,train,fuse,1000,2,coverage,1,1,1.0,0.6,0
SCOPE_re_zh_COAE2016__relShard_001,K1000_seed3_random__fuse_r0.3,train,fuse,1000,3,random,1,1,1.0,0.3,0
SCOPE_re_zh_COAE2016__relShard_001,K1000_seed3_coverage__fuse_r0.3,train,fuse,1000,3,coverage,1,1,1.0,0.3,0
SCOPE_re_zh_COAE2016__relShard_001,K1000_seed4_random__fuse_r0.6,train,fuse,1000,4,random,1,1,1.0,0.6,0
SCOPE_re_zh_COAE2016__relShard_001,K1000_seed4_coverage__fuse_r0.3,train,fuse,1000,4,coverage,1,1,1.0,0.3,0
SCOPE_re_zh_COAE2016__relShard_001,K1000_seed5_random__fuse_r0.6,train,fuse,1000,5,random,1,1,1.0,0.6,0
SCOPE_re_zh_COAE2016__relShard_001,K1000_seed5_coverage__fuse_r0.6,train,fuse,1000,5,coverage,1,1,1.0,0.6,0
SCOPE_re_zh_COAE2016__relShard_001,K5000_seed1_random__fuse_r0.6,train,fuse,5000,1,random,1,1,1.0,0.6,0
SCOPE_re_zh_COAE2016__relShard_001,K5000_seed1_coverage__fuse_r0.6,train,fuse,5000,1,coverage,1,1,1.0,0.6,0
SCOPE_re_zh_COAE2016__relShard_001,K5000_seed2_random__fuse_r0.6,train,fuse,5000,2,random,1,1,1.0,0.6,0
SCOPE_re_zh_COAE2016__relShard_001,K5000_seed2_coverage__fuse_r0.3,train,fuse,5000,2,coverage,1,1,1.0,0.3,0
SCOPE_re_zh_COAE2016__relShard_001,K5000_seed3_random__fuse_r0.6,train,fuse,5000,3,random,1,1,1.0,0.6,0
SCOPE_re_zh_COAE2016__relShard_001,K5000_seed3_coverage__fuse_r0.3,train,fuse,5000,3,coverage,1,1,1.0,0.3,0
SCOPE_re_zh_COAE2016__relShard_001,K5000_seed4_random__fuse_r0.3,train,fuse,5000,4,random,1,1,1.0,0.3,0
SCOPE_re_zh_COAE2016__relShard_001,K5000_seed4_coverage__fuse_r0.3,train,fuse,5000,4,coverage,1,1,1.0,0.3,0
SCOPE_re_zh_COAE2016__relShard_001,K5000_seed5_random__fuse_r0.6,train,fuse,5000,5,random,1,1,1.0,0.6,0
SCOPE_re_zh_COAE2016__relShard_001,K5000_seed5_coverage__fuse_r0.3,train,fuse,5000,5,coverage,1,1,1.0,0.3,0
SCOPE_re_zh_IPRE__relShard_001,K200_seed1_random__fuse_r0.6,train,fuse,200,1,random,6,6,1.0,0.6,0
SCOPE_re_zh_IPRE__relShard_001,K200_seed1_coverage__fuse_r0.6,train,fuse,200,1,coverage,6,6,1.0,0.6,0
SCOPE_re_zh_IPRE__relShard_001,K200_seed2_random__fuse_r0.6,train,fuse,200,2,random,6,6,1.0,0.6,0
SCOPE_re_zh_IPRE__relShard_001,K200_seed2_coverage__fuse_r0.6,train,fuse,200,2,coverage,6,6,1.0,0.6,0
SCOPE_re_zh_IPRE__relShard_001,K200_seed3_random__fuse_r0.3,train,fuse,200,3,random,6,6,1.0,0.3,0
SCOPE_re_zh_IPRE__relShard_001,K200_seed3_coverage__fuse_r0.3,train,fuse,200,3,coverage,6,6,1.0,0.3,0
SCOPE_re_zh_IPRE__relShard_001,K200_seed4_random__fuse_r0.6,train,fuse,200,4,random,6,6,1.0,0.6,0
SCOPE_re_zh_IPRE__relShard_001,K200_seed4_coverage__fuse_r0.3,train,fuse,200,4,coverage,6,6,1.0,0.3,0
SCOPE_re_zh_IPRE__relShard_001,K200_seed5_random__fuse_r0.6,train,fuse,200,5,random,6,6,1.0,0.6,0
SCOPE_re_zh_IPRE__relShard_001,K200_seed5_coverage__fuse_r0.3,train,fuse,200,5,coverage,6,6,1.0,0.3,0
SCOPE_re_zh_IPRE__relShard_001,K1000_seed1_random__fuse_r0.6,train,fuse,1000,1,random,6,6,1.0,0.6,0
SCOPE_re_zh_IPRE__relShard_001,K1000_seed1_coverage__fuse_r0.6,train,fuse,1000,1,coverage,6,6,1.0,0.6,0
SCOPE_re_zh_IPRE__relShard_001,K1000_seed2_random__fuse_r0.3,train,fuse,1000,2,random,6,6,1.0,0.3,0
SCOPE_re_zh_IPRE__relShard_001,K1000_seed2_coverage__fuse_r0.6,train,fuse,1000,2,coverage,6,6,1.0,0.6,0
SCOPE_re_zh_IPRE__relShard_001,K1000_seed3_random__fuse_r0.6,train,fuse,1000,3,random,6,6,1.0,0.6,0
SCOPE_re_zh_IPRE__relShard_001,K1000_seed3_coverage__fuse_r0.3,train,fuse,1000,3,coverage,6,6,1.0,0.3,0
SCOPE_re_zh_IPRE__relShard_001,K1000_seed4_random__fuse_r0.3,train,fuse,1000,4,random,6,6,1.0,0.3,0
SCOPE_re_zh_IPRE__relShard_001,K1000_seed4_coverage__fuse_r0.3,train,fuse,1000,4,coverage,6,6,1.0,0.3,0
SCOPE_re_zh_IPRE__relShard_001,K1000_seed5_random__fuse_r0.3,train,fuse,1000,5,random,6,6,1.0,0.3,0
SCOPE_re_zh_IPRE__relShard_001,K1000_seed5_coverage__fuse_r0.3,train,fuse,1000,5,coverage,6,6,1.0,0.3,0
SCOPE_re_zh_IPRE__relShard_001,K5000_seed1_random__fuse_r0.3,train,fuse,5000,1,random,6,6,1.0,0.3,0
SCOPE_re_zh_IPRE__relShard_001,K5000_seed1_coverage__fuse_r0.3,train,fuse,5000,1,coverage,6,6,1.0,0.3,0
SCOPE_re_zh_IPRE__relShard_001,K5000_seed2_random__fuse_r0.3,train,fuse,5000,2,random,6,6,1.0,0.3,0
SCOPE_re_zh_IPRE__relShard_001,K5000_seed2_coverage__fuse_r0.3,train,fuse,5000,2,coverage,6,6,1.0,0.3,0
SCOPE_re_zh_IPRE__relShard_001,K5000_seed3_random__fuse_r0.6,train,fuse,5000,3,random,6,6,1.0,0.6,0
SCOPE_re_zh_IPRE__relShard_001,K5000_seed3_coverage__fuse_r0.3,train,fuse,5000,3,coverage,6,6,1.0,0.3,0
SCOPE_re_zh_IPRE__relShard_001,K5000_seed4_random__fuse_r0.3,train,fuse,5000,4,random,6,6,1.0,0.3,0
SCOPE_re_zh_IPRE__relShard_001,K5000_seed4_coverage__fuse_r0.3,train,fuse,5000,4,coverage,6,6,1.0,0.3,0
SCOPE_re_zh_IPRE__relShard_001,K5000_seed5_random__fuse_r0.3,train,fuse,5000,5,random,6,6,1.0,0.3,0
SCOPE_re_zh_IPRE__relShard_001,K5000_seed5_coverage__fuse_r0.3,train,fuse,5000,5,coverage,6,6,1.0,0.3,0
SCOPE_re_zh_SKE2020__relShard_001,K200_seed1_random__fuse_r0.6,train,fuse,200,1,random,7,6,0.8571428571428571,0.6,0
SCOPE_re_zh_SKE2020__relShard_001,K200_seed1_coverage__fuse_r0.3,train,fuse,200,1,coverage,7,7,1.0,0.3,0
SCOPE_re_zh_SKE2020__relShard_001,K200_seed2_random__fuse_r0.6,train,fuse,200,2,random,7,6,0.8571428571428571,0.6,0
SCOPE_re_zh_SKE2020__relShard_001,K200_seed2_coverage__fuse_r0.3,train,fuse,200,2,coverage,7,7,1.0,0.3,0
SCOPE_re_zh_SKE2020__relShard_001,K200_seed3_random__fuse_r0.6,train,fuse,200,3,random,7,6,0.8571428571428571,0.6,0
SCOPE_re_zh_SKE2020__relShard_001,K200_seed3_coverage__fuse_r0.6,train,fuse,200,3,coverage,7,6,0.8571428571428571,0.6,0
SCOPE_re_zh_SKE2020__relShard_001,K200_seed4_random__fuse_r0.3,train,fuse,200,4,random,7,7,1.0,0.3,0
SCOPE_re_zh_SKE2020__relShard_001,K200_seed4_coverage__fuse_r0.3,train,fuse,200,4,coverage,7,7,1.0,0.3,0
SCOPE_re_zh_SKE2020__relShard_001,K200_seed5_random__fuse_r0.6,train,fuse,200,5,random,7,6,0.8571428571428571,0.6,0
SCOPE_re_zh_SKE2020__relShard_001,K200_seed5_coverage__fuse_r0.6,train,fuse,200,5,coverage,7,6,0.8571428571428571,0.6,0
SCOPE_re_zh_SKE2020__relShard_001,K1000_seed1_random__fuse_r0.6,train,fuse,1000,1,random,7,6,0.8571428571428571,0.6,0
SCOPE_re_zh_SKE2020__relShard_001,K1000_seed1_coverage__fuse_r0.6,train,fuse,1000,1,coverage,7,6,0.8571428571428571,0.6,0
SCOPE_re_zh_SKE2020__relShard_001,K1000_seed2_random__fuse_r0.6,train,fuse,1000,2,random,7,6,0.8571428571428571,0.6,0
SCOPE_re_zh_SKE2020__relShard_001,K1000_seed2_coverage__fuse_r0.6,train,fuse,1000,2,coverage,7,6,0.8571428571428571,0.6,0
SCOPE_re_zh_SKE2020__relShard_001,K1000_seed3_random__fuse_r0.6,train,fuse,1000,3,random,7,6,0.8571428571428571,0.6,0
SCOPE_re_zh_SKE2020__relShard_001,K1000_seed3_coverage__fuse_r0.6,train,fuse,1000,3,coverage,7,6,0.8571428571428571,0.6,0
SCOPE_re_zh_SKE2020__relShard_001,K1000_seed4_random__fuse_r0.6,train,fuse,1000,4,random,7,6,0.8571428571428571,0.6,0
SCOPE_re_zh_SKE2020__relShard_001,K1000_seed4_coverage__fuse_r0.6,train,fuse,1000,4,coverage,7,6,0.8571428571428571,0.6,0
SCOPE_re_zh_SKE2020__relShard_001,K1000_seed5_random__fuse_r0.6,train,fuse,1000,5,random,7,6,0.8571428571428571,0.6,0
SCOPE_re_zh_SKE2020__relShard_001,K1000_seed5_coverage__fuse_r0.6,train,fuse,1000,5,coverage,7,6,0.8571428571428571,0.6,0
SCOPE_re_zh_SKE2020__relShard_001,K5000_seed1_random__fuse_r0.3,train,fuse,5000,1,random,7,7,1.0,0.3,0
SCOPE_re_zh_SKE2020__relShard_001,K5000_seed1_coverage__fuse_r0.3,train,fuse,5000,1,coverage,7,7,1.0,0.3,0
SCOPE_re_zh_SKE2020__relShard_001,K5000_seed2_random__fuse_r0.3,train,fuse,5000,2,random,7,7,1.0,0.3,0
SCOPE_re_zh_SKE2020__relShard_001,K5000_seed2_coverage__fuse_r0.6,train,fuse,5000,2,coverage,7,6,0.8571428571428571,0.6,0
SCOPE_re_zh_SKE2020__relShard_001,K5000_seed3_random__fuse_r0.3,train,fuse,5000,3,random,7,7,1.0,0.3,0
SCOPE_re_zh_SKE2020__relShard_001,K5000_seed3_coverage__fuse_r0.3,train,fuse,5000,3,coverage,7,7,1.0,0.3,0
SCOPE_re_zh_SKE2020__relShard_001,K5000_seed4_random__fuse_r0.6,train,fuse,5000,4,random,7,6,0.8571428571428571,0.6,0
SCOPE_re_zh_SKE2020__relShard_001,K5000_seed4_coverage__fuse_r0.3,train,fuse,5000,4,coverage,7,7,1.0,0.3,0
SCOPE_re_zh_SKE2020__relShard_001,K5000_seed5_random__fuse_r0.3,train,fuse,5000,5,random,7,7,1.0,0.3,0
SCOPE_re_zh_SKE2020__relShard_001,K5000_seed5_coverage__fuse_r0.3,train,fuse,5000,5,coverage,7,7,1.0,0.3,0
SCOPE_re_zh_SKE2020__relShard_002,K200_seed1_random__fuse_r0.3,train,fuse,200,1,random,6,6,1.0,0.3,0
SCOPE_re_zh_SKE2020__relShard_002,K200_seed1_coverage__fuse_r0.6,train,fuse,200,1,coverage,6,6,1.0,0.6,0
SCOPE_re_zh_SKE2020__relShard_002,K200_seed2_random__fuse_r0.6,train,fuse,200,2,random,6,6,1.0,0.6,0
SCOPE_re_zh_SKE2020__relShard_002,K200_seed2_coverage__fuse_r0.6,train,fuse,200,2,coverage,6,6,1.0,0.6,0
SCOPE_re_zh_SKE2020__relShard_002,K200_seed3_random__fuse_r0.6,train,fuse,200,3,random,6,6,1.0,0.6,0
SCOPE_re_zh_SKE2020__relShard_002,K200_seed3_coverage__fuse_r0.3,train,fuse,200,3,coverage,6,6,1.0,0.3,0
SCOPE_re_zh_SKE2020__relShard_002,K200_seed4_random__fuse_r0.6,train,fuse,200,4,random,6,6,1.0,0.6,0
SCOPE_re_zh_SKE2020__relShard_002,K200_seed4_coverage__fuse_r0.3,train,fuse,200,4,coverage,6,6,1.0,0.3,0
SCOPE_re_zh_SKE2020__relShard_002,K200_seed5_random__fuse_r0.3,train,fuse,200,5,random,6,6,1.0,0.3,0
SCOPE_re_zh_SKE2020__relShard_002,K200_seed5_coverage__fuse_r0.6,train,fuse,200,5,coverage,6,6,1.0,0.6,0
SCOPE_re_zh_SKE2020__relShard_002,K1000_seed1_random__fuse_r0.3,train,fuse,1000,1,random,6,6,1.0,0.3,0
SCOPE_re_zh_SKE2020__relShard_002,K1000_seed1_coverage__fuse_r0.3,train,fuse,1000,1,coverage,6,6,1.0,0.3,0
SCOPE_re_zh_SKE2020__relShard_002,K1000_seed2_random__fuse_r0.6,train,fuse,1000,2,random,6,6,1.0,0.6,0
SCOPE_re_zh_SKE2020__relShard_002,K1000_seed2_coverage__fuse_r0.3,train,fuse,1000,2,coverage,6,6,1.0,0.3,0
SCOPE_re_zh_SKE2020__relShard_002,K1000_seed3_random__fuse_r0.6,train,fuse,1000,3,random,6,6,1.0,0.6,0
SCOPE_re_zh_SKE2020__relShard_002,K1000_seed3_coverage__fuse_r0.3,train,fuse,1000,3,coverage,6,6,1.0,0.3,0
SCOPE_re_zh_SKE2020__relShard_002,K1000_seed4_random__fuse_r0.3,train,fuse,1000,4,random,6,6,1.0,0.3,0
SCOPE_re_zh_SKE2020__relShard_002,K1000_seed4_coverage__fuse_r0.3,train,fuse,1000,4,coverage,6,6,1.0,0.3,0
SCOPE_re_zh_SKE2020__relShard_002,K1000_seed5_random__fuse_r0.6,train,fuse,1000,5,random,6,6,1.0,0.6,0
SCOPE_re_zh_SKE2020__relShard_002,K1000_seed5_coverage__fuse_r0.3,train,fuse,1000,5,coverage,6,6,1.0,0.3,0
SCOPE_re_zh_SKE2020__relShard_002,K5000_seed1_random__fuse_r0.6,train,fuse,5000,1,random,6,6,1.0,0.6,0
SCOPE_re_zh_SKE2020__relShard_002,K5000_seed1_coverage__fuse_r0.6,train,fuse,5000,1,coverage,6,6,1.0,0.6,0
SCOPE_re_zh_SKE2020__relShard_002,K5000_seed2_random__fuse_r0.6,train,fuse,5000,2,random,6,6,1.0,0.6,0
SCOPE_re_zh_SKE2020__relShard_002,K5000_seed2_coverage__fuse_r0.3,train,fuse,5000,2,coverage,6,6,1.0,0.3,0
SCOPE_re_zh_SKE2020__relShard_002,K5000_seed3_random__fuse_r0.3,train,fuse,5000,3,random,6,6,1.0,0.3,0
SCOPE_re_zh_SKE2020__relShard_002,K5000_seed3_coverage__fuse_r0.3,train,fuse,5000,3,coverage,6,6,1.0,0.3,0
SCOPE_re_zh_SKE2020__relShard_002,K5000_seed4_random__fuse_r0.3,train,fuse,5000,4,random,6,6,1.0,0.3,0
SCOPE_re_zh_SKE2020__relShard_002,K5000_seed4_coverage__fuse_r0.6,train,fuse,5000,4,coverage,6,6,1.0,0.6,0
SCOPE_re_zh_SKE2020__relShard_002,K5000_seed5_random__fuse_r0.6,train,fuse,5000,5,random,6,6,1.0,0.6,0
SCOPE_re_zh_SKE2020__relShard_002,K5000_seed5_coverage__fuse_r0.6,train,fuse,5000,5,coverage,6,6,1.0,0.6,0
SCOPE_re_en_ADE_corpus__relShard_001,K200_seed1_random__fuse_r0.6,train,fuse,200,1,random,1,1,1.0,0.6,0
SCOPE_re_en_ADE_corpus__relShard_001,K200_seed1_coverage__fuse_r0.3,train,fuse,200,1,coverage,1,1,1.0,0.3,0
SCOPE_re_en_ADE_corpus__relShard_001,K200_seed2_random__fuse_r0.6,train,fuse,200,2,random,1,1,1.0,0.6,0
SCOPE_re_en_ADE_corpus__relShard_001,K200_seed2_coverage__fuse_r0.6,train,fuse,200,2,coverage,1,1,1.0,0.6,0
SCOPE_re_en_ADE_corpus__relShard_001,K200_seed3_random__fuse_r0.6,train,fuse,200,3,random,1,1,1.0,0.6,0
SCOPE_re_en_ADE_corpus__relShard_001,K200_seed3_coverage__fuse_r0.3,train,fuse,200,3,coverage,1,1,1.0,0.3,0
SCOPE_re_en_ADE_corpus__relShard_001,K200_seed4_random__fuse_r0.3,train,fuse,200,4,random,1,1,1.0,0.3,0
SCOPE_re_en_ADE_corpus__relShard_001,K200_seed4_coverage__fuse_r0.3,train,fuse,200,4,coverage,1,1,1.0,0.3,0
SCOPE_re_en_ADE_corpus__relShard_001,K200_seed5_random__fuse_r0.3,train,fuse,200,5,random,1,1,1.0,0.3,0
SCOPE_re_en_ADE_corpus__relShard_001,K200_seed5_coverage__fuse_r0.3,train,fuse,200,5,coverage,1,1,1.0,0.3,0
SCOPE_re_en_ADE_corpus__relShard_001,K1000_seed1_random__fuse_r0.6,train,fuse,1000,1,random,1,1,1.0,0.6,0
SCOPE_re_en_ADE_corpus__relShard_001,K1000_seed1_coverage__fuse_r0.3,train,fuse,1000,1,coverage,1,1,1.0,0.3,0
SCOPE_re_en_ADE_corpus__relShard_001,K1000_seed2_random__fuse_r0.6,train,fuse,1000,2,random,1,1,1.0,0.6,0
SCOPE_re_en_ADE_corpus__relShard_001,K1000_seed2_coverage__fuse_r0.3,train,fuse,1000,2,coverage,1,1,1.0,0.3,0
SCOPE_re_en_ADE_corpus__relShard_001,K1000_seed3_random__fuse_r0.6,train,fuse,1000,3,random,1,1,1.0,0.6,0
SCOPE_re_en_ADE_corpus__relShard_001,K1000_seed3_coverage__fuse_r0.3,train,fuse,1000,3,coverage,1,1,1.0,0.3,0
SCOPE_re_en_ADE_corpus__relShard_001,K1000_seed4_random__fuse_r0.3,train,fuse,1000,4,random,1,1,1.0,0.3,0
SCOPE_re_en_ADE_corpus__relShard_001,K1000_seed4_coverage__fuse_r0.3,train,fuse,1000,4,coverage,1,1,1.0,0.3,0
SCOPE_re_en_ADE_corpus__relShard_001,K1000_seed5_random__fuse_r0.6,train,fuse,1000,5,random,1,1,1.0,0.6,0
SCOPE_re_en_ADE_corpus__relShard_001,K1000_seed5_coverage__fuse_r0.6,train,fuse,1000,5,coverage,1,1,1.0,0.6,0
SCOPE_re_en_ADE_corpus__relShard_001,K5000_seed1_random__fuse_r0.3,train,fuse,5000,1,random,1,1,1.0,0.3,0
SCOPE_re_en_ADE_corpus__relShard_001,K5000_seed1_coverage__fuse_r0.6,train,fuse,5000,1,coverage,1,1,1.0,0.6,0
SCOPE_re_en_ADE_corpus__relShard_001,K5000_seed2_random__fuse_r0.6,train,fuse,5000,2,random,1,1,1.0,0.6,0
SCOPE_re_en_ADE_corpus__relShard_001,K5000_seed2_coverage__fuse_r0.6,train,fuse,5000,2,coverage,1,1,1.0,0.6,0
SCOPE_re_en_ADE_corpus__relShard_001,K5000_seed3_random__fuse_r0.3,train,fuse,5000,3,random,1,1,1.0,0.3,0
SCOPE_re_en_ADE_corpus__relShard_001,K5000_seed3_coverage__fuse_r0.3,train,fuse,5000,3,coverage,1,1,1.0,0.3,0
SCOPE_re_en_ADE_corpus__relShard_001,K5000_seed4_random__fuse_r0.3,train,fuse,5000,4,random,1,1,1.0,0.3,0
SCOPE_re_en_ADE_corpus__relShard_001,K5000_seed4_coverage__fuse_r0.3,train,fuse,5000,4,coverage,1,1,1.0,0.3,0
SCOPE_re_en_ADE_corpus__relShard_001,K5000_seed5_random__fuse_r0.6,train,fuse,5000,5,random,1,1,1.0,0.6,0
SCOPE_re_en_ADE_corpus__relShard_001,K5000_seed5_coverage__fuse_r0.6,train,fuse,5000,5,coverage,1,1,1.0,0.6,0
SCOPE_re_en_GIDS__relShard_001,K200_seed1_random__fuse_r0.3,train,fuse,200,1,random,4,0,0.0,0.3,0
SCOPE_re_en_GIDS__relShard_001,K200_seed1_coverage__fuse_r0.6,train,fuse,200,1,coverage,4,0,0.0,0.6,0
SCOPE_re_en_GIDS__relShard_001,K200_seed2_random__fuse_r0.3,train,fuse,200,2,random,4,0,0.0,0.3,0
SCOPE_re_en_GIDS__relShard_001,K200_seed2_coverage__fuse_r0.6,train,fuse,200,2,coverage,4,0,0.0,0.6,0
SCOPE_re_en_GIDS__relShard_001,K200_seed3_random__fuse_r0.6,train,fuse,200,3,random,4,0,0.0,0.6,0
SCOPE_re_en_GIDS__relShard_001,K200_seed3_coverage__fuse_r0.6,train,fuse,200,3,coverage,4,0,0.0,0.6,0
SCOPE_re_en_GIDS__relShard_001,K200_seed4_random__fuse_r0.6,train,fuse,200,4,random,4,0,0.0,0.6,0
SCOPE_re_en_GIDS__relShard_001,K200_seed4_coverage__fuse_r0.3,train,fuse,200,4,coverage,4,0,0.0,0.3,0
SCOPE_re_en_GIDS__relShard_001,K200_seed5_random__fuse_r0.3,train,fuse,200,5,random,4,0,0.0,0.3,0
SCOPE_re_en_GIDS__relShard_001,K200_seed5_coverage__fuse_r0.3,train,fuse,200,5,coverage,4,0,0.0,0.3,0
SCOPE_re_en_GIDS__relShard_001,K1000_seed1_random__fuse_r0.3,train,fuse,1000,1,random,4,0,0.0,0.3,0
SCOPE_re_en_GIDS__relShard_001,K1000_seed1_coverage__fuse_r0.3,train,fuse,1000,1,coverage,4,0,0.0,0.3,0
SCOPE_re_en_GIDS__relShard_001,K1000_seed2_random__fuse_r0.6,train,fuse,1000,2,random,4,0,0.0,0.6,0
SCOPE_re_en_GIDS__relShard_001,K1000_seed2_coverage__fuse_r0.3,train,fuse,1000,2,coverage,4,0,0.0,0.3,0
SCOPE_re_en_GIDS__relShard_001,K1000_seed3_random__fuse_r0.3,train,fuse,1000,3,random,4,0,0.0,0.3,0
SCOPE_re_en_GIDS__relShard_001,K1000_seed3_coverage__fuse_r0.6,train,fuse,1000,3,coverage,4,0,0.0,0.6,0
SCOPE_re_en_GIDS__relShard_001,K1000_seed4_random__fuse_r0.6,train,fuse,1000,4,random,4,0,0.0,0.6,0
SCOPE_re_en_GIDS__relShard_001,K1000_seed4_coverage__fuse_r0.3,train,fuse,1000,4,coverage,4,0,0.0,0.3,0
SCOPE_re_en_GIDS__relShard_001,K1000_seed5_random__fuse_r0.3,train,fuse,1000,5,random,4,0,0.0,0.3,0
SCOPE_re_en_GIDS__relShard_001,K1000_seed5_coverage__fuse_r0.3,train,fuse,1000,5,coverage,4,0,0.0,0.3,0
SCOPE_re_en_GIDS__relShard_001,K5000_seed1_random__fuse_r0.6,train,fuse,5000,1,random,4,0,0.0,0.6,0
SCOPE_re_en_GIDS__relShard_001,K5000_seed1_coverage__fuse_r0.3,train,fuse,5000,1,coverage,4,0,0.0,0.3,0
SCOPE_re_en_GIDS__relShard_001,K5000_seed2_random__fuse_r0.3,train,fuse,5000,2,random,4,0,0.0,0.3,0
SCOPE_re_en_GIDS__relShard_001,K5000_seed2_coverage__fuse_r0.6,train,fuse,5000,2,coverage,4,0,0.0,0.6,0
SCOPE_re_en_GIDS__relShard_001,K5000_seed3_random__fuse_r0.3,train,fuse,5000,3,random,4,0,0.0,0.3,0
SCOPE_re_en_GIDS__relShard_001,K5000_seed3_coverage__fuse_r0.6,train,fuse,5000,3,coverage,4,0,0.0,0.6,0
SCOPE_re_en_GIDS__relShard_001,K5000_seed4_random__fuse_r0.6,train,fuse,5000,4,random,4,0,0.0,0.6,0
SCOPE_re_en_GIDS__relShard_001,K5000_seed4_coverage__fuse_r0.3,train,fuse,5000,4,coverage,4,0,0.0,0.3,0
SCOPE_re_en_GIDS__relShard_001,K5000_seed5_random__fuse_r0.6,train,fuse,5000,5,random,4,0,0.0,0.6,0
SCOPE_re_en_GIDS__relShard_001,K5000_seed5_coverage__fuse_r0.3,train,fuse,5000,5,coverage,4,0,0.0,0.3,0
SCOPE_re_en_NYT11__relShard_001,K200_seed1_random__fuse_r0.3,train,fuse,200,1,random,5,5,1.0,0.3,0
SCOPE_re_en_NYT11__relShard_001,K200_seed1_coverage__fuse_r0.3,train,fuse,200,1,coverage,5,5,1.0,0.3,0
SCOPE_re_en_NYT11__relShard_001,K200_seed2_random__fuse_r0.6,train,fuse,200,2,random,5,5,1.0,0.6,0
SCOPE_re_en_NYT11__relShard_001,K200_seed2_coverage__fuse_r0.3,train,fuse,200,2,coverage,5,5,1.0,0.3,0
SCOPE_re_en_NYT11__relShard_001,K200_seed3_random__fuse_r0.3,train,fuse,200,3,random,5,5,1.0,0.3,0
SCOPE_re_en_NYT11__relShard_001,K200_seed3_coverage__fuse_r0.6,train,fuse,200,3,coverage,5,5,1.0,0.6,0
SCOPE_re_en_NYT11__relShard_001,K200_seed4_random__fuse_r0.6,train,fuse,200,4,random,5,5,1.0,0.6,0
SCOPE_re_en_NYT11__relShard_001,K200_seed4_coverage__fuse_r0.6,train,fuse,200,4,coverage,5,5,1.0,0.6,0
SCOPE_re_en_NYT11__relShard_001,K200_seed5_random__fuse_r0.3,train,fuse,200,5,random,5,5,1.0,0.3,0
SCOPE_re_en_NYT11__relShard_001,K200_seed5_coverage__fuse_r0.3,train,fuse,200,5,coverage,5,5,1.0,0.3,0
SCOPE_re_en_NYT11__relShard_001,K1000_seed1_random__fuse_r0.6,train,fuse,1000,1,random,5,5,1.0,0.6,0
SCOPE_re_en_NYT11__relShard_001,K1000_seed1_coverage__fuse_r0.6,train,fuse,1000,1,coverage,5,5,1.0,0.6,0
SCOPE_re_en_NYT11__relShard_001,K1000_seed2_random__fuse_r0.6,train,fuse,1000,2,random,5,5,1.0,0.6,0
SCOPE_re_en_NYT11__relShard_001,K1000_seed2_coverage__fuse_r0.6,train,fuse,1000,2,coverage,5,5,1.0,0.6,0
SCOPE_re_en_NYT11__relShard_001,K1000_seed3_random__fuse_r0.6,train,fuse,1000,3,random,5,5,1.0,0.6,0
SCOPE_re_en_NYT11__relShard_001,K1000_seed3_coverage__fuse_r0.3,train,fuse,1000,3,coverage,5,5,1.0,0.3,0
SCOPE_re_en_NYT11__relShard_001,K1000_seed4_random__fuse_r0.3,train,fuse,1000,4,random,5,5,1.0,0.3,0
SCOPE_re_en_NYT11__relShard_001,K1000_seed4_coverage__fuse_r0.3,train,fuse,1000,4,coverage,5,5,1.0,0.3,0
SCOPE_re_en_NYT11__relShard_001,K1000_seed5_random__fuse_r0.6,train,fuse,1000,5,random,5,5,1.0,0.6,0
SCOPE_re_en_NYT11__relShard_001,K1000_seed5_coverage__fuse_r0.6,train,fuse,1000,5,coverage,5,5,1.0,0.6,0
SCOPE_re_en_NYT11__relShard_001,K5000_seed1_random__fuse_r0.6,train,fuse,5000,1,random,5,5,1.0,0.6,0
SCOPE_re_en_NYT11__relShard_001,K5000_seed1_coverage__fuse_r0.6,train,fuse,5000,1,coverage,5,5,1.0,0.6,0
SCOPE_re_en_NYT11__relShard_001,K5000_seed2_random__fuse_r0.3,train,fuse,5000,2,random,5,5,1.0,0.3,0
SCOPE_re_en_NYT11__relShard_001,K5000_seed2_coverage__fuse_r0.6,train,fuse,5000,2,coverage,5,5,1.0,0.6,0
SCOPE_re_en_NYT11__relShard_001,K5000_seed3_random__fuse_r0.6,train,fuse,5000,3,random,5,5,1.0,0.6,0
SCOPE_re_en_NYT11__relShard_001,K5000_seed3_coverage__fuse_r0.6,train,fuse,5000,3,coverage,5,5,1.0,0.6,0
SCOPE_re_en_NYT11__relShard_001,K5000_seed4_random__fuse_r0.6,train,fuse,5000,4,random,5,5,1.0,0.6,0
SCOPE_re_en_NYT11__relShard_001,K5000_seed4_coverage__fuse_r0.3,train,fuse,5000,4,coverage,5,5,1.0,0.3,0
SCOPE_re_en_NYT11__relShard_001,K5000_seed5_random__fuse_r0.3,train,fuse,5000,5,random,5,5,1.0,0.3,0
SCOPE_re_en_NYT11__relShard_001,K5000_seed5_coverage__fuse_r0.6,train,fuse,5000,5,coverage,5,5,1.0,0.6,0
SCOPE_re_en_NYT11__relShard_002,K200_seed1_random__fuse_r0.6,train,fuse,200,1,random,7,7,1.0,0.6,0
SCOPE_re_en_NYT11__relShard_002,K200_seed1_coverage__fuse_r0.3,train,fuse,200,1,coverage,7,7,1.0,0.3,0
SCOPE_re_en_NYT11__relShard_002,K200_seed2_random__fuse_r0.6,train,fuse,200,2,random,7,7,1.0,0.6,0
SCOPE_re_en_NYT11__relShard_002,K200_seed2_coverage__fuse_r0.3,train,fuse,200,2,coverage,7,7,1.0,0.3,0
SCOPE_re_en_NYT11__relShard_002,K200_seed3_random__fuse_r0.6,train,fuse,200,3,random,7,7,1.0,0.6,0
SCOPE_re_en_NYT11__relShard_002,K200_seed3_coverage__fuse_r0.6,train,fuse,200,3,coverage,7,7,1.0,0.6,0
SCOPE_re_en_NYT11__relShard_002,K200_seed4_random__fuse_r0.6,train,fuse,200,4,random,7,7,1.0,0.6,0
SCOPE_re_en_NYT11__relShard_002,K200_seed4_coverage__fuse_r0.6,train,fuse,200,4,coverage,7,7,1.0,0.6,0
SCOPE_re_en_NYT11__relShard_002,K200_seed5_random__fuse_r0.6,train,fuse,200,5,random,7,7,1.0,0.6,0
SCOPE_re_en_NYT11__relShard_002,K200_seed5_coverage__fuse_r0.3,train,fuse,200,5,coverage,7,7,1.0,0.3,0
SCOPE_re_en_NYT11__relShard_002,K1000_seed1_random__fuse_r0.3,train,fuse,1000,1,random,7,7,1.0,0.3,0
SCOPE_re_en_NYT11__relShard_002,K1000_seed1_coverage__fuse_r0.3,train,fuse,1000,1,coverage,7,7,1.0,0.3,0
SCOPE_re_en_NYT11__relShard_002,K1000_seed2_random__fuse_r0.3,train,fuse,1000,2,random,7,7,1.0,0.3,0
SCOPE_re_en_NYT11__relShard_002,K1000_seed2_coverage__fuse_r0.3,train,fuse,1000,2,coverage,7,7,1.0,0.3,0
SCOPE_re_en_NYT11__relShard_002,K1000_seed3_random__fuse_r0.6,train,fuse,1000,3,random,7,7,1.0,0.6,0
SCOPE_re_en_NYT11__relShard_002,K1000_seed3_coverage__fuse_r0.3,train,fuse,1000,3,coverage,7,7,1.0,0.3,0
SCOPE_re_en_NYT11__relShard_002,K1000_seed4_random__fuse_r0.3,train,fuse,1000,4,random,7,7,1.0,0.3,0
SCOPE_re_en_NYT11__relShard_002,K1000_seed4_coverage__fuse_r0.3,train,fuse,1000,4,coverage,7,7,1.0,0.3,0
SCOPE_re_en_NYT11__relShard_002,K1000_seed5_random__fuse_r0.3,train,fuse,1000,5,random,7,7,1.0,0.3,0
SCOPE_re_en_NYT11__relShard_002,K1000_seed5_coverage__fuse_r0.3,train,fuse,1000,5,coverage,7,7,1.0,0.3,0
SCOPE_re_en_NYT11__relShard_002,K5000_seed1_random__fuse_r0.6,train,fuse,5000,1,random,7,7,1.0,0.6,0
SCOPE_re_en_NYT11__relShard_002,K5000_seed1_coverage__fuse_r0.6,train,fuse,5000,1,coverage,7,7,1.0,0.6,0
SCOPE_re_en_NYT11__relShard_002,K5000_seed2_random__fuse_r0.3,train,fuse,5000,2,random,7,7,1.0,0.3,0
SCOPE_re_en_NYT11__relShard_002,K5000_seed2_coverage__fuse_r0.6,train,fuse,5000,2,coverage,7,7,1.0,0.6,0
SCOPE_re_en_NYT11__relShard_002,K5000_seed3_random__fuse_r0.3,train,fuse,5000,3,random,7,7,1.0,0.3,0
SCOPE_re_en_NYT11__relShard_002,K5000_seed3_coverage__fuse_r0.6,train,fuse,5000,3,coverage,7,7,1.0,0.6,0
SCOPE_re_en_NYT11__relShard_002,K5000_seed4_random__fuse_r0.3,train,fuse,5000,4,random,7,7,1.0,0.3,0
SCOPE_re_en_NYT11__relShard_002,K5000_seed4_coverage__fuse_r0.6,train,fuse,5000,4,coverage,7,7,1.0,0.6,0
SCOPE_re_en_NYT11__relShard_002,K5000_seed5_random__fuse_r0.3,train,fuse,5000,5,random,7,7,1.0,0.3,0
SCOPE_re_en_NYT11__relShard_002,K5000_seed5_coverage__fuse_r0.3,train,fuse,5000,5,coverage,7,7,1.0,0.3,0
SCOPE_re_en_New-York-Times-RE__relShard_001,K200_seed1_random__fuse_r0.3,train,fuse,200,1,random,5,0,0.0,0.3,0
SCOPE_re_en_New-York-Times-RE__relShard_001,K200_seed1_coverage__fuse_r0.3,train,fuse,200,1,coverage,5,1,0.2,0.3,0
SCOPE_re_en_New-York-Times-RE__relShard_001,K200_seed2_random__fuse_r0.6,train,fuse,200,2,random,5,0,0.0,0.6,0
SCOPE_re_en_New-York-Times-RE__relShard_001,K200_seed2_coverage__fuse_r0.3,train,fuse,200,2,coverage,5,1,0.2,0.3,0
SCOPE_re_en_New-York-Times-RE__relShard_001,K200_seed3_random__fuse_r0.6,train,fuse,200,3,random,5,0,0.0,0.6,0
SCOPE_re_en_New-York-Times-RE__relShard_001,K200_seed3_coverage__fuse_r0.6,train,fuse,200,3,coverage,5,1,0.2,0.6,0
SCOPE_re_en_New-York-Times-RE__relShard_001,K200_seed4_random__fuse_r0.6,train,fuse,200,4,random,5,0,0.0,0.6,0
SCOPE_re_en_New-York-Times-RE__relShard_001,K200_seed4_coverage__fuse_r0.3,train,fuse,200,4,coverage,5,1,0.2,0.3,0
SCOPE_re_en_New-York-Times-RE__relShard_001,K200_seed5_random__fuse_r0.6,train,fuse,200,5,random,5,0,0.0,0.6,0
SCOPE_re_en_New-York-Times-RE__relShard_001,K200_seed5_coverage__fuse_r0.6,train,fuse,200,5,coverage,5,1,0.2,0.6,0
SCOPE_re_en_New-York-Times-RE__relShard_001,K1000_seed1_random__fuse_r0.6,train,fuse,1000,1,random,5,0,0.0,0.6,0
SCOPE_re_en_New-York-Times-RE__relShard_001,K1000_seed1_coverage__fuse_r0.3,train,fuse,1000,1,coverage,5,1,0.2,0.3,0
SCOPE_re_en_New-York-Times-RE__relShard_001,K1000_seed2_random__fuse_r0.6,train,fuse,1000,2,random,5,0,0.0,0.6,0
SCOPE_re_en_New-York-Times-RE__relShard_001,K1000_seed2_coverage__fuse_r0.6,train,fuse,1000,2,coverage,5,1,0.2,0.6,0
SCOPE_re_en_New-York-Times-RE__relShard_001,K1000_seed3_random__fuse_r0.3,train,fuse,1000,3,random,5,0,0.0,0.3,0
SCOPE_re_en_New-York-Times-RE__relShard_001,K1000_seed3_coverage__fuse_r0.3,train,fuse,1000,3,coverage,5,1,0.2,0.3,0
SCOPE_re_en_New-York-Times-RE__relShard_001,K1000_seed4_random__fuse_r0.3,train,fuse,1000,4,random,5,0,0.0,0.3,0
SCOPE_re_en_New-York-Times-RE__relShard_001,K1000_seed4_coverage__fuse_r0.6,train,fuse,1000,4,coverage,5,1,0.2,0.6,0
SCOPE_re_en_New-York-Times-RE__relShard_001,K1000_seed5_random__fuse_r0.6,train,fuse,1000,5,random,5,0,0.0,0.6,0
SCOPE_re_en_New-York-Times-RE__relShard_001,K1000_seed5_coverage__fuse_r0.3,train,fuse,1000,5,coverage,5,1,0.2,0.3,0
SCOPE_re_en_New-York-Times-RE__relShard_001,K5000_seed1_random__fuse_r0.6,train,fuse,5000,1,random,5,0,0.0,0.6,0
SCOPE_re_en_New-York-Times-RE__relShard_001,K5000_seed1_coverage__fuse_r0.6,train,fuse,5000,1,coverage,5,1,0.2,0.6,0
SCOPE_re_en_New-York-Times-RE__relShard_001,K5000_seed2_random__fuse_r0.6,train,fuse,5000,2,random,5,0,0.0,0.6,0
SCOPE_re_en_New-York-Times-RE__relShard_001,K5000_seed2_coverage__fuse_r0.6,train,fuse,5000,2,coverage,5,1,0.2,0.6,0
SCOPE_re_en_New-York-Times-RE__relShard_001,K5000_seed3_random__fuse_r0.3,train,fuse,5000,3,random,5,0,0.0,0.3,0
SCOPE_re_en_New-York-Times-RE__relShard_001,K5000_seed3_coverage__fuse_r0.3,train,fuse,5000,3,coverage,5,1,0.2,0.3,0
SCOPE_re_en_New-York-Times-RE__relShard_001,K5000_seed4_random__fuse_r0.6,train,fuse,5000,4,random,5,0,0.0,0.6,0
SCOPE_re_en_New-York-Times-RE__relShard_001,K5000_seed4_coverage__fuse_r0.6,train,fuse,5000,4,coverage,5,1,0.2,0.6,0
SCOPE_re_en_New-York-Times-RE__relShard_001,K5000_seed5_random__fuse_r0.6,train,fuse,5000,5,random,5,0,0.0,0.6,0
SCOPE_re_en_New-York-Times-RE__relShard_001,K5000_seed5_coverage__fuse_r0.6,train,fuse,5000,5,coverage,5,1,0.2,0.6,0
SCOPE_re_en_New-York-Times-RE__relShard_002,K200_seed1_random__fuse_r0.3,train,fuse,200,1,random,10,0,0.0,0.3,0
SCOPE_re_en_New-York-Times-RE__relShard_002,K200_seed1_coverage__fuse_r0.6,train,fuse,200,1,coverage,10,0,0.0,0.6,0
SCOPE_re_en_New-York-Times-RE__relShard_002,K200_seed2_random__fuse_r0.3,train,fuse,200,2,random,10,0,0.0,0.3,0
SCOPE_re_en_New-York-Times-RE__relShard_002,K200_seed2_coverage__fuse_r0.3,train,fuse,200,2,coverage,10,0,0.0,0.3,0
SCOPE_re_en_New-York-Times-RE__relShard_002,K200_seed3_random__fuse_r0.3,train,fuse,200,3,random,10,0,0.0,0.3,0
SCOPE_re_en_New-York-Times-RE__relShard_002,K200_seed3_coverage__fuse_r0.6,train,fuse,200,3,coverage,10,0,0.0,0.6,0
SCOPE_re_en_New-York-Times-RE__relShard_002,K200_seed4_random__fuse_r0.6,train,fuse,200,4,random,10,0,0.0,0.6,0
SCOPE_re_en_New-York-Times-RE__relShard_002,K200_seed4_coverage__fuse_r0.3,train,fuse,200,4,coverage,10,0,0.0,0.3,0
SCOPE_re_en_New-York-Times-RE__relShard_002,K200_seed5_random__fuse_r0.6,train,fuse,200,5,random,10,0,0.0,0.6,0
SCOPE_re_en_New-York-Times-RE__relShard_002,K200_seed5_coverage__fuse_r0.6,train,fuse,200,5,coverage,10,0,0.0,0.6,0
SCOPE_re_en_New-York-Times-RE__relShard_002,K1000_seed1_random__fuse_r0.3,train,fuse,1000,1,random,10,0,0.0,0.3,0
SCOPE_re_en_New-York-Times-RE__relShard_002,K1000_seed1_coverage__fuse_r0.3,train,fuse,1000,1,coverage,10,0,0.0,0.3,0
SCOPE_re_en_New-York-Times-RE__relShard_002,K1000_seed2_random__fuse_r0.6,train,fuse,1000,2,random,10,0,0.0,0.6,0
SCOPE_re_en_New-York-Times-RE__relShard_002,K1000_seed2_coverage__fuse_r0.6,train,fuse,1000,2,coverage,10,0,0.0,0.6,0
SCOPE_re_en_New-York-Times-RE__relShard_002,K1000_seed3_random__fuse_r0.6,train,fuse,1000,3,random,10,0,0.0,0.6,0
SCOPE_re_en_New-York-Times-RE__relShard_002,K1000_seed3_coverage__fuse_r0.6,train,fuse,1000,3,coverage,10,0,0.0,0.6,0
SCOPE_re_en_New-York-Times-RE__relShard_002,K1000_seed4_random__fuse_r0.3,train,fuse,1000,4,random,10,0,0.0,0.3,0
SCOPE_re_en_New-York-Times-RE__relShard_002,K1000_seed4_coverage__fuse_r0.3,train,fuse,1000,4,coverage,10,0,0.0,0.3,0
SCOPE_re_en_New-York-Times-RE__relShard_002,K1000_seed5_random__fuse_r0.3,train,fuse,1000,5,random,10,0,0.0,0.3,0
SCOPE_re_en_New-York-Times-RE__relShard_002,K1000_seed5_coverage__fuse_r0.3,train,fuse,1000,5,coverage,10,0,0.0,0.3,0
SCOPE_re_en_New-York-Times-RE__relShard_002,K5000_seed1_random__fuse_r0.6,train,fuse,5000,1,random,10,0,0.0,0.6,0
SCOPE_re_en_New-York-Times-RE__relShard_002,K5000_seed1_coverage__fuse_r0.6,train,fuse,5000,1,coverage,10,0,0.0,0.6,0
SCOPE_re_en_New-York-Times-RE__relShard_002,K5000_seed2_random__fuse_r0.6,train,fuse,5000,2,random,10,0,0.0,0.6,0
SCOPE_re_en_New-York-Times-RE__relShard_002,K5000_seed2_coverage__fuse_r0.3,train,fuse,5000,2,coverage,10,0,0.0,0.3,0
SCOPE_re_en_New-York-Times-RE__relShard_002,K5000_seed3_random__fuse_r0.6,train,fuse,5000,3,random,10,0,0.0,0.6,0
SCOPE_re_en_New-York-Times-RE__relShard_002,K5000_seed3_coverage__fuse_r0.6,train,fuse,5000,3,coverage,10,0,0.0,0.6,0
SCOPE_re_en_New-York-Times-RE__relShard_002,K5000_seed4_random__fuse_r0.3,train,fuse,5000,4,random,10,0,0.0,0.3,0
SCOPE_re_en_New-York-Times-RE__relShard_002,K5000_seed4_coverage__fuse_r0.3,train,fuse,5000,4,coverage,10,0,0.0,0.3,0
SCOPE_re_en_New-York-Times-RE__relShard_002,K5000_seed5_random__fuse_r0.3,train,fuse,5000,5,random,10,0,0.0,0.3,0
SCOPE_re_en_New-York-Times-RE__relShard_002,K5000_seed5_coverage__fuse_r0.6,train,fuse,5000,5,coverage,10,0,0.0,0.6,0
SCOPE_re_en_SciERC__relShard_001,K200_seed1_random__fuse_r0.6,train,fuse,200,1,random,7,7,1.0,0.6,0
SCOPE_re_en_SciERC__relShard_001,K200_seed1_coverage__fuse_r0.3,train,fuse,200,1,coverage,7,7,1.0,0.3,0
SCOPE_re_en_SciERC__relShard_001,K200_seed2_random__fuse_r0.6,train,fuse,200,2,random,7,7,1.0,0.6,0
SCOPE_re_en_SciERC__relShard_001,K200_seed2_coverage__fuse_r0.3,train,fuse,200,2,coverage,7,7,1.0,0.3,0
SCOPE_re_en_SciERC__relShard_001,K200_seed3_random__fuse_r0.3,train,fuse,200,3,random,7,7,1.0,0.3,0
SCOPE_re_en_SciERC__relShard_001,K200_seed3_coverage__fuse_r0.6,train,fuse,200,3,coverage,7,7,1.0,0.6,0
SCOPE_re_en_SciERC__relShard_001,K200_seed4_random__fuse_r0.3,train,fuse,200,4,random,7,7,1.0,0.3,0
SCOPE_re_en_SciERC__relShard_001,K200_seed4_coverage__fuse_r0.3,train,fuse,200,4,coverage,7,7,1.0,0.3,0
SCOPE_re_en_SciERC__relShard_001,K200_seed5_random__fuse_r0.3,train,fuse,200,5,random,7,7,1.0,0.3,0
SCOPE_re_en_SciERC__relShard_001,K200_seed5_coverage__fuse_r0.6,train,fuse,200,5,coverage,7,7,1.0,0.6,0
SCOPE_re_en_SciERC__relShard_001,K1000_seed1_random__fuse_r0.6,train,fuse,1000,1,random,7,7,1.0,0.6,0
SCOPE_re_en_SciERC__relShard_001,K1000_seed1_coverage__fuse_r0.3,train,fuse,1000,1,coverage,7,7,1.0,0.3,0
SCOPE_re_en_SciERC__relShard_001,K1000_seed2_random__fuse_r0.3,train,fuse,1000,2,random,7,7,1.0,0.3,0
SCOPE_re_en_SciERC__relShard_001,K1000_seed2_coverage__fuse_r0.3,train,fuse,1000,2,coverage,7,7,1.0,0.3,0
SCOPE_re_en_SciERC__relShard_001,K1000_seed3_random__fuse_r0.3,train,fuse,1000,3,random,7,7,1.0,0.3,0
SCOPE_re_en_SciERC__relShard_001,K1000_seed3_coverage__fuse_r0.3,train,fuse,1000,3,coverage,7,7,1.0,0.3,0
SCOPE_re_en_SciERC__relShard_001,K1000_seed4_random__fuse_r0.6,train,fuse,1000,4,random,7,7,1.0,0.6,0
SCOPE_re_en_SciERC__relShard_001,K1000_seed4_coverage__fuse_r0.6,train,fuse,1000,4,coverage,7,7,1.0,0.6,0
SCOPE_re_en_SciERC__relShard_001,K1000_seed5_random__fuse_r0.3,train,fuse,1000,5,random,7,7,1.0,0.3,0
SCOPE_re_en_SciERC__relShard_001,K1000_seed5_coverage__fuse_r0.6,train,fuse,1000,5,coverage,7,7,1.0,0.6,0
SCOPE_re_en_SciERC__relShard_001,K5000_seed1_random__fuse_r0.3,train,fuse,5000,1,random,7,7,1.0,0.3,0
SCOPE_re_en_SciERC__relShard_001,K5000_seed1_coverage__fuse_r0.3,train,fuse,5000,1,coverage,7,7,1.0,0.3,0
SCOPE_re_en_SciERC__relShard_001,K5000_seed2_random__fuse_r0.6,train,fuse,5000,2,random,7,7,1.0,0.6,0
SCOPE_re_en_SciERC__relShard_001,K5000_seed2_coverage__fuse_r0.3,train,fuse,5000,2,coverage,7,7,1.0,0.3,0
SCOPE_re_en_SciERC__relShard_001,K5000_seed3_random__fuse_r0.6,train,fuse,5000,3,random,7,7,1.0,0.6,0
SCOPE_re_en_SciERC__relShard_001,K5000_seed3_coverage__fuse_r0.3,train,fuse,5000,3,coverage,7,7,1.0,0.3,0
SCOPE_re_en_SciERC__relShard_001,K5000_seed4_random__fuse_r0.3,train,fuse,5000,4,random,7,7,1.0,0.3,0
SCOPE_re_en_SciERC__relShard_001,K5000_seed4_coverage__fuse_r0.3,train,fuse,5000,4,coverage,7,7,1.0,0.3,0
SCOPE_re_en_SciERC__relShard_001,K5000_seed5_random__fuse_r0.3,train,fuse,5000,5,random,7,7,1.0,0.3,0
SCOPE_re_en_SciERC__relShard_001,K5000_seed5_coverage__fuse_r0.6,train,fuse,5000,5,coverage,7,7,1.0,0.6,0
SCOPE_re_en_conll04__relShard_001,K200_seed1_random__fuse_r0.6,train,fuse,200,1,random,5,5,1.0,0.6,0
SCOPE_re_en_conll04__relShard_001,K200_seed1_coverage__fuse_r0.3,train,fuse,200,1,coverage,5,5,1.0,0.3,0
SCOPE_re_en_conll04__relShard_001,K200_seed2_random__fuse_r0.6,train,fuse,200,2,random,5,5,1.0,0.6,0
SCOPE_re_en_conll04__relShard_001,K200_seed2_coverage__fuse_r0.6,train,fuse,200,2,coverage,5,5,1.0,0.6,0
SCOPE_re_en_conll04__relShard_001,K200_seed3_random__fuse_r0.3,train,fuse,200,3,random,5,5,1.0,0.3,0
SCOPE_re_en_conll04__relShard_001,K200_seed3_coverage__fuse_r0.6,train,fuse,200,3,coverage,5,5,1.0,0.6,0
SCOPE_re_en_conll04__relShard_001,K200_seed4_random__fuse_r0.3,train,fuse,200,4,random,5,5,1.0,0.3,0
SCOPE_re_en_conll04__relShard_001,K200_seed4_coverage__fuse_r0.6,train,fuse,200,4,coverage,5,5,1.0,0.6,0
SCOPE_re_en_conll04__relShard_001,K200_seed5_random__fuse_r0.3,train,fuse,200,5,random,5,5,1.0,0.3,0
SCOPE_re_en_conll04__relShard_001,K200_seed5_coverage__fuse_r0.6,train,fuse,200,5,coverage,5,5,1.0,0.6,0
SCOPE_re_en_conll04__relShard_001,K1000_seed1_random__fuse_r0.6,train,fuse,1000,1,random,5,5,1.0,0.6,0
SCOPE_re_en_conll04__relShard_001,K1000_seed1_coverage__fuse_r0.6,train,fuse,1000,1,coverage,5,5,1.0,0.6,0
SCOPE_re_en_conll04__relShard_001,K1000_seed2_random__fuse_r0.3,train,fuse,1000,2,random,5,5,1.0,0.3,0
SCOPE_re_en_conll04__relShard_001,K1000_seed2_coverage__fuse_r0.3,train,fuse,1000,2,coverage,5,5,1.0,0.3,0
SCOPE_re_en_conll04__relShard_001,K1000_seed3_random__fuse_r0.3,train,fuse,1000,3,random,5,5,1.0,0.3,0
SCOPE_re_en_conll04__relShard_001,K1000_seed3_coverage__fuse_r0.6,train,fuse,1000,3,coverage,5,5,1.0,0.6,0
SCOPE_re_en_conll04__relShard_001,K1000_seed4_random__fuse_r0.3,train,fuse,1000,4,random,5,5,1.0,0.3,0
SCOPE_re_en_conll04__relShard_001,K1000_seed4_coverage__fuse_r0.6,train,fuse,1000,4,coverage,5,5,1.0,0.6,0
SCOPE_re_en_conll04__relShard_001,K1000_seed5_random__fuse_r0.6,train,fuse,1000,5,random,5,5,1.0,0.6,0
SCOPE_re_en_conll04__relShard_001,K1000_seed5_coverage__fuse_r0.6,train,fuse,1000,5,coverage,5,5,1.0,0.6,0
SCOPE_re_en_conll04__relShard_001,K5000_seed1_random__fuse_r0.6,train,fuse,5000,1,random,5,5,1.0,0.6,0
SCOPE_re_en_conll04__relShard_001,K5000_seed1_coverage__fuse_r0.3,train,fuse,5000,1,coverage,5,5,1.0,0.3,0
SCOPE_re_en_conll04__relShard_001,K5000_seed2_random__fuse_r0.3,train,fuse,5000,2,random,5,5,1.0,0.3,0
SCOPE_re_en_conll04__relShard_001,K5000_seed2_coverage__fuse_r0.6,train,fuse,5000,2,coverage,5,5,1.0,0.6,0
SCOPE_re_en_conll04__relShard_001,K5000_seed3_random__fuse_r0.3,train,fuse,5000,3,random,5,5,1.0,0.3,0
SCOPE_re_en_conll04__relShard_001,K5000_seed3_coverage__fuse_r0.3,train,fuse,5000,3,coverage,5,5,1.0,0.3,0
SCOPE_re_en_conll04__relShard_001,K5000_seed4_random__fuse_r0.6,train,fuse,5000,4,random,5,5,1.0,0.6,0
SCOPE_re_en_conll04__relShard_001,K5000_seed4_coverage__fuse_r0.3,train,fuse,5000,4,coverage,5,5,1.0,0.3,0
SCOPE_re_en_conll04__relShard_001,K5000_seed5_random__fuse_r0.6,train,fuse,5000,5,random,5,5,1.0,0.6,0
SCOPE_re_en_conll04__relShard_001,K5000_seed5_coverage__fuse_r0.6,train,fuse,5000,5,coverage,5,5,1.0,0.6,0
SCOPE_re_en_kbp37__relShard_001,K200_seed1_random__fuse_r0.6,train,fuse,200,1,random,5,5,1.0,0.6,0
SCOPE_re_en_kbp37__relShard_001,K200_seed1_coverage__fuse_r0.3,train,fuse,200,1,coverage,5,5,1.0,0.3,0
SCOPE_re_en_kbp37__relShard_001,K200_seed2_random__fuse_r0.3,train,fuse,200,2,random,5,5,1.0,0.3,0
SCOPE_re_en_kbp37__relShard_001,K200_seed2_coverage__fuse_r0.3,train,fuse,200,2,coverage,5,5,1.0,0.3,0
SCOPE_re_en_kbp37__relShard_001,K200_seed3_random__fuse_r0.6,train,fuse,200,3,random,5,5,1.0,0.6,0
SCOPE_re_en_kbp37__relShard_001,K200_seed3_coverage__fuse_r0.6,train,fuse,200,3,coverage,5,5,1.0,0.6,0
SCOPE_re_en_kbp37__relShard_001,K200_seed4_random__fuse_r0.3,train,fuse,200,4,random,5,5,1.0,0.3,0
SCOPE_re_en_kbp37__relShard_001,K200_seed4_coverage__fuse_r0.3,train,fuse,200,4,coverage,5,5,1.0,0.3,0
SCOPE_re_en_kbp37__relShard_001,K200_seed5_random__fuse_r0.3,train,fuse,200,5,random,5,5,1.0,0.3,0
SCOPE_re_en_kbp37__relShard_001,K200_seed5_coverage__fuse_r0.6,train,fuse,200,5,coverage,5,5,1.0,0.6,0
SCOPE_re_en_kbp37__relShard_001,K1000_seed1_random__fuse_r0.3,train,fuse,1000,1,random,5,5,1.0,0.3,0
SCOPE_re_en_kbp37__relShard_001,K1000_seed1_coverage__fuse_r0.3,train,fuse,1000,1,coverage,5,5,1.0,0.3,0
SCOPE_re_en_kbp37__relShard_001,K1000_seed2_random__fuse_r0.6,train,fuse,1000,2,random,5,5,1.0,0.6,0
SCOPE_re_en_kbp37__relShard_001,K1000_seed2_coverage__fuse_r0.3,train,fuse,1000,2,coverage,5,5,1.0,0.3,0
SCOPE_re_en_kbp37__relShard_001,K1000_seed3_random__fuse_r0.6,train,fuse,1000,3,random,5,5,1.0,0.6,0
SCOPE_re_en_kbp37__relShard_001,K1000_seed3_coverage__fuse_r0.6,train,fuse,1000,3,coverage,5,5,1.0,0.6,0
SCOPE_re_en_kbp37__relShard_001,K1000_seed4_random__fuse_r0.3,train,fuse,1000,4,random,5,5,1.0,0.3,0
SCOPE_re_en_kbp37__relShard_001,K1000_seed4_coverage__fuse_r0.6,train,fuse,1000,4,coverage,5,5,1.0,0.6,0
SCOPE_re_en_kbp37__relShard_001,K1000_seed5_random__fuse_r0.3,train,fuse,1000,5,random,5,5,1.0,0.3,0
SCOPE_re_en_kbp37__relShard_001,K1000_seed5_coverage__fuse_r0.3,train,fuse,1000,5,coverage,5,5,1.0,0.3,0
SCOPE_re_en_kbp37__relShard_001,K5000_seed1_random__fuse_r0.6,train,fuse,5000,1,random,5,5,1.0,0.6,0
SCOPE_re_en_kbp37__relShard_001,K5000_seed1_coverage__fuse_r0.3,train,fuse,5000,1,coverage,5,5,1.0,0.3,0
SCOPE_re_en_kbp37__relShard_001,K5000_seed2_random__fuse_r0.3,train,fuse,5000,2,random,5,5,1.0,0.3,0
SCOPE_re_en_kbp37__relShard_001,K5000_seed2_coverage__fuse_r0.3,train,fuse,5000,2,coverage,5,5,1.0,0.3,0
SCOPE_re_en_kbp37__relShard_001,K5000_seed3_random__fuse_r0.3,train,fuse,5000,3,random,5,5,1.0,0.3,0
SCOPE_re_en_kbp37__relShard_001,K5000_seed3_coverage__fuse_r0.6,train,fuse,5000,3,coverage,5,5,1.0,0.6,0
SCOPE_re_en_kbp37__relShard_001,K5000_seed4_random__fuse_r0.3,train,fuse,5000,4,random,5,5,1.0,0.3,0
SCOPE_re_en_kbp37__relShard_001,K5000_seed4_coverage__fuse_r0.6,train,fuse,5000,4,coverage,5,5,1.0,0.6,0
SCOPE_re_en_kbp37__relShard_001,K5000_seed5_random__fuse_r0.6,train,fuse,5000,5,random,5,5,1.0,0.6,0
SCOPE_re_en_kbp37__relShard_001,K5000_seed5_coverage__fuse_r0.6,train,fuse,5000,5,coverage,5,5,1.0,0.6,0
SCOPE_re_en_kbp37__relShard_002,K200_seed1_random__fuse_r0.3,train,fuse,200,1,random,6,6,1.0,0.3,0
SCOPE_re_en_kbp37__relShard_002,K200_seed1_coverage__fuse_r0.3,train,fuse,200,1,coverage,6,6,1.0,0.3,0
SCOPE_re_en_kbp37__relShard_002,K200_seed2_random__fuse_r0.6,train,fuse,200,2,random,6,6,1.0,0.6,0
SCOPE_re_en_kbp37__relShard_002,K200_seed2_coverage__fuse_r0.3,train,fuse,200,2,coverage,6,6,1.0,0.3,0
SCOPE_re_en_kbp37__relShard_002,K200_seed3_random__fuse_r0.3,train,fuse,200,3,random,6,6,1.0,0.3,0
SCOPE_re_en_kbp37__relShard_002,K200_seed3_coverage__fuse_r0.3,train,fuse,200,3,coverage,6,6,1.0,0.3,0
SCOPE_re_en_kbp37__relShard_002,K200_seed4_random__fuse_r0.6,train,fuse,200,4,random,6,6,1.0,0.6,0
SCOPE_re_en_kbp37__relShard_002,K200_seed4_coverage__fuse_r0.3,train,fuse,200,4,coverage,6,6,1.0,0.3,0
SCOPE_re_en_kbp37__relShard_002,K200_seed5_random__fuse_r0.6,train,fuse,200,5,random,6,6,1.0,0.6,0
SCOPE_re_en_kbp37__relShard_002,K200_seed5_coverage__fuse_r0.3,train,fuse,200,5,coverage,6,6,1.0,0.3,0
SCOPE_re_en_kbp37__relShard_002,K1000_seed1_random__fuse_r0.3,train,fuse,1000,1,random,6,6,1.0,0.3,0
SCOPE_re_en_kbp37__relShard_002,K1000_seed1_coverage__fuse_r0.6,train,fuse,1000,1,coverage,6,6,1.0,0.6,0
SCOPE_re_en_kbp37__relShard_002,K1000_seed2_random__fuse_r0.3,train,fuse,1000,2,random,6,6,1.0,0.3,0
SCOPE_re_en_kbp37__relShard_002,K1000_seed2_coverage__fuse_r0.6,train,fuse,1000,2,coverage,6,6,1.0,0.6,0
SCOPE_re_en_kbp37__relShard_002,K1000_seed3_random__fuse_r0.6,train,fuse,1000,3,random,6,6,1.0,0.6,0
SCOPE_re_en_kbp37__relShard_002,K1000_seed3_coverage__fuse_r0.6,train,fuse,1000,3,coverage,6,6,1.0,0.6,0
SCOPE_re_en_kbp37__relShard_002,K1000_seed4_random__fuse_r0.6,train,fuse,1000,4,random,6,6,1.0,0.6,0
SCOPE_re_en_kbp37__relShard_002,K1000_seed4_coverage__fuse_r0.6,train,fuse,1000,4,coverage,6,6,1.0,0.6,0
SCOPE_re_en_kbp37__relShard_002,K1000_seed5_random__fuse_r0.6,train,fuse,1000,5,random,6,6,1.0,0.6,0
SCOPE_re_en_kbp37__relShard_002,K1000_seed5_coverage__fuse_r0.6,train,fuse,1000,5,coverage,6,6,1.0,0.6,0
SCOPE_re_en_kbp37__relShard_002,K5000_seed1_random__fuse_r0.6,train,fuse,5000,1,random,6,6,1.0,0.6,0
SCOPE_re_en_kbp37__relShard_002,K5000_seed1_coverage__fuse_r0.3,train,fuse,5000,1,coverage,6,6,1.0,0.3,0
SCOPE_re_en_kbp37__relShard_002,K5000_seed2_random__fuse_r0.6,train,fuse,5000,2,random,6,6,1.0,0.6,0
SCOPE_re_en_kbp37__relShard_002,K5000_seed2_coverage__fuse_r0.3,train,fuse,5000,2,coverage,6,6,1.0,0.3,0
SCOPE_re_en_kbp37__relShard_002,K5000_seed3_random__fuse_r0.3,train,fuse,5000,3,random,6,6,1.0,0.3,0
SCOPE_re_en_kbp37__relShard_002,K5000_seed3_coverage__fuse_r0.6,train,fuse,5000,3,coverage,6,6,1.0,0.6,0
SCOPE_re_en_kbp37__relShard_002,K5000_seed4_random__fuse_r0.6,train,fuse,5000,4,random,6,6,1.0,0.6,0
SCOPE_re_en_kbp37__relShard_002,K5000_seed4_coverage__fuse_r0.3,train,fuse,5000,4,coverage,6,6,1.0,0.3,0
SCOPE_re_en_kbp37__relShard_002,K5000_seed5_random__fuse_r0.3,train,fuse,5000,5,random,6,6,1.0,0.3,0
SCOPE_re_en_kbp37__relShard_002,K5000_seed5_coverage__fuse_r0.6,train,fuse,5000,5,coverage,6,6,1.0,0.6,0
SCOPE_re_en_kbp37__relShard_003,K200_seed1_random__fuse_r0.3,train,fuse,200,1,random,7,7,1.0,0.3,0
SCOPE_re_en_kbp37__relShard_003,K200_seed1_coverage__fuse_r0.3,train,fuse,200,1,coverage,7,7,1.0,0.3,0
SCOPE_re_en_kbp37__relShard_003,K200_seed2_random__fuse_r0.3,train,fuse,200,2,random,7,7,1.0,0.3,0
SCOPE_re_en_kbp37__relShard_003,K200_seed2_coverage__fuse_r0.3,train,fuse,200,2,coverage,7,7,1.0,0.3,0
SCOPE_re_en_kbp37__relShard_003,K200_seed3_random__fuse_r0.6,train,fuse,200,3,random,7,7,1.0,0.6,0
SCOPE_re_en_kbp37__relShard_003,K200_seed3_coverage__fuse_r0.6,train,fuse,200,3,coverage,7,7,1.0,0.6,0
SCOPE_re_en_kbp37__relShard_003,K200_seed4_random__fuse_r0.3,train,fuse,200,4,random,7,7,1.0,0.3,0
SCOPE_re_en_kbp37__relShard_003,K200_seed4_coverage__fuse_r0.6,train,fuse,200,4,coverage,7,7,1.0,0.6,0
SCOPE_re_en_kbp37__relShard_003,K200_seed5_random__fuse_r0.3,train,fuse,200,5,random,7,7,1.0,0.3,0
SCOPE_re_en_kbp37__relShard_003,K200_seed5_coverage__fuse_r0.3,train,fuse,200,5,coverage,7,7,1.0,0.3,0
SCOPE_re_en_kbp37__relShard_003,K1000_seed1_random__fuse_r0.3,train,fuse,1000,1,random,7,7,1.0,0.3,0
SCOPE_re_en_kbp37__relShard_003,K1000_seed1_coverage__fuse_r0.6,train,fuse,1000,1,coverage,7,7,1.0,0.6,0
SCOPE_re_en_kbp37__relShard_003,K1000_seed2_random__fuse_r0.6,train,fuse,1000,2,random,7,7,1.0,0.6,0
SCOPE_re_en_kbp37__relShard_003,K1000_seed2_coverage__fuse_r0.6,train,fuse,1000,2,coverage,7,7,1.0,0.6,0
SCOPE_re_en_kbp37__relShard_003,K1000_seed3_random__fuse_r0.3,train,fuse,1000,3,random,7,7,1.0,0.3,0
SCOPE_re_en_kbp37__relShard_003,K1000_seed3_coverage__fuse_r0.3,train,fuse,1000,3,coverage,7,7,1.0,0.3,0
SCOPE_re_en_kbp37__relShard_003,K1000_seed4_random__fuse_r0.6,train,fuse,1000,4,random,7,7,1.0,0.6,0
SCOPE_re_en_kbp37__relShard_003,K1000_seed4_coverage__fuse_r0.3,train,fuse,1000,4,coverage,7,7,1.0,0.3,0
SCOPE_re_en_kbp37__relShard_003,K1000_seed5_random__fuse_r0.6,train,fuse,1000,5,random,7,7,1.0,0.6,0
SCOPE_re_en_kbp37__relShard_003,K1000_seed5_coverage__fuse_r0.3,train,fuse,1000,5,coverage,7,7,1.0,0.3,0
SCOPE_re_en_kbp37__relShard_003,K5000_seed1_random__fuse_r0.3,train,fuse,5000,1,random,7,7,1.0,0.3,0
SCOPE_re_en_kbp37__relShard_003,K5000_seed1_coverage__fuse_r0.3,train,fuse,5000,1,coverage,7,7,1.0,0.3,0
SCOPE_re_en_kbp37__relShard_003,K5000_seed2_random__fuse_r0.3,train,fuse,5000,2,random,7,7,1.0,0.3,0
SCOPE_re_en_kbp37__relShard_003,K5000_seed2_coverage__fuse_r0.3,train,fuse,5000,2,coverage,7,7,1.0,0.3,0
SCOPE_re_en_kbp37__relShard_003,K5000_seed3_random__fuse_r0.6,train,fuse,5000,3,random,7,7,1.0,0.6,0
SCOPE_re_en_kbp37__relShard_003,K5000_seed3_coverage__fuse_r0.3,train,fuse,5000,3,coverage,7,7,1.0,0.3,0
SCOPE_re_en_kbp37__relShard_003,K5000_seed4_random__fuse_r0.6,train,fuse,5000,4,random,7,7,1.0,0.6,0
SCOPE_re_en_kbp37__relShard_003,K5000_seed4_coverage__fuse_r0.3,train,fuse,5000,4,coverage,7,7,1.0,0.3,0
SCOPE_re_en_kbp37__relShard_003,K5000_seed5_random__fuse_r0.6,train,fuse,5000,5,random,7,7,1.0,0.6,0
SCOPE_re_en_kbp37__relShard_003,K5000_seed5_coverage__fuse_r0.3,train,fuse,5000,5,coverage,7,7,1.0,0.3,0
SCOPE_re_en_SemEval2010_task8__relShard_001,K200_seed1_random__fuse_r0.6,train,fuse,200,1,random,5,5,1.0,0.6,0
SCOPE_re_en_SemEval2010_task8__relShard_001,K200_seed1_coverage__fuse_r0.6,train,fuse,200,1,coverage,5,5,1.0,0.6,0
SCOPE_re_en_SemEval2010_task8__relShard_001,K200_seed2_random__fuse_r0.3,train,fuse,200,2,random,5,5,1.0,0.3,0
SCOPE_re_en_SemEval2010_task8__relShard_001,K200_seed2_coverage__fuse_r0.3,train,fuse,200,2,coverage,5,5,1.0,0.3,0
SCOPE_re_en_SemEval2010_task8__relShard_001,K200_seed3_random__fuse_r0.6,train,fuse,200,3,random,5,5,1.0,0.6,0
SCOPE_re_en_SemEval2010_task8__relShard_001,K200_seed3_coverage__fuse_r0.6,train,fuse,200,3,coverage,5,5,1.0,0.6,0
SCOPE_re_en_SemEval2010_task8__relShard_001,K200_seed4_random__fuse_r0.6,train,fuse,200,4,random,5,5,1.0,0.6,0
SCOPE_re_en_SemEval2010_task8__relShard_001,K200_seed4_coverage__fuse_r0.3,train,fuse,200,4,coverage,5,5,1.0,0.3,0
SCOPE_re_en_SemEval2010_task8__relShard_001,K200_seed5_random__fuse_r0.3,train,fuse,200,5,random,5,5,1.0,0.3,0
SCOPE_re_en_SemEval2010_task8__relShard_001,K200_seed5_coverage__fuse_r0.6,train,fuse,200,5,coverage,5,5,1.0,0.6,0
SCOPE_re_en_SemEval2010_task8__relShard_001,K1000_seed1_random__fuse_r0.3,train,fuse,1000,1,random,5,5,1.0,0.3,0
SCOPE_re_en_SemEval2010_task8__relShard_001,K1000_seed1_coverage__fuse_r0.3,train,fuse,1000,1,coverage,5,5,1.0,0.3,0
SCOPE_re_en_SemEval2010_task8__relShard_001,K1000_seed2_random__fuse_r0.3,train,fuse,1000,2,random,5,5,1.0,0.3,0
SCOPE_re_en_SemEval2010_task8__relShard_001,K1000_seed2_coverage__fuse_r0.3,train,fuse,1000,2,coverage,5,5,1.0,0.3,0
SCOPE_re_en_SemEval2010_task8__relShard_001,K1000_seed3_random__fuse_r0.6,train,fuse,1000,3,random,5,5,1.0,0.6,0
SCOPE_re_en_SemEval2010_task8__relShard_001,K1000_seed3_coverage__fuse_r0.3,train,fuse,1000,3,coverage,5,5,1.0,0.3,0
SCOPE_re_en_SemEval2010_task8__relShard_001,K1000_seed4_random__fuse_r0.6,train,fuse,1000,4,random,5,5,1.0,0.6,0
SCOPE_re_en_SemEval2010_task8__relShard_001,K1000_seed4_coverage__fuse_r0.6,train,fuse,1000,4,coverage,5,5,1.0,0.6,0
SCOPE_re_en_SemEval2010_task8__relShard_001,K1000_seed5_random__fuse_r0.6,train,fuse,1000,5,random,5,5,1.0,0.6,0
SCOPE_re_en_SemEval2010_task8__relShard_001,K1000_seed5_coverage__fuse_r0.6,train,fuse,1000,5,coverage,5,5,1.0,0.6,0
SCOPE_re_en_SemEval2010_task8__relShard_001,K5000_seed1_random__fuse_r0.3,train,fuse,5000,1,random,5,5,1.0,0.3,0
SCOPE_re_en_SemEval2010_task8__relShard_001,K5000_seed1_coverage__fuse_r0.6,train,fuse,5000,1,coverage,5,5,1.0,0.6,0
SCOPE_re_en_SemEval2010_task8__relShard_001,K5000_seed2_random__fuse_r0.3,train,fuse,5000,2,random,5,5,1.0,0.3,0
SCOPE_re_en_SemEval2010_task8__relShard_001,K5000_seed2_coverage__fuse_r0.3,train,fuse,5000,2,coverage,5,5,1.0,0.3,0
SCOPE_re_en_SemEval2010_task8__relShard_001,K5000_seed3_random__fuse_r0.6,train,fuse,5000,3,random,5,5,1.0,0.6,0
SCOPE_re_en_SemEval2010_task8__relShard_001,K5000_seed3_coverage__fuse_r0.3,train,fuse,5000,3,coverage,5,5,1.0,0.3,0
SCOPE_re_en_SemEval2010_task8__relShard_001,K5000_seed4_random__fuse_r0.6,train,fuse,5000,4,random,5,5,1.0,0.6,0
SCOPE_re_en_SemEval2010_task8__relShard_001,K5000_seed4_coverage__fuse_r0.3,train,fuse,5000,4,coverage,5,5,1.0,0.3,0
SCOPE_re_en_SemEval2010_task8__relShard_001,K5000_seed5_random__fuse_r0.6,train,fuse,5000,5,random,5,5,1.0,0.6,0
SCOPE_re_en_SemEval2010_task8__relShard_001,K5000_seed5_coverage__fuse_r0.3,train,fuse,5000,5,coverage,5,5,1.0,0.3,0
SCOPE_re_en_SemEval2010_task8__relShard_002,K200_seed1_random__fuse_r0.6,train,fuse,200,1,random,5,5,1.0,0.6,0
SCOPE_re_en_SemEval2010_task8__relShard_002,K200_seed1_coverage__fuse_r0.6,train,fuse,200,1,coverage,5,5,1.0,0.6,0
SCOPE_re_en_SemEval2010_task8__relShard_002,K200_seed2_random__fuse_r0.6,train,fuse,200,2,random,5,5,1.0,0.6,0
SCOPE_re_en_SemEval2010_task8__relShard_002,K200_seed2_coverage__fuse_r0.3,train,fuse,200,2,coverage,5,5,1.0,0.3,0
SCOPE_re_en_SemEval2010_task8__relShard_002,K200_seed3_random__fuse_r0.6,train,fuse,200,3,random,5,5,1.0,0.6,0
SCOPE_re_en_SemEval2010_task8__relShard_002,K200_seed3_coverage__fuse_r0.3,train,fuse,200,3,coverage,5,5,1.0,0.3,0
SCOPE_re_en_SemEval2010_task8__relShard_002,K200_seed4_random__fuse_r0.6,train,fuse,200,4,random,5,5,1.0,0.6,0
SCOPE_re_en_SemEval2010_task8__relShard_002,K200_seed4_coverage__fuse_r0.3,train,fuse,200,4,coverage,5,5,1.0,0.3,0
SCOPE_re_en_SemEval2010_task8__relShard_002,K200_seed5_random__fuse_r0.6,train,fuse,200,5,random,5,5,1.0,0.6,0
SCOPE_re_en_SemEval2010_task8__relShard_002,K200_seed5_coverage__fuse_r0.6,train,fuse,200,5,coverage,5,5,1.0,0.6,0
SCOPE_re_en_SemEval2010_task8__relShard_002,K1000_seed1_random__fuse_r0.3,train,fuse,1000,1,random,5,5,1.0,0.3,0
SCOPE_re_en_SemEval2010_task8__relShard_002,K1000_seed1_coverage__fuse_r0.3,train,fuse,1000,1,coverage,5,5,1.0,0.3,0
SCOPE_re_en_SemEval2010_task8__relShard_002,K1000_seed2_random__fuse_r0.3,train,fuse,1000,2,random,5,5,1.0,0.3,0
SCOPE_re_en_SemEval2010_task8__relShard_002,K1000_seed2_coverage__fuse_r0.3,train,fuse,1000,2,coverage,5,5,1.0,0.3,0
SCOPE_re_en_SemEval2010_task8__relShard_002,K1000_seed3_random__fuse_r0.6,train,fuse,1000,3,random,5,5,1.0,0.6,0
SCOPE_re_en_SemEval2010_task8__relShard_002,K1000_seed3_coverage__fuse_r0.6,train,fuse,1000,3,coverage,5,5,1.0,0.6,0
SCOPE_re_en_SemEval2010_task8__relShard_002,K1000_seed4_random__fuse_r0.3,train,fuse,1000,4,random,5,5,1.0,0.3,0
SCOPE_re_en_SemEval2010_task8__relShard_002,K1000_seed4_coverage__fuse_r0.3,train,fuse,1000,4,coverage,5,5,1.0,0.3,0
SCOPE_re_en_SemEval2010_task8__relShard_002,K1000_seed5_random__fuse_r0.6,train,fuse,1000,5,random,5,5,1.0,0.6,0
SCOPE_re_en_SemEval2010_task8__relShard_002,K1000_seed5_coverage__fuse_r0.3,train,fuse,1000,5,coverage,5,5,1.0,0.3,0
SCOPE_re_en_SemEval2010_task8__relShard_002,K5000_seed1_random__fuse_r0.3,train,fuse,5000,1,random,5,5,1.0,0.3,0
SCOPE_re_en_SemEval2010_task8__relShard_002,K5000_seed1_coverage__fuse_r0.3,train,fuse,5000,1,coverage,5,5,1.0,0.3,0
SCOPE_re_en_SemEval2010_task8__relShard_002,K5000_seed2_random__fuse_r0.3,train,fuse,5000,2,random,5,5,1.0,0.3,0
SCOPE_re_en_SemEval2010_task8__relShard_002,K5000_seed2_coverage__fuse_r0.6,train,fuse,5000,2,coverage,5,5,1.0,0.6,0
SCOPE_re_en_SemEval2010_task8__relShard_002,K5000_seed3_random__fuse_r0.3,train,fuse,5000,3,random,5,5,1.0,0.3,0
SCOPE_re_en_SemEval2010_task8__relShard_002,K5000_seed3_coverage__fuse_r0.3,train,fuse,5000,3,coverage,5,5,1.0,0.3,0
SCOPE_re_en_SemEval2010_task8__relShard_002,K5000_seed4_random__fuse_r0.6,train,fuse,5000,4,random,5,5,1.0,0.6,0
SCOPE_re_en_SemEval2010_task8__relShard_002,K5000_seed4_coverage__fuse_r0.6,train,fuse,5000,4,coverage,5,5,1.0,0.6,0
SCOPE_re_en_SemEval2010_task8__relShard_002,K5000_seed5_random__fuse_r0.3,train,fuse,5000,5,random,5,5,1.0,0.3,0
SCOPE_re_en_SemEval2010_task8__relShard_002,K5000_seed5_coverage__fuse_r0.6,train,fuse,5000,5,coverage,5,5,1.0,0.6,0
SCOPE_ee_en_CASIE__evtShard_001,K200_seed1_random__fuse_r0.3,train,fuse,200,1,random,18,13,0.7222222222222222,0.3,0
SCOPE_ee_en_CASIE__evtShard_001,K200_seed1_coverage__fuse_r0.3,train,fuse,200,1,coverage,18,14,0.7777777777777778,0.3,0
SCOPE_ee_en_CASIE__evtShard_001,K200_seed2_random__fuse_r0.6,train,fuse,200,2,random,18,8,0.4444444444444444,0.6,0
SCOPE_ee_en_CASIE__evtShard_001,K200_seed2_coverage__fuse_r0.3,train,fuse,200,2,coverage,18,14,0.7777777777777778,0.3,0
SCOPE_ee_en_CASIE__evtShard_001,K200_seed3_random__fuse_r0.3,train,fuse,200,3,random,18,13,0.7222222222222222,0.3,0
SCOPE_ee_en_CASIE__evtShard_001,K200_seed3_coverage__fuse_r0.6,train,fuse,200,3,coverage,18,8,0.4444444444444444,0.6,0
SCOPE_ee_en_CASIE__evtShard_001,K200_seed4_random__fuse_r0.3,train,fuse,200,4,random,18,14,0.7777777777777778,0.3,0
SCOPE_ee_en_CASIE__evtShard_001,K200_seed4_coverage__fuse_r0.6,train,fuse,200,4,coverage,18,8,0.4444444444444444,0.6,0
SCOPE_ee_en_CASIE__evtShard_001,K200_seed5_random__fuse_r0.6,train,fuse,200,5,random,18,8,0.4444444444444444,0.6,0
SCOPE_ee_en_CASIE__evtShard_001,K200_seed5_coverage__fuse_r0.3,train,fuse,200,5,coverage,18,14,0.7777777777777778,0.3,0
SCOPE_ee_en_CASIE__evtShard_001,K1000_seed1_random__fuse_r0.6,train,fuse,1000,1,random,18,8,0.4444444444444444,0.6,0
SCOPE_ee_en_CASIE__evtShard_001,K1000_seed1_coverage__fuse_r0.6,train,fuse,1000,1,coverage,18,8,0.4444444444444444,0.6,0
SCOPE_ee_en_CASIE__evtShard_001,K1000_seed2_random__fuse_r0.6,train,fuse,1000,2,random,18,8,0.4444444444444444,0.6,0
SCOPE_ee_en_CASIE__evtShard_001,K1000_seed2_coverage__fuse_r0.6,train,fuse,1000,2,coverage,18,8,0.4444444444444444,0.6,0
SCOPE_ee_en_CASIE__evtShard_001,K1000_seed3_random__fuse_r0.6,train,fuse,1000,3,random,18,8,0.4444444444444444,0.6,0
SCOPE_ee_en_CASIE__evtShard_001,K1000_seed3_coverage__fuse_r0.3,train,fuse,1000,3,coverage,18,14,0.7777777777777778,0.3,0
SCOPE_ee_en_CASIE__evtShard_001,K1000_seed4_random__fuse_r0.6,train,fuse,1000,4,random,18,8,0.4444444444444444,0.6,0
SCOPE_ee_en_CASIE__evtShard_001,K1000_seed4_coverage__fuse_r0.6,train,fuse,1000,4,coverage,18,8,0.4444444444444444,0.6,0
SCOPE_ee_en_CASIE__evtShard_001,K1000_seed5_random__fuse_r0.6,train,fuse,1000,5,random,18,8,0.4444444444444444,0.6,0
SCOPE_ee_en_CASIE__evtShard_001,K1000_seed5_coverage__fuse_r0.3,train,fuse,1000,5,coverage,18,14,0.7777777777777778,0.3,0
SCOPE_ee_en_CASIE__evtShard_001,K5000_seed1_random__fuse_r0.3,train,fuse,5000,1,random,18,14,0.7777777777777778,0.3,0
SCOPE_ee_en_CASIE__evtShard_001,K5000_seed1_coverage__fuse_r0.6,train,fuse,5000,1,coverage,18,8,0.4444444444444444,0.6,0
SCOPE_ee_en_CASIE__evtShard_001,K5000_seed2_random__fuse_r0.6,train,fuse,5000,2,random,18,8,0.4444444444444444,0.6,0
SCOPE_ee_en_CASIE__evtShard_001,K5000_seed2_coverage__fuse_r0.6,train,fuse,5000,2,coverage,18,8,0.4444444444444444,0.6,0
SCOPE_ee_en_CASIE__evtShard_001,K5000_seed3_random__fuse_r0.6,train,fuse,5000,3,random,18,8,0.4444444444444444,0.6,0
SCOPE_ee_en_CASIE__evtShard_001,K5000_seed3_coverage__fuse_r0.3,train,fuse,5000,3,coverage,18,14,0.7777777777777778,0.3,0
SCOPE_ee_en_CASIE__evtShard_001,K5000_seed4_random__fuse_r0.6,train,fuse,5000,4,random,18,8,0.4444444444444444,0.6,0
SCOPE_ee_en_CASIE__evtShard_001,K5000_seed4_coverage__fuse_r0.6,train,fuse,5000,4,coverage,18,8,0.4444444444444444,0.6,0
SCOPE_ee_en_CASIE__evtShard_001,K5000_seed5_random__fuse_r0.6,train,fuse,5000,5,random,18,8,0.4444444444444444,0.6,0
SCOPE_ee_en_CASIE__evtShard_001,K5000_seed5_coverage__fuse_r0.3,train,fuse,5000,5,coverage,18,14,0.7777777777777778,0.3,0
SCOPE_ee_en_CASIE__evtShard_002,K200_seed1_random__fuse_r0.3,train,fuse,200,1,random,30,22,0.7333333333333333,0.3,0
SCOPE_ee_en_CASIE__evtShard_002,K200_seed1_coverage__fuse_r0.3,train,fuse,200,1,coverage,30,22,0.7333333333333333,0.3,0
SCOPE_ee_en_CASIE__evtShard_002,K200_seed2_random__fuse_r0.3,train,fuse,200,2,random,30,20,0.6666666666666666,0.3,0
SCOPE_ee_en_CASIE__evtShard_002,K200_seed2_coverage__fuse_r0.3,train,fuse,200,2,coverage,30,22,0.7333333333333333,0.3,0
SCOPE_ee_en_CASIE__evtShard_002,K200_seed3_random__fuse_r0.3,train,fuse,200,3,random,30,20,0.6666666666666666,0.3,0
SCOPE_ee_en_CASIE__evtShard_002,K200_seed3_coverage__fuse_r0.6,train,fuse,200,3,coverage,30,13,0.43333333333333335,0.6,0
SCOPE_ee_en_CASIE__evtShard_002,K200_seed4_random__fuse_r0.6,train,fuse,200,4,random,30,13,0.43333333333333335,0.6,0
SCOPE_ee_en_CASIE__evtShard_002,K200_seed4_coverage__fuse_r0.6,train,fuse,200,4,coverage,30,13,0.43333333333333335,0.6,0
SCOPE_ee_en_CASIE__evtShard_002,K200_seed5_random__fuse_r0.6,train,fuse,200,5,random,30,13,0.43333333333333335,0.6,0
SCOPE_ee_en_CASIE__evtShard_002,K200_seed5_coverage__fuse_r0.3,train,fuse,200,5,coverage,30,22,0.7333333333333333,0.3,0
SCOPE_ee_en_CASIE__evtShard_002,K1000_seed1_random__fuse_r0.3,train,fuse,1000,1,random,30,22,0.7333333333333333,0.3,0
SCOPE_ee_en_CASIE__evtShard_002,K1000_seed1_coverage__fuse_r0.3,train,fuse,1000,1,coverage,30,22,0.7333333333333333,0.3,0
SCOPE_ee_en_CASIE__evtShard_002,K1000_seed2_random__fuse_r0.3,train,fuse,1000,2,random,30,21,0.7,0.3,0
SCOPE_ee_en_CASIE__evtShard_002,K1000_seed2_coverage__fuse_r0.6,train,fuse,1000,2,coverage,30,13,0.43333333333333335,0.6,0
SCOPE_ee_en_CASIE__evtShard_002,K1000_seed3_random__fuse_r0.3,train,fuse,1000,3,random,30,21,0.7,0.3,0
SCOPE_ee_en_CASIE__evtShard_002,K1000_seed3_coverage__fuse_r0.6,train,fuse,1000,3,coverage,30,13,0.43333333333333335,0.6,0
SCOPE_ee_en_CASIE__evtShard_002,K1000_seed4_random__fuse_r0.3,train,fuse,1000,4,random,30,21,0.7,0.3,0
SCOPE_ee_en_CASIE__evtShard_002,K1000_seed4_coverage__fuse_r0.3,train,fuse,1000,4,coverage,30,22,0.7333333333333333,0.3,0
SCOPE_ee_en_CASIE__evtShard_002,K1000_seed5_random__fuse_r0.6,train,fuse,1000,5,random,30,13,0.43333333333333335,0.6,0
SCOPE_ee_en_CASIE__evtShard_002,K1000_seed5_coverage__fuse_r0.3,train,fuse,1000,5,coverage,30,22,0.7333333333333333,0.3,0
SCOPE_ee_en_CASIE__evtShard_002,K5000_seed1_random__fuse_r0.6,train,fuse,5000,1,random,30,13,0.43333333333333335,0.6,0
SCOPE_ee_en_CASIE__evtShard_002,K5000_seed1_coverage__fuse_r0.3,train,fuse,5000,1,coverage,30,22,0.7333333333333333,0.3,0
SCOPE_ee_en_CASIE__evtShard_002,K5000_seed2_random__fuse_r0.3,train,fuse,5000,2,random,30,22,0.7333333333333333,0.3,0
SCOPE_ee_en_CASIE__evtShard_002,K5000_seed2_coverage__fuse_r0.6,train,fuse,5000,2,coverage,30,13,0.43333333333333335,0.6,0
SCOPE_ee_en_CASIE__evtShard_002,K5000_seed3_random__fuse_r0.6,train,fuse,5000,3,random,30,13,0.43333333333333335,0.6,0
SCOPE_ee_en_CASIE__evtShard_002,K5000_seed3_coverage__fuse_r0.6,train,fuse,5000,3,coverage,30,13,0.43333333333333335,0.6,0
SCOPE_ee_en_CASIE__evtShard_002,K5000_seed4_random__fuse_r0.3,train,fuse,5000,4,random,30,22,0.7333333333333333,0.3,0
SCOPE_ee_en_CASIE__evtShard_002,K5000_seed4_coverage__fuse_r0.3,train,fuse,5000,4,coverage,30,22,0.7333333333333333,0.3,0
SCOPE_ee_en_CASIE__evtShard_002,K5000_seed5_random__fuse_r0.6,train,fuse,5000,5,random,30,13,0.43333333333333335,0.6,0
SCOPE_ee_en_CASIE__evtShard_002,K5000_seed5_coverage__fuse_r0.3,train,fuse,5000,5,coverage,30,22,0.7333333333333333,0.3,0
SCOPE_ee_en_PHEE__evtShard_001,K200_seed1_random__fuse_r0.3,train,fuse,200,1,random,32,22,0.6875,0.3,0
SCOPE_ee_en_PHEE__evtShard_001,K200_seed1_coverage__fuse_r0.6,train,fuse,200,1,coverage,32,14,0.4375,0.6,0
SCOPE_ee_en_PHEE__evtShard_001,K200_seed2_random__fuse_r0.3,train,fuse,200,2,random,32,24,0.75,0.3,0
SCOPE_ee_en_PHEE__evtShard_001,K200_seed2_coverage__fuse_r0.6,train,fuse,200,2,coverage,32,14,0.4375,0.6,0
SCOPE_ee_en_PHEE__evtShard_001,K200_seed3_random__fuse_r0.3,train,fuse,200,3,random,32,24,0.75,0.3,0
SCOPE_ee_en_PHEE__evtShard_001,K200_seed3_coverage__fuse_r0.6,train,fuse,200,3,coverage,32,14,0.4375,0.6,0
SCOPE_ee_en_PHEE__evtShard_001,K200_seed4_random__fuse_r0.6,train,fuse,200,4,random,32,13,0.40625,0.6,0
SCOPE_ee_en_PHEE__evtShard_001,K200_seed4_coverage__fuse_r0.6,train,fuse,200,4,coverage,32,14,0.4375,0.6,0
SCOPE_ee_en_PHEE__evtShard_001,K200_seed5_random__fuse_r0.6,train,fuse,200,5,random,32,13,0.40625,0.6,0
SCOPE_ee_en_PHEE__evtShard_001,K200_seed5_coverage__fuse_r0.3,train,fuse,200,5,coverage,32,24,0.75,0.3,0
SCOPE_ee_en_PHEE__evtShard_001,K1000_seed1_random__fuse_r0.6,train,fuse,1000,1,random,32,14,0.4375,0.6,0
SCOPE_ee_en_PHEE__evtShard_001,K1000_seed1_coverage__fuse_r0.6,train,fuse,1000,1,coverage,32,14,0.4375,0.6,0
SCOPE_ee_en_PHEE__evtShard_001,K1000_seed2_random__fuse_r0.6,train,fuse,1000,2,random,32,14,0.4375,0.6,0
SCOPE_ee_en_PHEE__evtShard_001,K1000_seed2_coverage__fuse_r0.3,train,fuse,1000,2,coverage,32,24,0.75,0.3,0
SCOPE_ee_en_PHEE__evtShard_001,K1000_seed3_random__fuse_r0.3,train,fuse,1000,3,random,32,24,0.75,0.3,0
SCOPE_ee_en_PHEE__evtShard_001,K1000_seed3_coverage__fuse_r0.6,train,fuse,1000,3,coverage,32,14,0.4375,0.6,0
SCOPE_ee_en_PHEE__evtShard_001,K1000_seed4_random__fuse_r0.3,train,fuse,1000,4,random,32,24,0.75,0.3,0
SCOPE_ee_en_PHEE__evtShard_001,K1000_seed4_coverage__fuse_r0.6,train,fuse,1000,4,coverage,32,14,0.4375,0.6,0
SCOPE_ee_en_PHEE__evtShard_001,K1000_seed5_random__fuse_r0.3,train,fuse,1000,5,random,32,24,0.75,0.3,0
SCOPE_ee_en_PHEE__evtShard_001,K1000_seed5_coverage__fuse_r0.6,train,fuse,1000,5,coverage,32,14,0.4375,0.6,0
SCOPE_ee_en_PHEE__evtShard_001,K5000_seed1_random__fuse_r0.3,train,fuse,5000,1,random,32,24,0.75,0.3,0
SCOPE_ee_en_PHEE__evtShard_001,K5000_seed1_coverage__fuse_r0.3,train,fuse,5000,1,coverage,32,24,0.75,0.3,0
SCOPE_ee_en_PHEE__evtShard_001,K5000_seed2_random__fuse_r0.6,train,fuse,5000,2,random,32,14,0.4375,0.6,0
SCOPE_ee_en_PHEE__evtShard_001,K5000_seed2_coverage__fuse_r0.6,train,fuse,5000,2,coverage,32,14,0.4375,0.6,0
SCOPE_ee_en_PHEE__evtShard_001,K5000_seed3_random__fuse_r0.6,train,fuse,5000,3,random,32,14,0.4375,0.6,0
SCOPE_ee_en_PHEE__evtShard_001,K5000_seed3_coverage__fuse_r0.6,train,fuse,5000,3,coverage,32,14,0.4375,0.6,0
SCOPE_ee_en_PHEE__evtShard_001,K5000_seed4_random__fuse_r0.6,train,fuse,5000,4,random,32,14,0.4375,0.6,0
SCOPE_ee_en_PHEE__evtShard_001,K5000_seed4_coverage__fuse_r0.3,train,fuse,5000,4,coverage,32,24,0.75,0.3,0
SCOPE_ee_en_PHEE__evtShard_001,K5000_seed5_random__fuse_r0.6,train,fuse,5000,5,random,32,14,0.4375,0.6,0
SCOPE_ee_en_PHEE__evtShard_001,K5000_seed5_coverage__fuse_r0.3,train,fuse,5000,5,coverage,32,24,0.75,0.3,0
SCOPE_ee_zh_ccf_law__evtShard_001,K200_seed1_random__fuse_r0.3,train,fuse,200,1,random,15,12,0.8,0.3,0
SCOPE_ee_zh_ccf_law__evtShard_001,K200_seed1_coverage__fuse_r0.3,train,fuse,200,1,coverage,15,12,0.8,0.3,0
SCOPE_ee_zh_ccf_law__evtShard_001,K200_seed2_random__fuse_r0.3,train,fuse,200,2,random,15,12,0.8,0.3,0
SCOPE_ee_zh_ccf_law__evtShard_001,K200_seed2_coverage__fuse_r0.3,train,fuse,200,2,coverage,15,12,0.8,0.3,0
SCOPE_ee_zh_ccf_law__evtShard_001,K200_seed3_random__fuse_r0.6,train,fuse,200,3,random,15,7,0.4666666666666667,0.6,0
SCOPE_ee_zh_ccf_law__evtShard_001,K200_seed3_coverage__fuse_r0.3,train,fuse,200,3,coverage,15,12,0.8,0.3,0
SCOPE_ee_zh_ccf_law__evtShard_001,K200_seed4_random__fuse_r0.3,train,fuse,200,4,random,15,11,0.7333333333333333,0.3,0
SCOPE_ee_zh_ccf_law__evtShard_001,K200_seed4_coverage__fuse_r0.6,train,fuse,200,4,coverage,15,7,0.4666666666666667,0.6,0
SCOPE_ee_zh_ccf_law__evtShard_001,K200_seed5_random__fuse_r0.3,train,fuse,200,5,random,15,12,0.8,0.3,0
SCOPE_ee_zh_ccf_law__evtShard_001,K200_seed5_coverage__fuse_r0.6,train,fuse,200,5,coverage,15,7,0.4666666666666667,0.6,0
SCOPE_ee_zh_ccf_law__evtShard_001,K1000_seed1_random__fuse_r0.3,train,fuse,1000,1,random,15,12,0.8,0.3,0
SCOPE_ee_zh_ccf_law__evtShard_001,K1000_seed1_coverage__fuse_r0.6,train,fuse,1000,1,coverage,15,7,0.4666666666666667,0.6,0
SCOPE_ee_zh_ccf_law__evtShard_001,K1000_seed2_random__fuse_r0.3,train,fuse,1000,2,random,15,12,0.8,0.3,0
SCOPE_ee_zh_ccf_law__evtShard_001,K1000_seed2_coverage__fuse_r0.6,train,fuse,1000,2,coverage,15,7,0.4666666666666667,0.6,0
SCOPE_ee_zh_ccf_law__evtShard_001,K1000_seed3_random__fuse_r0.3,train,fuse,1000,3,random,15,12,0.8,0.3,0
SCOPE_ee_zh_ccf_law__evtShard_001,K1000_seed3_coverage__fuse_r0.6,train,fuse,1000,3,coverage,15,7,0.4666666666666667,0.6,0
SCOPE_ee_zh_ccf_law__evtShard_001,K1000_seed4_random__fuse_r0.3,train,fuse,1000,4,random,15,12,0.8,0.3,0
SCOPE_ee_zh_ccf_law__evtShard_001,K1000_seed4_coverage__fuse_r0.3,train,fuse,1000,4,coverage,15,12,0.8,0.3,0
SCOPE_ee_zh_ccf_law__evtShard_001,K1000_seed5_random__fuse_r0.3,train,fuse,1000,5,random,15,12,0.8,0.3,0
SCOPE_ee_zh_ccf_law__evtShard_001,K1000_seed5_coverage__fuse_r0.6,train,fuse,1000,5,coverage,15,7,0.4666666666666667,0.6,0
SCOPE_ee_zh_ccf_law__evtShard_001,K5000_seed1_random__fuse_r0.6,train,fuse,5000,1,random,15,7,0.4666666666666667,0.6,0
SCOPE_ee_zh_ccf_law__evtShard_001,K5000_seed1_coverage__fuse_r0.6,train,fuse,5000,1,coverage,15,7,0.4666666666666667,0.6,0
SCOPE_ee_zh_ccf_law__evtShard_001,K5000_seed2_random__fuse_r0.6,train,fuse,5000,2,random,15,7,0.4666666666666667,0.6,0
SCOPE_ee_zh_ccf_law__evtShard_001,K5000_seed2_coverage__fuse_r0.3,train,fuse,5000,2,coverage,15,12,0.8,0.3,0
SCOPE_ee_zh_ccf_law__evtShard_001,K5000_seed3_random__fuse_r0.6,train,fuse,5000,3,random,15,7,0.4666666666666667,0.6,0
SCOPE_ee_zh_ccf_law__evtShard_001,K5000_seed3_coverage__fuse_r0.6,train,fuse,5000,3,coverage,15,7,0.4666666666666667,0.6,0
SCOPE_ee_zh_ccf_law__evtShard_001,K5000_seed4_random__fuse_r0.6,train,fuse,5000,4,random,15,7,0.4666666666666667,0.6,0
SCOPE_ee_zh_ccf_law__evtShard_001,K5000_seed4_coverage__fuse_r0.3,train,fuse,5000,4,coverage,15,12,0.8,0.3,0
SCOPE_ee_zh_ccf_law__evtShard_001,K5000_seed5_random__fuse_r0.6,train,fuse,5000,5,random,15,7,0.4666666666666667,0.6,0
SCOPE_ee_zh_ccf_law__evtShard_001,K5000_seed5_coverage__fuse_r0.3,train,fuse,5000,5,coverage,15,12,0.8,0.3,0
SCOPE_ee_zh_ccf_law__evtShard_002,K200_seed1_random__fuse_r0.3,train,fuse,200,1,random,7,5,0.7142857142857143,0.3,0
SCOPE_ee_zh_ccf_law__evtShard_002,K200_seed1_coverage__fuse_r0.6,train,fuse,200,1,coverage,7,4,0.5714285714285714,0.6,0
SCOPE_ee_zh_ccf_law__evtShard_002,K200_seed2_random__fuse_r0.3,train,fuse,200,2,random,7,5,0.7142857142857143,0.3,0
SCOPE_ee_zh_ccf_law__evtShard_002,K200_seed2_coverage__fuse_r0.3,train,fuse,200,2,coverage,7,6,0.8571428571428571,0.3,0
SCOPE_ee_zh_ccf_law__evtShard_002,K200_seed3_random__fuse_r0.3,train,fuse,200,3,random,7,5,0.7142857142857143,0.3,0
SCOPE_ee_zh_ccf_law__evtShard_002,K200_seed3_coverage__fuse_r0.3,train,fuse,200,3,coverage,7,6,0.8571428571428571,0.3,0
SCOPE_ee_zh_ccf_law__evtShard_002,K200_seed4_random__fuse_r0.3,train,fuse,200,4,random,7,6,0.8571428571428571,0.3,0
SCOPE_ee_zh_ccf_law__evtShard_002,K200_seed4_coverage__fuse_r0.3,train,fuse,200,4,coverage,7,6,0.8571428571428571,0.3,0
SCOPE_ee_zh_ccf_law__evtShard_002,K200_seed5_random__fuse_r0.3,train,fuse,200,5,random,7,5,0.7142857142857143,0.3,0
SCOPE_ee_zh_ccf_law__evtShard_002,K200_seed5_coverage__fuse_r0.3,train,fuse,200,5,coverage,7,6,0.8571428571428571,0.3,0
SCOPE_ee_zh_ccf_law__evtShard_002,K1000_seed1_random__fuse_r0.3,train,fuse,1000,1,random,7,6,0.8571428571428571,0.3,0
SCOPE_ee_zh_ccf_law__evtShard_002,K1000_seed1_coverage__fuse_r0.3,train,fuse,1000,1,coverage,7,6,0.8571428571428571,0.3,0
SCOPE_ee_zh_ccf_law__evtShard_002,K1000_seed2_random__fuse_r0.3,train,fuse,1000,2,random,7,6,0.8571428571428571,0.3,0
SCOPE_ee_zh_ccf_law__evtShard_002,K1000_seed2_coverage__fuse_r0.6,train,fuse,1000,2,coverage,7,4,0.5714285714285714,0.6,0
SCOPE_ee_zh_ccf_law__evtShard_002,K1000_seed3_random__fuse_r0.3,train,fuse,1000,3,random,7,6,0.8571428571428571,0.3,0
SCOPE_ee_zh_ccf_law__evtShard_002,K1000_seed3_coverage__fuse_r0.3,train,fuse,1000,3,coverage,7,6,0.8571428571428571,0.3,0
SCOPE_ee_zh_ccf_law__evtShard_002,K1000_seed4_random__fuse_r0.3,train,fuse,1000,4,random,7,6,0.8571428571428571,0.3,0
SCOPE_ee_zh_ccf_law__evtShard_002,K1000_seed4_coverage__fuse_r0.6,train,fuse,1000,4,coverage,7,4,0.5714285714285714,0.6,0
SCOPE_ee_zh_ccf_law__evtShard_002,K1000_seed5_random__fuse_r0.3,train,fuse,1000,5,random,7,6,0.8571428571428571,0.3,0
SCOPE_ee_zh_ccf_law__evtShard_002,K1000_seed5_coverage__fuse_r0.6,train,fuse,1000,5,coverage,7,4,0.5714285714285714,0.6,0
SCOPE_ee_zh_ccf_law__evtShard_002,K5000_seed1_random__fuse_r0.6,train,fuse,5000,1,random,7,4,0.5714285714285714,0.6,0
SCOPE_ee_zh_ccf_law__evtShard_002,K5000_seed1_coverage__fuse_r0.3,train,fuse,5000,1,coverage,7,6,0.8571428571428571,0.3,0
SCOPE_ee_zh_ccf_law__evtShard_002,K5000_seed2_random__fuse_r0.3,train,fuse,5000,2,random,7,6,0.8571428571428571,0.3,0
SCOPE_ee_zh_ccf_law__evtShard_002,K5000_seed2_coverage__fuse_r0.3,train,fuse,5000,2,coverage,7,6,0.8571428571428571,0.3,0
SCOPE_ee_zh_ccf_law__evtShard_002,K5000_seed3_random__fuse_r0.3,train,fuse,5000,3,random,7,6,0.8571428571428571,0.3,0
SCOPE_ee_zh_ccf_law__evtShard_002,K5000_seed3_coverage__fuse_r0.3,train,fuse,5000,3,coverage,7,6,0.8571428571428571,0.3,0
SCOPE_ee_zh_ccf_law__evtShard_002,K5000_seed4_random__fuse_r0.3,train,fuse,5000,4,random,7,6,0.8571428571428571,0.3,0
SCOPE_ee_zh_ccf_law__evtShard_002,K5000_seed4_coverage__fuse_r0.6,train,fuse,5000,4,coverage,7,4,0.5714285714285714,0.6,0
SCOPE_ee_zh_ccf_law__evtShard_002,K5000_seed5_random__fuse_r0.3,train,fuse,5000,5,random,7,6,0.8571428571428571,0.3,0
SCOPE_ee_zh_ccf_law__evtShard_002,K5000_seed5_coverage__fuse_r0.6,train,fuse,5000,5,coverage,7,4,0.5714285714285714,0.6,0
SCOPE_ee_zh_DuEE1.0__evtShard_001,K200_seed1_random__fuse_r0.3,train,fuse,200,1,random,4,3,0.75,0.3,0
SCOPE_ee_zh_DuEE1.0__evtShard_001,K200_seed1_coverage__fuse_r0.3,train,fuse,200,1,coverage,4,3,0.75,0.3,0
SCOPE_ee_zh_DuEE1.0__evtShard_001,K200_seed2_random__fuse_r0.3,train,fuse,200,2,random,4,3,0.75,0.3,0
SCOPE_ee_zh_DuEE1.0__evtShard_001,K200_seed2_coverage__fuse_r0.6,train,fuse,200,2,coverage,4,2,0.5,0.6,0
SCOPE_ee_zh_DuEE1.0__evtShard_001,K200_seed3_random__fuse_r0.3,train,fuse,200,3,random,4,3,0.75,0.3,0
SCOPE_ee_zh_DuEE1.0__evtShard_001,K200_seed3_coverage__fuse_r0.6,train,fuse,200,3,coverage,4,2,0.5,0.6,0
SCOPE_ee_zh_DuEE1.0__evtShard_001,K200_seed4_random__fuse_r0.6,train,fuse,200,4,random,4,2,0.5,0.6,0
SCOPE_ee_zh_DuEE1.0__evtShard_001,K200_seed4_coverage__fuse_r0.6,train,fuse,200,4,coverage,4,2,0.5,0.6,0
SCOPE_ee_zh_DuEE1.0__evtShard_001,K200_seed5_random__fuse_r0.6,train,fuse,200,5,random,4,2,0.5,0.6,0
SCOPE_ee_zh_DuEE1.0__evtShard_001,K200_seed5_coverage__fuse_r0.6,train,fuse,200,5,coverage,4,2,0.5,0.6,0
SCOPE_ee_zh_DuEE1.0__evtShard_001,K1000_seed1_random__fuse_r0.3,train,fuse,1000,1,random,4,3,0.75,0.3,0
SCOPE_ee_zh_DuEE1.0__evtShard_001,K1000_seed1_coverage__fuse_r0.6,train,fuse,1000,1,coverage,4,2,0.5,0.6,0
SCOPE_ee_zh_DuEE1.0__evtShard_001,K1000_seed2_random__fuse_r0.6,train,fuse,1000,2,random,4,2,0.5,0.6,0
SCOPE_ee_zh_DuEE1.0__evtShard_001,K1000_seed2_coverage__fuse_r0.6,train,fuse,1000,2,coverage,4,2,0.5,0.6,0
SCOPE_ee_zh_DuEE1.0__evtShard_001,K1000_seed3_random__fuse_r0.6,train,fuse,1000,3,random,4,2,0.5,0.6,0
SCOPE_ee_zh_DuEE1.0__evtShard_001,K1000_seed3_coverage__fuse_r0.6,train,fuse,1000,3,coverage,4,2,0.5,0.6,0
SCOPE_ee_zh_DuEE1.0__evtShard_001,K1000_seed4_random__fuse_r0.6,train,fuse,1000,4,random,4,2,0.5,0.6,0
SCOPE_ee_zh_DuEE1.0__evtShard_001,K1000_seed4_coverage__fuse_r0.6,train,fuse,1000,4,coverage,4,2,0.5,0.6,0
SCOPE_ee_zh_DuEE1.0__evtShard_001,K1000_seed5_random__fuse_r0.3,train,fuse,1000,5,random,4,3,0.75,0.3,0
SCOPE_ee_zh_DuEE1.0__evtShard_001,K1000_seed5_coverage__fuse_r0.6,train,fuse,1000,5,coverage,4,2,0.5,0.6,0
SCOPE_ee_zh_DuEE1.0__evtShard_001,K5000_seed1_random__fuse_r0.3,train,fuse,5000,1,random,4,3,0.75,0.3,0
SCOPE_ee_zh_DuEE1.0__evtShard_001,K5000_seed1_coverage__fuse_r0.6,train,fuse,5000,1,coverage,4,2,0.5,0.6,0
SCOPE_ee_zh_DuEE1.0__evtShard_001,K5000_seed2_random__fuse_r0.3,train,fuse,5000,2,random,4,3,0.75,0.3,0
SCOPE_ee_zh_DuEE1.0__evtShard_001,K5000_seed2_coverage__fuse_r0.6,train,fuse,5000,2,coverage,4,2,0.5,0.6,0
SCOPE_ee_zh_DuEE1.0__evtShard_001,K5000_seed3_random__fuse_r0.6,train,fuse,5000,3,random,4,2,0.5,0.6,0
SCOPE_ee_zh_DuEE1.0__evtShard_001,K5000_seed3_coverage__fuse_r0.3,train,fuse,5000,3,coverage,4,3,0.75,0.3,0
SCOPE_ee_zh_DuEE1.0__evtShard_001,K5000_seed4_random__fuse_r0.3,train,fuse,5000,4,random,4,3,0.75,0.3,0
SCOPE_ee_zh_DuEE1.0__evtShard_001,K5000_seed4_coverage__fuse_r0.6,train,fuse,5000,4,coverage,4,2,0.5,0.6,0
SCOPE_ee_zh_DuEE1.0__evtShard_001,K5000_seed5_random__fuse_r0.3,train,fuse,5000,5,random,4,3,0.75,0.3,0
SCOPE_ee_zh_DuEE1.0__evtShard_001,K5000_seed5_coverage__fuse_r0.6,train,fuse,5000,5,coverage,4,2,0.5,0.6,0
SCOPE_ee_zh_DuEE1.0__evtShard_002,K200_seed1_random__fuse_r0.3,train,fuse,200,1,random,3,3,1.0,0.3,0
SCOPE_ee_zh_DuEE1.0__evtShard_002,K200_seed1_coverage__fuse_r0.3,train,fuse,200,1,coverage,3,3,1.0,0.3,0
SCOPE_ee_zh_DuEE1.0__evtShard_002,K200_seed2_random__fuse_r0.3,train,fuse,200,2,random,3,3,1.0,0.3,0
SCOPE_ee_zh_DuEE1.0__evtShard_002,K200_seed2_coverage__fuse_r0.3,train,fuse,200,2,coverage,3,3,1.0,0.3,0
SCOPE_ee_zh_DuEE1.0__evtShard_002,K200_seed3_random__fuse_r0.3,train,fuse,200,3,random,3,3,1.0,0.3,0
SCOPE_ee_zh_DuEE1.0__evtShard_002,K200_seed3_coverage__fuse_r0.3,train,fuse,200,3,coverage,3,3,1.0,0.3,0
SCOPE_ee_zh_DuEE1.0__evtShard_002,K200_seed4_random__fuse_r0.3,train,fuse,200,4,random,3,3,1.0,0.3,0
SCOPE_ee_zh_DuEE1.0__evtShard_002,K200_seed4_coverage__fuse_r0.3,train,fuse,200,4,coverage,3,3,1.0,0.3,0
SCOPE_ee_zh_DuEE1.0__evtShard_002,K200_seed5_random__fuse_r0.3,train,fuse,200,5,random,3,3,1.0,0.3,0
SCOPE_ee_zh_DuEE1.0__evtShard_002,K200_seed5_coverage__fuse_r0.6,train,fuse,200,5,coverage,3,2,0.6666666666666666,0.6,0
SCOPE_ee_zh_DuEE1.0__evtShard_002,K1000_seed1_random__fuse_r0.6,train,fuse,1000,1,random,3,2,0.6666666666666666,0.6,0
SCOPE_ee_zh_DuEE1.0__evtShard_002,K1000_seed1_coverage__fuse_r0.6,train,fuse,1000,1,coverage,3,2,0.6666666666666666,0.6,0
SCOPE_ee_zh_DuEE1.0__evtShard_002,K1000_seed2_random__fuse_r0.3,train,fuse,1000,2,random,3,3,1.0,0.3,0
SCOPE_ee_zh_DuEE1.0__evtShard_002,K1000_seed2_coverage__fuse_r0.3,train,fuse,1000,2,coverage,3,3,1.0,0.3,0
SCOPE_ee_zh_DuEE1.0__evtShard_002,K1000_seed3_random__fuse_r0.3,train,fuse,1000,3,random,3,3,1.0,0.3,0
SCOPE_ee_zh_DuEE1.0__evtShard_002,K1000_seed3_coverage__fuse_r0.3,train,fuse,1000,3,coverage,3,3,1.0,0.3,0
SCOPE_ee_zh_DuEE1.0__evtShard_002,K1000_seed4_random__fuse_r0.3,train,fuse,1000,4,random,3,3,1.0,0.3,0
SCOPE_ee_zh_DuEE1.0__evtShard_002,K1000_seed4_coverage__fuse_r0.6,train,fuse,1000,4,coverage,3,2,0.6666666666666666,0.6,0
SCOPE_ee_zh_DuEE1.0__evtShard_002,K1000_seed5_random__fuse_r0.3,train,fuse,1000,5,random,3,3,1.0,0.3,0
SCOPE_ee_zh_DuEE1.0__evtShard_002,K1000_seed5_coverage__fuse_r0.3,train,fuse,1000,5,coverage,3,3,1.0,0.3,0
SCOPE_ee_zh_DuEE1.0__evtShard_002,K5000_seed1_random__fuse_r0.6,train,fuse,5000,1,random,3,2,0.6666666666666666,0.6,0
SCOPE_ee_zh_DuEE1.0__evtShard_002,K5000_seed1_coverage__fuse_r0.3,train,fuse,5000,1,coverage,3,3,1.0,0.3,0
SCOPE_ee_zh_DuEE1.0__evtShard_002,K5000_seed2_random__fuse_r0.3,train,fuse,5000,2,random,3,3,1.0,0.3,0
SCOPE_ee_zh_DuEE1.0__evtShard_002,K5000_seed2_coverage__fuse_r0.3,train,fuse,5000,2,coverage,3,3,1.0,0.3,0
SCOPE_ee_zh_DuEE1.0__evtShard_002,K5000_seed3_random__fuse_r0.6,train,fuse,5000,3,random,3,2,0.6666666666666666,0.6,0
SCOPE_ee_zh_DuEE1.0__evtShard_002,K5000_seed3_coverage__fuse_r0.6,train,fuse,5000,3,coverage,3,2,0.6666666666666666,0.6,0
SCOPE_ee_zh_DuEE1.0__evtShard_002,K5000_seed4_random__fuse_r0.6,train,fuse,5000,4,random,3,2,0.6666666666666666,0.6,0
SCOPE_ee_zh_DuEE1.0__evtShard_002,K5000_seed4_coverage__fuse_r0.3,train,fuse,5000,4,coverage,3,3,1.0,0.3,0
SCOPE_ee_zh_DuEE1.0__evtShard_002,K5000_seed5_random__fuse_r0.6,train,fuse,5000,5,random,3,2,0.6666666666666666,0.6,0
SCOPE_ee_zh_DuEE1.0__evtShard_002,K5000_seed5_coverage__fuse_r0.3,train,fuse,5000,5,coverage,3,3,1.0,0.3,0
SCOPE_ee_zh_DuEE1.0__evtShard_003,K200_seed1_random__fuse_r0.3,train,fuse,200,1,random,11,9,0.8181818181818182,0.3,0
SCOPE_ee_zh_DuEE1.0__evtShard_003,K200_seed1_coverage__fuse_r0.3,train,fuse,200,1,coverage,11,9,0.8181818181818182,0.3,0
SCOPE_ee_zh_DuEE1.0__evtShard_003,K200_seed2_random__fuse_r0.3,train,fuse,200,2,random,11,9,0.8181818181818182,0.3,0
SCOPE_ee_zh_DuEE1.0__evtShard_003,K200_seed2_coverage__fuse_r0.6,train,fuse,200,2,coverage,11,6,0.5454545454545454,0.6,0
SCOPE_ee_zh_DuEE1.0__evtShard_003,K200_seed3_random__fuse_r0.6,train,fuse,200,3,random,11,6,0.5454545454545454,0.6,0
SCOPE_ee_zh_DuEE1.0__evtShard_003,K200_seed3_coverage__fuse_r0.6,train,fuse,200,3,coverage,11,6,0.5454545454545454,0.6,0
SCOPE_ee_zh_DuEE1.0__evtShard_003,K200_seed4_random__fuse_r0.6,train,fuse,200,4,random,11,6,0.5454545454545454,0.6,0
SCOPE_ee_zh_DuEE1.0__evtShard_003,K200_seed4_coverage__fuse_r0.6,train,fuse,200,4,coverage,11,6,0.5454545454545454,0.6,0
SCOPE_ee_zh_DuEE1.0__evtShard_003,K200_seed5_random__fuse_r0.3,train,fuse,200,5,random,11,9,0.8181818181818182,0.3,0
SCOPE_ee_zh_DuEE1.0__evtShard_003,K200_seed5_coverage__fuse_r0.6,train,fuse,200,5,coverage,11,6,0.5454545454545454,0.6,0
SCOPE_ee_zh_DuEE1.0__evtShard_003,K1000_seed1_random__fuse_r0.6,train,fuse,1000,1,random,11,6,0.5454545454545454,0.6,0
SCOPE_ee_zh_DuEE1.0__evtShard_003,K1000_seed1_coverage__fuse_r0.6,train,fuse,1000,1,coverage,11,6,0.5454545454545454,0.6,0
SCOPE_ee_zh_DuEE1.0__evtShard_003,K1000_seed2_random__fuse_r0.6,train,fuse,1000,2,random,11,6,0.5454545454545454,0.6,0
SCOPE_ee_zh_DuEE1.0__evtShard_003,K1000_seed2_coverage__fuse_r0.3,train,fuse,1000,2,coverage,11,9,0.8181818181818182,0.3,0
SCOPE_ee_zh_DuEE1.0__evtShard_003,K1000_seed3_random__fuse_r0.6,train,fuse,1000,3,random,11,6,0.5454545454545454,0.6,0
SCOPE_ee_zh_DuEE1.0__evtShard_003,K1000_seed3_coverage__fuse_r0.3,train,fuse,1000,3,coverage,11,9,0.8181818181818182,0.3,0
SCOPE_ee_zh_DuEE1.0__evtShard_003,K1000_seed4_random__fuse_r0.3,train,fuse,1000,4,random,11,9,0.8181818181818182,0.3,0
SCOPE_ee_zh_DuEE1.0__evtShard_003,K1000_seed4_coverage__fuse_r0.6,train,fuse,1000,4,coverage,11,6,0.5454545454545454,0.6,0
SCOPE_ee_zh_DuEE1.0__evtShard_003,K1000_seed5_random__fuse_r0.3,train,fuse,1000,5,random,11,9,0.8181818181818182,0.3,0
SCOPE_ee_zh_DuEE1.0__evtShard_003,K1000_seed5_coverage__fuse_r0.3,train,fuse,1000,5,coverage,11,9,0.8181818181818182,0.3,0
SCOPE_ee_zh_DuEE1.0__evtShard_003,K5000_seed1_random__fuse_r0.3,train,fuse,5000,1,random,11,9,0.8181818181818182,0.3,0
SCOPE_ee_zh_DuEE1.0__evtShard_003,K5000_seed1_coverage__fuse_r0.3,train,fuse,5000,1,coverage,11,9,0.8181818181818182,0.3,0
SCOPE_ee_zh_DuEE1.0__evtShard_003,K5000_seed2_random__fuse_r0.6,train,fuse,5000,2,random,11,6,0.5454545454545454,0.6,0
SCOPE_ee_zh_DuEE1.0__evtShard_003,K5000_seed2_coverage__fuse_r0.3,train,fuse,5000,2,coverage,11,9,0.8181818181818182,0.3,0
SCOPE_ee_zh_DuEE1.0__evtShard_003,K5000_seed3_random__fuse_r0.6,train,fuse,5000,3,random,11,6,0.5454545454545454,0.6,0
SCOPE_ee_zh_DuEE1.0__evtShard_003,K5000_seed3_coverage__fuse_r0.3,train,fuse,5000,3,coverage,11,9,0.8181818181818182,0.3,0
SCOPE_ee_zh_DuEE1.0__evtShard_003,K5000_seed4_random__fuse_r0.3,train,fuse,5000,4,random,11,9,0.8181818181818182,0.3,0
SCOPE_ee_zh_DuEE1.0__evtShard_003,K5000_seed4_coverage__fuse_r0.3,train,fuse,5000,4,coverage,11,9,0.8181818181818182,0.3,0
SCOPE_ee_zh_DuEE1.0__evtShard_003,K5000_seed5_random__fuse_r0.3,train,fuse,5000,5,random,11,9,0.8181818181818182,0.3,0
SCOPE_ee_zh_DuEE1.0__evtShard_003,K5000_seed5_coverage__fuse_r0.6,train,fuse,5000,5,coverage,11,6,0.5454545454545454,0.6,0
SCOPE_ee_zh_DuEE1.0__evtShard_004,K200_seed1_random__fuse_r0.6,train,fuse,200,1,random,9,5,0.5555555555555556,0.6,0
SCOPE_ee_zh_DuEE1.0__evtShard_004,K200_seed1_coverage__fuse_r0.3,train,fuse,200,1,coverage,9,8,0.8888888888888888,0.3,0
SCOPE_ee_zh_DuEE1.0__evtShard_004,K200_seed2_random__fuse_r0.3,train,fuse,200,2,random,9,8,0.8888888888888888,0.3,0
SCOPE_ee_zh_DuEE1.0__evtShard_004,K200_seed2_coverage__fuse_r0.3,train,fuse,200,2,coverage,9,8,0.8888888888888888,0.3,0
SCOPE_ee_zh_DuEE1.0__evtShard_004,K200_seed3_random__fuse_r0.3,train,fuse,200,3,random,9,8,0.8888888888888888,0.3,0
SCOPE_ee_zh_DuEE1.0__evtShard_004,K200_seed3_coverage__fuse_r0.3,train,fuse,200,3,coverage,9,8,0.8888888888888888,0.3,0
SCOPE_ee_zh_DuEE1.0__evtShard_004,K200_seed4_random__fuse_r0.3,train,fuse,200,4,random,9,8,0.8888888888888888,0.3,0
SCOPE_ee_zh_DuEE1.0__evtShard_004,K200_seed4_coverage__fuse_r0.6,train,fuse,200,4,coverage,9,5,0.5555555555555556,0.6,0
SCOPE_ee_zh_DuEE1.0__evtShard_004,K200_seed5_random__fuse_r0.3,train,fuse,200,5,random,9,8,0.8888888888888888,0.3,0
SCOPE_ee_zh_DuEE1.0__evtShard_004,K200_seed5_coverage__fuse_r0.3,train,fuse,200,5,coverage,9,8,0.8888888888888888,0.3,0
SCOPE_ee_zh_DuEE1.0__evtShard_004,K1000_seed1_random__fuse_r0.6,train,fuse,1000,1,random,9,5,0.5555555555555556,0.6,0
SCOPE_ee_zh_DuEE1.0__evtShard_004,K1000_seed1_coverage__fuse_r0.3,train,fuse,1000,1,coverage,9,8,0.8888888888888888,0.3,0
SCOPE_ee_zh_DuEE1.0__evtShard_004,K1000_seed2_random__fuse_r0.3,train,fuse,1000,2,random,9,8,0.8888888888888888,0.3,0
SCOPE_ee_zh_DuEE1.0__evtShard_004,K1000_seed2_coverage__fuse_r0.3,train,fuse,1000,2,coverage,9,8,0.8888888888888888,0.3,0
SCOPE_ee_zh_DuEE1.0__evtShard_004,K1000_seed3_random__fuse_r0.3,train,fuse,1000,3,random,9,8,0.8888888888888888,0.3,0
SCOPE_ee_zh_DuEE1.0__evtShard_004,K1000_seed3_coverage__fuse_r0.3,train,fuse,1000,3,coverage,9,8,0.8888888888888888,0.3,0
SCOPE_ee_zh_DuEE1.0__evtShard_004,K1000_seed4_random__fuse_r0.6,train,fuse,1000,4,random,9,5,0.5555555555555556,0.6,0
SCOPE_ee_zh_DuEE1.0__evtShard_004,K1000_seed4_coverage__fuse_r0.6,train,fuse,1000,4,coverage,9,5,0.5555555555555556,0.6,0
SCOPE_ee_zh_DuEE1.0__evtShard_004,K1000_seed5_random__fuse_r0.6,train,fuse,1000,5,random,9,5,0.5555555555555556,0.6,0
SCOPE_ee_zh_DuEE1.0__evtShard_004,K1000_seed5_coverage__fuse_r0.3,train,fuse,1000,5,coverage,9,8,0.8888888888888888,0.3,0
SCOPE_ee_zh_DuEE1.0__evtShard_004,K5000_seed1_random__fuse_r0.6,train,fuse,5000,1,random,9,5,0.5555555555555556,0.6,0
SCOPE_ee_zh_DuEE1.0__evtShard_004,K5000_seed1_coverage__fuse_r0.6,train,fuse,5000,1,coverage,9,5,0.5555555555555556,0.6,0
SCOPE_ee_zh_DuEE1.0__evtShard_004,K5000_seed2_random__fuse_r0.6,train,fuse,5000,2,random,9,5,0.5555555555555556,0.6,0
SCOPE_ee_zh_DuEE1.0__evtShard_004,K5000_seed2_coverage__fuse_r0.3,train,fuse,5000,2,coverage,9,8,0.8888888888888888,0.3,0
SCOPE_ee_zh_DuEE1.0__evtShard_004,K5000_seed3_random__fuse_r0.3,train,fuse,5000,3,random,9,8,0.8888888888888888,0.3,0
SCOPE_ee_zh_DuEE1.0__evtShard_004,K5000_seed3_coverage__fuse_r0.6,train,fuse,5000,3,coverage,9,5,0.5555555555555556,0.6,0
SCOPE_ee_zh_DuEE1.0__evtShard_004,K5000_seed4_random__fuse_r0.3,train,fuse,5000,4,random,9,8,0.8888888888888888,0.3,0
SCOPE_ee_zh_DuEE1.0__evtShard_004,K5000_seed4_coverage__fuse_r0.3,train,fuse,5000,4,coverage,9,8,0.8888888888888888,0.3,0
SCOPE_ee_zh_DuEE1.0__evtShard_004,K5000_seed5_random__fuse_r0.3,train,fuse,5000,5,random,9,8,0.8888888888888888,0.3,0
SCOPE_ee_zh_DuEE1.0__evtShard_004,K5000_seed5_coverage__fuse_r0.3,train,fuse,5000,5,coverage,9,8,0.8888888888888888,0.3,0
SCOPE_ee_zh_DuEE1.0__evtShard_005,K200_seed1_random__fuse_r0.3,train,fuse,200,1,random,12,12,1.0,0.3,0
SCOPE_ee_zh_DuEE1.0__evtShard_005,K200_seed1_coverage__fuse_r0.6,train,fuse,200,1,coverage,12,8,0.6666666666666666,0.6,0
SCOPE_ee_zh_DuEE1.0__evtShard_005,K200_seed2_random__fuse_r0.3,train,fuse,200,2,random,12,12,1.0,0.3,0
SCOPE_ee_zh_DuEE1.0__evtShard_005,K200_seed2_coverage__fuse_r0.6,train,fuse,200,2,coverage,12,8,0.6666666666666666,0.6,0
SCOPE_ee_zh_DuEE1.0__evtShard_005,K200_seed3_random__fuse_r0.3,train,fuse,200,3,random,12,11,0.9166666666666666,0.3,0
SCOPE_ee_zh_DuEE1.0__evtShard_005,K200_seed3_coverage__fuse_r0.6,train,fuse,200,3,coverage,12,8,0.6666666666666666,0.6,0
SCOPE_ee_zh_DuEE1.0__evtShard_005,K200_seed4_random__fuse_r0.3,train,fuse,200,4,random,12,12,1.0,0.3,0
SCOPE_ee_zh_DuEE1.0__evtShard_005,K200_seed4_coverage__fuse_r0.3,train,fuse,200,4,coverage,12,12,1.0,0.3,0
SCOPE_ee_zh_DuEE1.0__evtShard_005,K200_seed5_random__fuse_r0.3,train,fuse,200,5,random,12,12,1.0,0.3,0
SCOPE_ee_zh_DuEE1.0__evtShard_005,K200_seed5_coverage__fuse_r0.6,train,fuse,200,5,coverage,12,8,0.6666666666666666,0.6,0
SCOPE_ee_zh_DuEE1.0__evtShard_005,K1000_seed1_random__fuse_r0.3,train,fuse,1000,1,random,12,12,1.0,0.3,0
SCOPE_ee_zh_DuEE1.0__evtShard_005,K1000_seed1_coverage__fuse_r0.3,train,fuse,1000,1,coverage,12,12,1.0,0.3,0
SCOPE_ee_zh_DuEE1.0__evtShard_005,K1000_seed2_random__fuse_r0.3,train,fuse,1000,2,random,12,12,1.0,0.3,0
SCOPE_ee_zh_DuEE1.0__evtShard_005,K1000_seed2_coverage__fuse_r0.6,train,fuse,1000,2,coverage,12,8,0.6666666666666666,0.6,0
SCOPE_ee_zh_DuEE1.0__evtShard_005,K1000_seed3_random__fuse_r0.3,train,fuse,1000,3,random,12,12,1.0,0.3,0
SCOPE_ee_zh_DuEE1.0__evtShard_005,K1000_seed3_coverage__fuse_r0.6,train,fuse,1000,3,coverage,12,8,0.6666666666666666,0.6,0
SCOPE_ee_zh_DuEE1.0__evtShard_005,K1000_seed4_random__fuse_r0.6,train,fuse,1000,4,random,12,8,0.6666666666666666,0.6,0
SCOPE_ee_zh_DuEE1.0__evtShard_005,K1000_seed4_coverage__fuse_r0.3,train,fuse,1000,4,coverage,12,12,1.0,0.3,0
SCOPE_ee_zh_DuEE1.0__evtShard_005,K1000_seed5_random__fuse_r0.3,train,fuse,1000,5,random,12,12,1.0,0.3,0
SCOPE_ee_zh_DuEE1.0__evtShard_005,K1000_seed5_coverage__fuse_r0.6,train,fuse,1000,5,coverage,12,8,0.6666666666666666,0.6,0
SCOPE_ee_zh_DuEE1.0__evtShard_005,K5000_seed1_random__fuse_r0.6,train,fuse,5000,1,random,12,8,0.6666666666666666,0.6,0
SCOPE_ee_zh_DuEE1.0__evtShard_005,K5000_seed1_coverage__fuse_r0.6,train,fuse,5000,1,coverage,12,8,0.6666666666666666,0.6,0
SCOPE_ee_zh_DuEE1.0__evtShard_005,K5000_seed2_random__fuse_r0.6,train,fuse,5000,2,random,12,8,0.6666666666666666,0.6,0
SCOPE_ee_zh_DuEE1.0__evtShard_005,K5000_seed2_coverage__fuse_r0.3,train,fuse,5000,2,coverage,12,12,1.0,0.3,0
SCOPE_ee_zh_DuEE1.0__evtShard_005,K5000_seed3_random__fuse_r0.3,train,fuse,5000,3,random,12,12,1.0,0.3,0
SCOPE_ee_zh_DuEE1.0__evtShard_005,K5000_seed3_coverage__fuse_r0.3,train,fuse,5000,3,coverage,12,12,1.0,0.3,0
SCOPE_ee_zh_DuEE1.0__evtShard_005,K5000_seed4_random__fuse_r0.3,train,fuse,5000,4,random,12,12,1.0,0.3,0
SCOPE_ee_zh_DuEE1.0__evtShard_005,K5000_seed4_coverage__fuse_r0.6,train,fuse,5000,4,coverage,12,8,0.6666666666666666,0.6,0
SCOPE_ee_zh_DuEE1.0__evtShard_005,K5000_seed5_random__fuse_r0.3,train,fuse,5000,5,random,12,12,1.0,0.3,0
SCOPE_ee_zh_DuEE1.0__evtShard_005,K5000_seed5_coverage__fuse_r0.6,train,fuse,5000,5,coverage,12,8,0.6666666666666666,0.6,0
SCOPE_ee_zh_DuEE1.0__evtShard_006,K200_seed1_random__fuse_r0.3,train,fuse,200,1,random,11,10,0.9090909090909091,0.3,0
SCOPE_ee_zh_DuEE1.0__evtShard_006,K200_seed1_coverage__fuse_r0.6,train,fuse,200,1,coverage,11,6,0.5454545454545454,0.6,0
SCOPE_ee_zh_DuEE1.0__evtShard_006,K200_seed2_random__fuse_r0.6,train,fuse,200,2,random,11,6,0.5454545454545454,0.6,0
SCOPE_ee_zh_DuEE1.0__evtShard_006,K200_seed2_coverage__fuse_r0.3,train,fuse,200,2,coverage,11,10,0.9090909090909091,0.3,0
SCOPE_ee_zh_DuEE1.0__evtShard_006,K200_seed3_random__fuse_r0.3,train,fuse,200,3,random,11,10,0.9090909090909091,0.3,0
SCOPE_ee_zh_DuEE1.0__evtShard_006,K200_seed3_coverage__fuse_r0.6,train,fuse,200,3,coverage,11,6,0.5454545454545454,0.6,0
SCOPE_ee_zh_DuEE1.0__evtShard_006,K200_seed4_random__fuse_r0.3,train,fuse,200,4,random,11,10,0.9090909090909091,0.3,0
SCOPE_ee_zh_DuEE1.0__evtShard_006,K200_seed4_coverage__fuse_r0.6,train,fuse,200,4,coverage,11,6,0.5454545454545454,0.6,0
SCOPE_ee_zh_DuEE1.0__evtShard_006,K200_seed5_random__fuse_r0.3,train,fuse,200,5,random,11,10,0.9090909090909091,0.3,0
SCOPE_ee_zh_DuEE1.0__evtShard_006,K200_seed5_coverage__fuse_r0.3,train,fuse,200,5,coverage,11,10,0.9090909090909091,0.3,0
SCOPE_ee_zh_DuEE1.0__evtShard_006,K1000_seed1_random__fuse_r0.6,train,fuse,1000,1,random,11,6,0.5454545454545454,0.6,0
SCOPE_ee_zh_DuEE1.0__evtShard_006,K1000_seed1_coverage__fuse_r0.3,train,fuse,1000,1,coverage,11,10,0.9090909090909091,0.3,0
SCOPE_ee_zh_DuEE1.0__evtShard_006,K1000_seed2_random__fuse_r0.3,train,fuse,1000,2,random,11,10,0.9090909090909091,0.3,0
SCOPE_ee_zh_DuEE1.0__evtShard_006,K1000_seed2_coverage__fuse_r0.6,train,fuse,1000,2,coverage,11,6,0.5454545454545454,0.6,0
SCOPE_ee_zh_DuEE1.0__evtShard_006,K1000_seed3_random__fuse_r0.6,train,fuse,1000,3,random,11,6,0.5454545454545454,0.6,0
SCOPE_ee_zh_DuEE1.0__evtShard_006,K1000_seed3_coverage__fuse_r0.3,train,fuse,1000,3,coverage,11,10,0.9090909090909091,0.3,0
SCOPE_ee_zh_DuEE1.0__evtShard_006,K1000_seed4_random__fuse_r0.3,train,fuse,1000,4,random,11,10,0.9090909090909091,0.3,0
SCOPE_ee_zh_DuEE1.0__evtShard_006,K1000_seed4_coverage__fuse_r0.3,train,fuse,1000,4,coverage,11,10,0.9090909090909091,0.3,0
SCOPE_ee_zh_DuEE1.0__evtShard_006,K1000_seed5_random__fuse_r0.3,train,fuse,1000,5,random,11,10,0.9090909090909091,0.3,0
SCOPE_ee_zh_DuEE1.0__evtShard_006,K1000_seed5_coverage__fuse_r0.6,train,fuse,1000,5,coverage,11,6,0.5454545454545454,0.6,0
SCOPE_ee_zh_DuEE1.0__evtShard_006,K5000_seed1_random__fuse_r0.3,train,fuse,5000,1,random,11,10,0.9090909090909091,0.3,0
SCOPE_ee_zh_DuEE1.0__evtShard_006,K5000_seed1_coverage__fuse_r0.6,train,fuse,5000,1,coverage,11,6,0.5454545454545454,0.6,0
SCOPE_ee_zh_DuEE1.0__evtShard_006,K5000_seed2_random__fuse_r0.6,train,fuse,5000,2,random,11,6,0.5454545454545454,0.6,0
SCOPE_ee_zh_DuEE1.0__evtShard_006,K5000_seed2_coverage__fuse_r0.3,train,fuse,5000,2,coverage,11,10,0.9090909090909091,0.3,0
SCOPE_ee_zh_DuEE1.0__evtShard_006,K5000_seed3_random__fuse_r0.3,train,fuse,5000,3,random,11,10,0.9090909090909091,0.3,0
SCOPE_ee_zh_DuEE1.0__evtShard_006,K5000_seed3_coverage__fuse_r0.3,train,fuse,5000,3,coverage,11,10,0.9090909090909091,0.3,0
SCOPE_ee_zh_DuEE1.0__evtShard_006,K5000_seed4_random__fuse_r0.3,train,fuse,5000,4,random,11,10,0.9090909090909091,0.3,0
SCOPE_ee_zh_DuEE1.0__evtShard_006,K5000_seed4_coverage__fuse_r0.6,train,fuse,5000,4,coverage,11,6,0.5454545454545454,0.6,0
SCOPE_ee_zh_DuEE1.0__evtShard_006,K5000_seed5_random__fuse_r0.3,train,fuse,5000,5,random,11,10,0.9090909090909091,0.3,0
SCOPE_ee_zh_DuEE1.0__evtShard_006,K5000_seed5_coverage__fuse_r0.3,train,fuse,5000,5,coverage,11,10,0.9090909090909091,0.3,0
SCOPE_ee_zh_DuEE1.0__evtShard_007,K200_seed1_random__fuse_r0.6,train,fuse,200,1,random,18,10,0.5555555555555556,0.6,0
SCOPE_ee_zh_DuEE1.0__evtShard_007,K200_seed1_coverage__fuse_r0.6,train,fuse,200,1,coverage,18,10,0.5555555555555556,0.6,0
SCOPE_ee_zh_DuEE1.0__evtShard_007,K200_seed2_random__fuse_r0.3,train,fuse,200,2,random,18,16,0.8888888888888888,0.3,0
SCOPE_ee_zh_DuEE1.0__evtShard_007,K200_seed2_coverage__fuse_r0.3,train,fuse,200,2,coverage,18,16,0.8888888888888888,0.3,0
SCOPE_ee_zh_DuEE1.0__evtShard_007,K200_seed3_random__fuse_r0.6,train,fuse,200,3,random,18,10,0.5555555555555556,0.6,0
SCOPE_ee_zh_DuEE1.0__evtShard_007,K200_seed3_coverage__fuse_r0.6,train,fuse,200,3,coverage,18,10,0.5555555555555556,0.6,0
SCOPE_ee_zh_DuEE1.0__evtShard_007,K200_seed4_random__fuse_r0.3,train,fuse,200,4,random,18,16,0.8888888888888888,0.3,0
SCOPE_ee_zh_DuEE1.0__evtShard_007,K200_seed4_coverage__fuse_r0.3,train,fuse,200,4,coverage,18,16,0.8888888888888888,0.3,0
SCOPE_ee_zh_DuEE1.0__evtShard_007,K200_seed5_random__fuse_r0.3,train,fuse,200,5,random,18,16,0.8888888888888888,0.3,0
SCOPE_ee_zh_DuEE1.0__evtShard_007,K200_seed5_coverage__fuse_r0.6,train,fuse,200,5,coverage,18,10,0.5555555555555556,0.6,0
SCOPE_ee_zh_DuEE1.0__evtShard_007,K1000_seed1_random__fuse_r0.6,train,fuse,1000,1,random,18,10,0.5555555555555556,0.6,0
SCOPE_ee_zh_DuEE1.0__evtShard_007,K1000_seed1_coverage__fuse_r0.3,train,fuse,1000,1,coverage,18,16,0.8888888888888888,0.3,0
SCOPE_ee_zh_DuEE1.0__evtShard_007,K1000_seed2_random__fuse_r0.3,train,fuse,1000,2,random,18,16,0.8888888888888888,0.3,0
SCOPE_ee_zh_DuEE1.0__evtShard_007,K1000_seed2_coverage__fuse_r0.3,train,fuse,1000,2,coverage,18,16,0.8888888888888888,0.3,0
SCOPE_ee_zh_DuEE1.0__evtShard_007,K1000_seed3_random__fuse_r0.6,train,fuse,1000,3,random,18,10,0.5555555555555556,0.6,0
SCOPE_ee_zh_DuEE1.0__evtShard_007,K1000_seed3_coverage__fuse_r0.6,train,fuse,1000,3,coverage,18,10,0.5555555555555556,0.6,0
SCOPE_ee_zh_DuEE1.0__evtShard_007,K1000_seed4_random__fuse_r0.6,train,fuse,1000,4,random,18,10,0.5555555555555556,0.6,0
SCOPE_ee_zh_DuEE1.0__evtShard_007,K1000_seed4_coverage__fuse_r0.6,train,fuse,1000,4,coverage,18,10,0.5555555555555556,0.6,0
SCOPE_ee_zh_DuEE1.0__evtShard_007,K1000_seed5_random__fuse_r0.3,train,fuse,1000,5,random,18,16,0.8888888888888888,0.3,0
SCOPE_ee_zh_DuEE1.0__evtShard_007,K1000_seed5_coverage__fuse_r0.3,train,fuse,1000,5,coverage,18,16,0.8888888888888888,0.3,0
SCOPE_ee_zh_DuEE1.0__evtShard_007,K5000_seed1_random__fuse_r0.6,train,fuse,5000,1,random,18,10,0.5555555555555556,0.6,0
SCOPE_ee_zh_DuEE1.0__evtShard_007,K5000_seed1_coverage__fuse_r0.6,train,fuse,5000,1,coverage,18,10,0.5555555555555556,0.6,0
SCOPE_ee_zh_DuEE1.0__evtShard_007,K5000_seed2_random__fuse_r0.3,train,fuse,5000,2,random,18,16,0.8888888888888888,0.3,0
SCOPE_ee_zh_DuEE1.0__evtShard_007,K5000_seed2_coverage__fuse_r0.3,train,fuse,5000,2,coverage,18,16,0.8888888888888888,0.3,0
SCOPE_ee_zh_DuEE1.0__evtShard_007,K5000_seed3_random__fuse_r0.6,train,fuse,5000,3,random,18,10,0.5555555555555556,0.6,0
SCOPE_ee_zh_DuEE1.0__evtShard_007,K5000_seed3_coverage__fuse_r0.3,train,fuse,5000,3,coverage,18,16,0.8888888888888888,0.3,0
SCOPE_ee_zh_DuEE1.0__evtShard_007,K5000_seed4_random__fuse_r0.3,train,fuse,5000,4,random,18,16,0.8888888888888888,0.3,0
SCOPE_ee_zh_DuEE1.0__evtShard_007,K5000_seed4_coverage__fuse_r0.6,train,fuse,5000,4,coverage,18,10,0.5555555555555556,0.6,0
SCOPE_ee_zh_DuEE1.0__evtShard_007,K5000_seed5_random__fuse_r0.6,train,fuse,5000,5,random,18,10,0.5555555555555556,0.6,0
SCOPE_ee_zh_DuEE1.0__evtShard_007,K5000_seed5_coverage__fuse_r0.6,train,fuse,5000,5,coverage,18,10,0.5555555555555556,0.6,0
SCOPE_ee_zh_DuEE-fin__evtShard_001,K200_seed1_random__fuse_r0.6,train,fuse,200,1,random,20,9,0.45,0.6,0
SCOPE_ee_zh_DuEE-fin__evtShard_001,K200_seed1_coverage__fuse_r0.3,train,fuse,200,1,coverage,20,15,0.75,0.3,0
SCOPE_ee_zh_DuEE-fin__evtShard_001,K200_seed2_random__fuse_r0.6,train,fuse,200,2,random,20,9,0.45,0.6,0
SCOPE_ee_zh_DuEE-fin__evtShard_001,K200_seed2_coverage__fuse_r0.6,train,fuse,200,2,coverage,20,9,0.45,0.6,0
SCOPE_ee_zh_DuEE-fin__evtShard_001,K200_seed3_random__fuse_r0.6,train,fuse,200,3,random,20,9,0.45,0.6,0
SCOPE_ee_zh_DuEE-fin__evtShard_001,K200_seed3_coverage__fuse_r0.6,train,fuse,200,3,coverage,20,9,0.45,0.6,0
SCOPE_ee_zh_DuEE-fin__evtShard_001,K200_seed4_random__fuse_r0.3,train,fuse,200,4,random,20,14,0.7,0.3,0
SCOPE_ee_zh_DuEE-fin__evtShard_001,K200_seed4_coverage__fuse_r0.6,train,fuse,200,4,coverage,20,9,0.45,0.6,0
SCOPE_ee_zh_DuEE-fin__evtShard_001,K200_seed5_random__fuse_r0.6,train,fuse,200,5,random,20,9,0.45,0.6,0
SCOPE_ee_zh_DuEE-fin__evtShard_001,K200_seed5_coverage__fuse_r0.3,train,fuse,200,5,coverage,20,15,0.75,0.3,0
SCOPE_ee_zh_DuEE-fin__evtShard_001,K1000_seed1_random__fuse_r0.6,train,fuse,1000,1,random,20,9,0.45,0.6,0
SCOPE_ee_zh_DuEE-fin__evtShard_001,K1000_seed1_coverage__fuse_r0.3,train,fuse,1000,1,coverage,20,15,0.75,0.3,0
SCOPE_ee_zh_DuEE-fin__evtShard_001,K1000_seed2_random__fuse_r0.3,train,fuse,1000,2,random,20,15,0.75,0.3,0
SCOPE_ee_zh_DuEE-fin__evtShard_001,K1000_seed2_coverage__fuse_r0.6,train,fuse,1000,2,coverage,20,9,0.45,0.6,0
SCOPE_ee_zh_DuEE-fin__evtShard_001,K1000_seed3_random__fuse_r0.3,train,fuse,1000,3,random,20,15,0.75,0.3,0
SCOPE_ee_zh_DuEE-fin__evtShard_001,K1000_seed3_coverage__fuse_r0.3,train,fuse,1000,3,coverage,20,15,0.75,0.3,0
SCOPE_ee_zh_DuEE-fin__evtShard_001,K1000_seed4_random__fuse_r0.6,train,fuse,1000,4,random,20,9,0.45,0.6,0
SCOPE_ee_zh_DuEE-fin__evtShard_001,K1000_seed4_coverage__fuse_r0.3,train,fuse,1000,4,coverage,20,15,0.75,0.3,0
SCOPE_ee_zh_DuEE-fin__evtShard_001,K1000_seed5_random__fuse_r0.6,train,fuse,1000,5,random,20,9,0.45,0.6,0
SCOPE_ee_zh_DuEE-fin__evtShard_001,K1000_seed5_coverage__fuse_r0.3,train,fuse,1000,5,coverage,20,15,0.75,0.3,0
SCOPE_ee_zh_DuEE-fin__evtShard_001,K5000_seed1_random__fuse_r0.6,train,fuse,5000,1,random,20,9,0.45,0.6,0
SCOPE_ee_zh_DuEE-fin__evtShard_001,K5000_seed1_coverage__fuse_r0.6,train,fuse,5000,1,coverage,20,9,0.45,0.6,0
SCOPE_ee_zh_DuEE-fin__evtShard_001,K5000_seed2_random__fuse_r0.3,train,fuse,5000,2,random,20,15,0.75,0.3,0
SCOPE_ee_zh_DuEE-fin__evtShard_001,K5000_seed2_coverage__fuse_r0.3,train,fuse,5000,2,coverage,20,15,0.75,0.3,0
SCOPE_ee_zh_DuEE-fin__evtShard_001,K5000_seed3_random__fuse_r0.3,train,fuse,5000,3,random,20,15,0.75,0.3,0
SCOPE_ee_zh_DuEE-fin__evtShard_001,K5000_seed3_coverage__fuse_r0.3,train,fuse,5000,3,coverage,20,15,0.75,0.3,0
SCOPE_ee_zh_DuEE-fin__evtShard_001,K5000_seed4_random__fuse_r0.3,train,fuse,5000,4,random,20,15,0.75,0.3,0
SCOPE_ee_zh_DuEE-fin__evtShard_001,K5000_seed4_coverage__fuse_r0.3,train,fuse,5000,4,coverage,20,15,0.75,0.3,0
SCOPE_ee_zh_DuEE-fin__evtShard_001,K5000_seed5_random__fuse_r0.6,train,fuse,5000,5,random,20,9,0.45,0.6,0
SCOPE_ee_zh_DuEE-fin__evtShard_001,K5000_seed5_coverage__fuse_r0.3,train,fuse,5000,5,coverage,20,15,0.75,0.3,0
SCOPE_ee_zh_DuEE-fin__evtShard_002,K200_seed1_random__fuse_r0.6,train,fuse,200,1,random,21,9,0.42857142857142855,0.6,0
SCOPE_ee_zh_DuEE-fin__evtShard_002,K200_seed1_coverage__fuse_r0.6,train,fuse,200,1,coverage,21,9,0.42857142857142855,0.6,0
SCOPE_ee_zh_DuEE-fin__evtShard_002,K200_seed2_random__fuse_r0.6,train,fuse,200,2,random,21,9,0.42857142857142855,0.6,0
SCOPE_ee_zh_DuEE-fin__evtShard_002,K200_seed2_coverage__fuse_r0.6,train,fuse,200,2,coverage,21,9,0.42857142857142855,0.6,0
SCOPE_ee_zh_DuEE-fin__evtShard_002,K200_seed3_random__fuse_r0.3,train,fuse,200,3,random,21,16,0.7619047619047619,0.3,0
SCOPE_ee_zh_DuEE-fin__evtShard_002,K200_seed3_coverage__fuse_r0.3,train,fuse,200,3,coverage,21,16,0.7619047619047619,0.3,0
SCOPE_ee_zh_DuEE-fin__evtShard_002,K200_seed4_random__fuse_r0.6,train,fuse,200,4,random,21,9,0.42857142857142855,0.6,0
SCOPE_ee_zh_DuEE-fin__evtShard_002,K200_seed4_coverage__fuse_r0.3,train,fuse,200,4,coverage,21,16,0.7619047619047619,0.3,0
SCOPE_ee_zh_DuEE-fin__evtShard_002,K200_seed5_random__fuse_r0.6,train,fuse,200,5,random,21,9,0.42857142857142855,0.6,0
SCOPE_ee_zh_DuEE-fin__evtShard_002,K200_seed5_coverage__fuse_r0.6,train,fuse,200,5,coverage,21,9,0.42857142857142855,0.6,0
SCOPE_ee_zh_DuEE-fin__evtShard_002,K1000_seed1_random__fuse_r0.3,train,fuse,1000,1,random,21,16,0.7619047619047619,0.3,0
SCOPE_ee_zh_DuEE-fin__evtShard_002,K1000_seed1_coverage__fuse_r0.6,train,fuse,1000,1,coverage,21,9,0.42857142857142855,0.6,0
SCOPE_ee_zh_DuEE-fin__evtShard_002,K1000_seed2_random__fuse_r0.6,train,fuse,1000,2,random,21,9,0.42857142857142855,0.6,0
SCOPE_ee_zh_DuEE-fin__evtShard_002,K1000_seed2_coverage__fuse_r0.3,train,fuse,1000,2,coverage,21,16,0.7619047619047619,0.3,0
SCOPE_ee_zh_DuEE-fin__evtShard_002,K1000_seed3_random__fuse_r0.3,train,fuse,1000,3,random,21,16,0.7619047619047619,0.3,0
SCOPE_ee_zh_DuEE-fin__evtShard_002,K1000_seed3_coverage__fuse_r0.6,train,fuse,1000,3,coverage,21,9,0.42857142857142855,0.6,0
SCOPE_ee_zh_DuEE-fin__evtShard_002,K1000_seed4_random__fuse_r0.3,train,fuse,1000,4,random,21,16,0.7619047619047619,0.3,0
SCOPE_ee_zh_DuEE-fin__evtShard_002,K1000_seed4_coverage__fuse_r0.3,train,fuse,1000,4,coverage,21,16,0.7619047619047619,0.3,0
SCOPE_ee_zh_DuEE-fin__evtShard_002,K1000_seed5_random__fuse_r0.3,train,fuse,1000,5,random,21,16,0.7619047619047619,0.3,0
SCOPE_ee_zh_DuEE-fin__evtShard_002,K1000_seed5_coverage__fuse_r0.3,train,fuse,1000,5,coverage,21,16,0.7619047619047619,0.3,0
SCOPE_ee_zh_DuEE-fin__evtShard_002,K5000_seed1_random__fuse_r0.6,train,fuse,5000,1,random,21,9,0.42857142857142855,0.6,0
SCOPE_ee_zh_DuEE-fin__evtShard_002,K5000_seed1_coverage__fuse_r0.3,train,fuse,5000,1,coverage,21,16,0.7619047619047619,0.3,0
SCOPE_ee_zh_DuEE-fin__evtShard_002,K5000_seed2_random__fuse_r0.6,train,fuse,5000,2,random,21,9,0.42857142857142855,0.6,0
SCOPE_ee_zh_DuEE-fin__evtShard_002,K5000_seed2_coverage__fuse_r0.3,train,fuse,5000,2,coverage,21,16,0.7619047619047619,0.3,0
SCOPE_ee_zh_DuEE-fin__evtShard_002,K5000_seed3_random__fuse_r0.6,train,fuse,5000,3,random,21,9,0.42857142857142855,0.6,0
SCOPE_ee_zh_DuEE-fin__evtShard_002,K5000_seed3_coverage__fuse_r0.3,train,fuse,5000,3,coverage,21,16,0.7619047619047619,0.3,0
SCOPE_ee_zh_DuEE-fin__evtShard_002,K5000_seed4_random__fuse_r0.3,train,fuse,5000,4,random,21,16,0.7619047619047619,0.3,0
SCOPE_ee_zh_DuEE-fin__evtShard_002,K5000_seed4_coverage__fuse_r0.6,train,fuse,5000,4,coverage,21,9,0.42857142857142855,0.6,0
SCOPE_ee_zh_DuEE-fin__evtShard_002,K5000_seed5_random__fuse_r0.6,train,fuse,5000,5,random,21,9,0.42857142857142855,0.6,0
SCOPE_ee_zh_DuEE-fin__evtShard_002,K5000_seed5_coverage__fuse_r0.3,train,fuse,5000,5,coverage,21,16,0.7619047619047619,0.3,0
SCOPE_ee_zh_DuEE-fin__evtShard_003,K200_seed1_random__fuse_r0.3,train,fuse,200,1,random,26,19,0.7307692307692307,0.3,0
SCOPE_ee_zh_DuEE-fin__evtShard_003,K200_seed1_coverage__fuse_r0.3,train,fuse,200,1,coverage,26,20,0.7692307692307693,0.3,0
SCOPE_ee_zh_DuEE-fin__evtShard_003,K200_seed2_random__fuse_r0.6,train,fuse,200,2,random,26,11,0.4230769230769231,0.6,0
SCOPE_ee_zh_DuEE-fin__evtShard_003,K200_seed2_coverage__fuse_r0.3,train,fuse,200,2,coverage,26,20,0.7692307692307693,0.3,0
SCOPE_ee_zh_DuEE-fin__evtShard_003,K200_seed3_random__fuse_r0.3,train,fuse,200,3,random,26,20,0.7692307692307693,0.3,0
SCOPE_ee_zh_DuEE-fin__evtShard_003,K200_seed3_coverage__fuse_r0.3,train,fuse,200,3,coverage,26,20,0.7692307692307693,0.3,0
SCOPE_ee_zh_DuEE-fin__evtShard_003,K200_seed4_random__fuse_r0.3,train,fuse,200,4,random,26,20,0.7692307692307693,0.3,0
SCOPE_ee_zh_DuEE-fin__evtShard_003,K200_seed4_coverage__fuse_r0.6,train,fuse,200,4,coverage,26,12,0.46153846153846156,0.6,0
SCOPE_ee_zh_DuEE-fin__evtShard_003,K200_seed5_random__fuse_r0.6,train,fuse,200,5,random,26,12,0.46153846153846156,0.6,0
SCOPE_ee_zh_DuEE-fin__evtShard_003,K200_seed5_coverage__fuse_r0.6,train,fuse,200,5,coverage,26,12,0.46153846153846156,0.6,0
SCOPE_ee_zh_DuEE-fin__evtShard_003,K1000_seed1_random__fuse_r0.6,train,fuse,1000,1,random,26,12,0.46153846153846156,0.6,0
SCOPE_ee_zh_DuEE-fin__evtShard_003,K1000_seed1_coverage__fuse_r0.3,train,fuse,1000,1,coverage,26,20,0.7692307692307693,0.3,0
SCOPE_ee_zh_DuEE-fin__evtShard_003,K1000_seed2_random__fuse_r0.6,train,fuse,1000,2,random,26,12,0.46153846153846156,0.6,0
SCOPE_ee_zh_DuEE-fin__evtShard_003,K1000_seed2_coverage__fuse_r0.6,train,fuse,1000,2,coverage,26,12,0.46153846153846156,0.6,0
SCOPE_ee_zh_DuEE-fin__evtShard_003,K1000_seed3_random__fuse_r0.3,train,fuse,1000,3,random,26,20,0.7692307692307693,0.3,0
SCOPE_ee_zh_DuEE-fin__evtShard_003,K1000_seed3_coverage__fuse_r0.3,train,fuse,1000,3,coverage,26,20,0.7692307692307693,0.3,0
SCOPE_ee_zh_DuEE-fin__evtShard_003,K1000_seed4_random__fuse_r0.6,train,fuse,1000,4,random,26,12,0.46153846153846156,0.6,0
SCOPE_ee_zh_DuEE-fin__evtShard_003,K1000_seed4_coverage__fuse_r0.3,train,fuse,1000,4,coverage,26,20,0.7692307692307693,0.3,0
SCOPE_ee_zh_DuEE-fin__evtShard_003,K1000_seed5_random__fuse_r0.6,train,fuse,1000,5,random,26,12,0.46153846153846156,0.6,0
SCOPE_ee_zh_DuEE-fin__evtShard_003,K1000_seed5_coverage__fuse_r0.3,train,fuse,1000,5,coverage,26,20,0.7692307692307693,0.3,0
SCOPE_ee_zh_DuEE-fin__evtShard_003,K5000_seed1_random__fuse_r0.3,train,fuse,5000,1,random,26,20,0.7692307692307693,0.3,0
SCOPE_ee_zh_DuEE-fin__evtShard_003,K5000_seed1_coverage__fuse_r0.3,train,fuse,5000,1,coverage,26,20,0.7692307692307693,0.3,0
SCOPE_ee_zh_DuEE-fin__evtShard_003,K5000_seed2_random__fuse_r0.3,train,fuse,5000,2,random,26,20,0.7692307692307693,0.3,0
SCOPE_ee_zh_DuEE-fin__evtShard_003,K5000_seed2_coverage__fuse_r0.3,train,fuse,5000,2,coverage,26,20,0.7692307692307693,0.3,0
SCOPE_ee_zh_DuEE-fin__evtShard_003,K5000_seed3_random__fuse_r0.3,train,fuse,5000,3,random,26,20,0.7692307692307693,0.3,0
SCOPE_ee_zh_DuEE-fin__evtShard_003,K5000_seed3_coverage__fuse_r0.3,train,fuse,5000,3,coverage,26,20,0.7692307692307693,0.3,0
SCOPE_ee_zh_DuEE-fin__evtShard_003,K5000_seed4_random__fuse_r0.3,train,fuse,5000,4,random,26,20,0.7692307692307693,0.3,0
SCOPE_ee_zh_DuEE-fin__evtShard_003,K5000_seed4_coverage__fuse_r0.6,train,fuse,5000,4,coverage,26,12,0.46153846153846156,0.6,0
SCOPE_ee_zh_DuEE-fin__evtShard_003,K5000_seed5_random__fuse_r0.3,train,fuse,5000,5,random,26,20,0.7692307692307693,0.3,0
SCOPE_ee_zh_DuEE-fin__evtShard_003,K5000_seed5_coverage__fuse_r0.6,train,fuse,5000,5,coverage,26,12,0.46153846153846156,0.6,0
SCOPE_ee_zh_DuEE-fin__evtShard_004,K200_seed1_random__fuse_r0.3,train,fuse,200,1,random,20,16,0.8,0.3,0
SCOPE_ee_zh_DuEE-fin__evtShard_004,K200_seed1_coverage__fuse_r0.3,train,fuse,200,1,coverage,20,16,0.8,0.3,0
SCOPE_ee_zh_DuEE-fin__evtShard_004,K200_seed2_random__fuse_r0.6,train,fuse,200,2,random,20,10,0.5,0.6,0
SCOPE_ee_zh_DuEE-fin__evtShard_004,K200_seed2_coverage__fuse_r0.3,train,fuse,200,2,coverage,20,16,0.8,0.3,0
SCOPE_ee_zh_DuEE-fin__evtShard_004,K200_seed3_random__fuse_r0.3,train,fuse,200,3,random,20,16,0.8,0.3,0
SCOPE_ee_zh_DuEE-fin__evtShard_004,K200_seed3_coverage__fuse_r0.6,train,fuse,200,3,coverage,20,10,0.5,0.6,0
SCOPE_ee_zh_DuEE-fin__evtShard_004,K200_seed4_random__fuse_r0.6,train,fuse,200,4,random,20,9,0.45,0.6,0
SCOPE_ee_zh_DuEE-fin__evtShard_004,K200_seed4_coverage__fuse_r0.6,train,fuse,200,4,coverage,20,10,0.5,0.6,0
SCOPE_ee_zh_DuEE-fin__evtShard_004,K200_seed5_random__fuse_r0.6,train,fuse,200,5,random,20,10,0.5,0.6,0
SCOPE_ee_zh_DuEE-fin__evtShard_004,K200_seed5_coverage__fuse_r0.3,train,fuse,200,5,coverage,20,16,0.8,0.3,0
SCOPE_ee_zh_DuEE-fin__evtShard_004,K1000_seed1_random__fuse_r0.3,train,fuse,1000,1,random,20,16,0.8,0.3,0
SCOPE_ee_zh_DuEE-fin__evtShard_004,K1000_seed1_coverage__fuse_r0.3,train,fuse,1000,1,coverage,20,16,0.8,0.3,0
SCOPE_ee_zh_DuEE-fin__evtShard_004,K1000_seed2_random__fuse_r0.3,train,fuse,1000,2,random,20,16,0.8,0.3,0
SCOPE_ee_zh_DuEE-fin__evtShard_004,K1000_seed2_coverage__fuse_r0.6,train,fuse,1000,2,coverage,20,10,0.5,0.6,0
SCOPE_ee_zh_DuEE-fin__evtShard_004,K1000_seed3_random__fuse_r0.3,train,fuse,1000,3,random,20,16,0.8,0.3,0
SCOPE_ee_zh_DuEE-fin__evtShard_004,K1000_seed3_coverage__fuse_r0.3,train,fuse,1000,3,coverage,20,16,0.8,0.3,0
SCOPE_ee_zh_DuEE-fin__evtShard_004,K1000_seed4_random__fuse_r0.3,train,fuse,1000,4,random,20,16,0.8,0.3,0
SCOPE_ee_zh_DuEE-fin__evtShard_004,K1000_seed4_coverage__fuse_r0.3,train,fuse,1000,4,coverage,20,16,0.8,0.3,0
SCOPE_ee_zh_DuEE-fin__evtShard_004,K1000_seed5_random__fuse_r0.6,train,fuse,1000,5,random,20,10,0.5,0.6,0
SCOPE_ee_zh_DuEE-fin__evtShard_004,K1000_seed5_coverage__fuse_r0.3,train,fuse,1000,5,coverage,20,16,0.8,0.3,0
SCOPE_ee_zh_DuEE-fin__evtShard_004,K5000_seed1_random__fuse_r0.6,train,fuse,5000,1,random,20,10,0.5,0.6,0
SCOPE_ee_zh_DuEE-fin__evtShard_004,K5000_seed1_coverage__fuse_r0.6,train,fuse,5000,1,coverage,20,10,0.5,0.6,0
SCOPE_ee_zh_DuEE-fin__evtShard_004,K5000_seed2_random__fuse_r0.6,train,fuse,5000,2,random,20,10,0.5,0.6,0
SCOPE_ee_zh_DuEE-fin__evtShard_004,K5000_seed2_coverage__fuse_r0.6,train,fuse,5000,2,coverage,20,10,0.5,0.6,0
SCOPE_ee_zh_DuEE-fin__evtShard_004,K5000_seed3_random__fuse_r0.6,train,fuse,5000,3,random,20,10,0.5,0.6,0
SCOPE_ee_zh_DuEE-fin__evtShard_004,K5000_seed3_coverage__fuse_r0.3,train,fuse,5000,3,coverage,20,16,0.8,0.3,0
SCOPE_ee_zh_DuEE-fin__evtShard_004,K5000_seed4_random__fuse_r0.3,train,fuse,5000,4,random,20,16,0.8,0.3,0
SCOPE_ee_zh_DuEE-fin__evtShard_004,K5000_seed4_coverage__fuse_r0.6,train,fuse,5000,4,coverage,20,10,0.5,0.6,0
SCOPE_ee_zh_DuEE-fin__evtShard_004,K5000_seed5_random__fuse_r0.3,train,fuse,5000,5,random,20,16,0.8,0.3,0
SCOPE_ee_zh_DuEE-fin__evtShard_004,K5000_seed5_coverage__fuse_r0.3,train,fuse,5000,5,coverage,20,16,0.8,0.3,0
SCOPE_ee_zh_FewFC__evtShard_001,K200_seed1_random__fuse_r0.6,train,fuse,200,1,random,15,7,0.4666666666666667,0.6,0
SCOPE_ee_zh_FewFC__evtShard_001,K200_seed1_coverage__fuse_r0.3,train,fuse,200,1,coverage,15,12,0.8,0.3,0
SCOPE_ee_zh_FewFC__evtShard_001,K200_seed2_random__fuse_r0.3,train,fuse,200,2,random,15,12,0.8,0.3,0
SCOPE_ee_zh_FewFC__evtShard_001,K200_seed2_coverage__fuse_r0.3,train,fuse,200,2,coverage,15,12,0.8,0.3,0
SCOPE_ee_zh_FewFC__evtShard_001,K200_seed3_random__fuse_r0.6,train,fuse,200,3,random,15,7,0.4666666666666667,0.6,0
SCOPE_ee_zh_FewFC__evtShard_001,K200_seed3_coverage__fuse_r0.3,train,fuse,200,3,coverage,15,12,0.8,0.3,0
SCOPE_ee_zh_FewFC__evtShard_001,K200_seed4_random__fuse_r0.3,train,fuse,200,4,random,15,12,0.8,0.3,0
SCOPE_ee_zh_FewFC__evtShard_001,K200_seed4_coverage__fuse_r0.6,train,fuse,200,4,coverage,15,7,0.4666666666666667,0.6,0
SCOPE_ee_zh_FewFC__evtShard_001,K200_seed5_random__fuse_r0.3,train,fuse,200,5,random,15,12,0.8,0.3,0
SCOPE_ee_zh_FewFC__evtShard_001,K200_seed5_coverage__fuse_r0.3,train,fuse,200,5,coverage,15,12,0.8,0.3,0
SCOPE_ee_zh_FewFC__evtShard_001,K1000_seed1_random__fuse_r0.3,train,fuse,1000,1,random,15,12,0.8,0.3,0
SCOPE_ee_zh_FewFC__evtShard_001,K1000_seed1_coverage__fuse_r0.6,train,fuse,1000,1,coverage,15,7,0.4666666666666667,0.6,0
SCOPE_ee_zh_FewFC__evtShard_001,K1000_seed2_random__fuse_r0.3,train,fuse,1000,2,random,15,12,0.8,0.3,0
SCOPE_ee_zh_FewFC__evtShard_001,K1000_seed2_coverage__fuse_r0.3,train,fuse,1000,2,coverage,15,12,0.8,0.3,0
SCOPE_ee_zh_FewFC__evtShard_001,K1000_seed3_random__fuse_r0.6,train,fuse,1000,3,random,15,7,0.4666666666666667,0.6,0
SCOPE_ee_zh_FewFC__evtShard_001,K1000_seed3_coverage__fuse_r0.6,train,fuse,1000,3,coverage,15,7,0.4666666666666667,0.6,0
SCOPE_ee_zh_FewFC__evtShard_001,K1000_seed4_random__fuse_r0.3,train,fuse,1000,4,random,15,12,0.8,0.3,0
SCOPE_ee_zh_FewFC__evtShard_001,K1000_seed4_coverage__fuse_r0.6,train,fuse,1000,4,coverage,15,7,0.4666666666666667,0.6,0
SCOPE_ee_zh_FewFC__evtShard_001,K1000_seed5_random__fuse_r0.3,train,fuse,1000,5,random,15,12,0.8,0.3,0
SCOPE_ee_zh_FewFC__evtShard_001,K1000_seed5_coverage__fuse_r0.3,train,fuse,1000,5,coverage,15,12,0.8,0.3,0
SCOPE_ee_zh_FewFC__evtShard_001,K5000_seed1_random__fuse_r0.3,train,fuse,5000,1,random,15,12,0.8,0.3,0
SCOPE_ee_zh_FewFC__evtShard_001,K5000_seed1_coverage__fuse_r0.3,train,fuse,5000,1,coverage,15,12,0.8,0.3,0
SCOPE_ee_zh_FewFC__evtShard_001,K5000_seed2_random__fuse_r0.3,train,fuse,5000,2,random,15,12,0.8,0.3,0
SCOPE_ee_zh_FewFC__evtShard_001,K5000_seed2_coverage__fuse_r0.6,train,fuse,5000,2,coverage,15,7,0.4666666666666667,0.6,0
SCOPE_ee_zh_FewFC__evtShard_001,K5000_seed3_random__fuse_r0.3,train,fuse,5000,3,random,15,12,0.8,0.3,0
SCOPE_ee_zh_FewFC__evtShard_001,K5000_seed3_coverage__fuse_r0.6,train,fuse,5000,3,coverage,15,7,0.4666666666666667,0.6,0
SCOPE_ee_zh_FewFC__evtShard_001,K5000_seed4_random__fuse_r0.6,train,fuse,5000,4,random,15,7,0.4666666666666667,0.6,0
SCOPE_ee_zh_FewFC__evtShard_001,K5000_seed4_coverage__fuse_r0.3,train,fuse,5000,4,coverage,15,12,0.8,0.3,0
SCOPE_ee_zh_FewFC__evtShard_001,K5000_seed5_random__fuse_r0.3,train,fuse,5000,5,random,15,12,0.8,0.3,0
SCOPE_ee_zh_FewFC__evtShard_001,K5000_seed5_coverage__fuse_r0.3,train,fuse,5000,5,coverage,15,12,0.8,0.3,0
SCOPE_ee_zh_FewFC__evtShard_002,K200_seed1_random__fuse_r0.3,train,fuse,200,1,random,14,11,0.7857142857142857,0.3,0
SCOPE_ee_zh_FewFC__evtShard_002,K200_seed1_coverage__fuse_r0.6,train,fuse,200,1,coverage,14,7,0.5,0.6,0
SCOPE_ee_zh_FewFC__evtShard_002,K200_seed2_random__fuse_r0.6,train,fuse,200,2,random,14,7,0.5,0.6,0
SCOPE_ee_zh_FewFC__evtShard_002,K200_seed2_coverage__fuse_r0.6,train,fuse,200,2,coverage,14,7,0.5,0.6,0
SCOPE_ee_zh_FewFC__evtShard_002,K200_seed3_random__fuse_r0.6,train,fuse,200,3,random,14,7,0.5,0.6,0
SCOPE_ee_zh_FewFC__evtShard_002,K200_seed3_coverage__fuse_r0.6,train,fuse,200,3,coverage,14,7,0.5,0.6,0
SCOPE_ee_zh_FewFC__evtShard_002,K200_seed4_random__fuse_r0.6,train,fuse,200,4,random,14,7,0.5,0.6,0
SCOPE_ee_zh_FewFC__evtShard_002,K200_seed4_coverage__fuse_r0.3,train,fuse,200,4,coverage,14,11,0.7857142857142857,0.3,0
SCOPE_ee_zh_FewFC__evtShard_002,K200_seed5_random__fuse_r0.6,train,fuse,200,5,random,14,7,0.5,0.6,0
SCOPE_ee_zh_FewFC__evtShard_002,K200_seed5_coverage__fuse_r0.6,train,fuse,200,5,coverage,14,7,0.5,0.6,0
SCOPE_ee_zh_FewFC__evtShard_002,K1000_seed1_random__fuse_r0.6,train,fuse,1000,1,random,14,7,0.5,0.6,0
SCOPE_ee_zh_FewFC__evtShard_002,K1000_seed1_coverage__fuse_r0.6,train,fuse,1000,1,coverage,14,7,0.5,0.6,0
SCOPE_ee_zh_FewFC__evtShard_002,K1000_seed2_random__fuse_r0.3,train,fuse,1000,2,random,14,11,0.7857142857142857,0.3,0
SCOPE_ee_zh_FewFC__evtShard_002,K1000_seed2_coverage__fuse_r0.3,train,fuse,1000,2,coverage,14,11,0.7857142857142857,0.3,0
SCOPE_ee_zh_FewFC__evtShard_002,K1000_seed3_random__fuse_r0.6,train,fuse,1000,3,random,14,7,0.5,0.6,0
SCOPE_ee_zh_FewFC__evtShard_002,K1000_seed3_coverage__fuse_r0.3,train,fuse,1000,3,coverage,14,11,0.7857142857142857,0.3,0
SCOPE_ee_zh_FewFC__evtShard_002,K1000_seed4_random__fuse_r0.6,train,fuse,1000,4,random,14,7,0.5,0.6,0
SCOPE_ee_zh_FewFC__evtShard_002,K1000_seed4_coverage__fuse_r0.3,train,fuse,1000,4,coverage,14,11,0.7857142857142857,0.3,0
SCOPE_ee_zh_FewFC__evtShard_002,K1000_seed5_random__fuse_r0.3,train,fuse,1000,5,random,14,11,0.7857142857142857,0.3,0
SCOPE_ee_zh_FewFC__evtShard_002,K1000_seed5_coverage__fuse_r0.3,train,fuse,1000,5,coverage,14,11,0.7857142857142857,0.3,0
SCOPE_ee_zh_FewFC__evtShard_002,K5000_seed1_random__fuse_r0.6,train,fuse,5000,1,random,14,7,0.5,0.6,0
SCOPE_ee_zh_FewFC__evtShard_002,K5000_seed1_coverage__fuse_r0.3,train,fuse,5000,1,coverage,14,11,0.7857142857142857,0.3,0
SCOPE_ee_zh_FewFC__evtShard_002,K5000_seed2_random__fuse_r0.6,train,fuse,5000,2,random,14,7,0.5,0.6,0
SCOPE_ee_zh_FewFC__evtShard_002,K5000_seed2_coverage__fuse_r0.3,train,fuse,5000,2,coverage,14,11,0.7857142857142857,0.3,0
SCOPE_ee_zh_FewFC__evtShard_002,K5000_seed3_random__fuse_r0.3,train,fuse,5000,3,random,14,11,0.7857142857142857,0.3,0
SCOPE_ee_zh_FewFC__evtShard_002,K5000_seed3_coverage__fuse_r0.6,train,fuse,5000,3,coverage,14,7,0.5,0.6,0
SCOPE_ee_zh_FewFC__evtShard_002,K5000_seed4_random__fuse_r0.6,train,fuse,5000,4,random,14,7,0.5,0.6,0
SCOPE_ee_zh_FewFC__evtShard_002,K5000_seed4_coverage__fuse_r0.6,train,fuse,5000,4,coverage,14,7,0.5,0.6,0
SCOPE_ee_zh_FewFC__evtShard_002,K5000_seed5_random__fuse_r0.3,train,fuse,5000,5,random,14,11,0.7857142857142857,0.3,0
SCOPE_ee_zh_FewFC__evtShard_002,K5000_seed5_coverage__fuse_r0.3,train,fuse,5000,5,coverage,14,11,0.7857142857142857,0.3,0
SCOPE_all_en__mix_rel001_evt001,K200_seed1_random__fuse_r0.6,train,fuse,200,1,random,37,14,0.3783783783783784,0.6,0
SCOPE_all_en__mix_rel001_evt001,K200_seed1_coverage__fuse_r0.3,train,fuse,200,1,coverage,37,29,0.7837837837837838,0.3,0
SCOPE_all_en__mix_rel001_evt001,K200_seed2_random__fuse_r0.3,train,fuse,200,2,random,37,24,0.6486486486486487,0.3,0
SCOPE_all_en__mix_rel001_evt001,K200_seed2_coverage__fuse_r0.3,train,fuse,200,2,coverage,37,29,0.7837837837837838,0.3,0
SCOPE_all_en__mix_rel001_evt001,K200_seed3_random__fuse_r0.6,train,fuse,200,3,random,37,17,0.4594594594594595,0.6,0
SCOPE_all_en__mix_rel001_evt001,K200_seed3_coverage__fuse_r0.6,train,fuse,200,3,coverage,37,19,0.5135135135135135,0.6,0
SCOPE_all_en__mix_rel001_evt001,K200_seed4_random__fuse_r0.6,train,fuse,200,4,random,37,17,0.4594594594594595,0.6,0
SCOPE_all_en__mix_rel001_evt001,K200_seed4_coverage__fuse_r0.6,train,fuse,200,4,coverage,37,19,0.5135135135135135,0.6,0
SCOPE_all_en__mix_rel001_evt001,K200_seed5_random__fuse_r0.3,train,fuse,200,5,random,37,24,0.6486486486486487,0.3,0
SCOPE_all_en__mix_rel001_evt001,K200_seed5_coverage__fuse_r0.3,train,fuse,200,5,coverage,37,29,0.7837837837837838,0.3,0
SCOPE_all_en__mix_rel001_evt001,K1000_seed1_random__fuse_r0.6,train,fuse,1000,1,random,37,19,0.5135135135135135,0.6,0
SCOPE_all_en__mix_rel001_evt001,K1000_seed1_coverage__fuse_r0.3,train,fuse,1000,1,coverage,37,29,0.7837837837837838,0.3,0
SCOPE_all_en__mix_rel001_evt001,K1000_seed2_random__fuse_r0.6,train,fuse,1000,2,random,37,18,0.4864864864864865,0.6,0
SCOPE_all_en__mix_rel001_evt001,K1000_seed2_coverage__fuse_r0.3,train,fuse,1000,2,coverage,37,29,0.7837837837837838,0.3,0
SCOPE_all_en__mix_rel001_evt001,K1000_seed3_random__fuse_r0.6,train,fuse,1000,3,random,37,18,0.4864864864864865,0.6,0
SCOPE_all_en__mix_rel001_evt001,K1000_seed3_coverage__fuse_r0.6,train,fuse,1000,3,coverage,37,19,0.5135135135135135,0.6,0
SCOPE_all_en__mix_rel001_evt001,K1000_seed4_random__fuse_r0.6,train,fuse,1000,4,random,37,19,0.5135135135135135,0.6,0
SCOPE_all_en__mix_rel001_evt001,K1000_seed4_coverage__fuse_r0.3,train,fuse,1000,4,coverage,37,29,0.7837837837837838,0.3,0
SCOPE_all_en__mix_rel001_evt001,K1000_seed5_random__fuse_r0.3,train,fuse,1000,5,random,37,27,0.7297297297297297,0.3,0
SCOPE_all_en__mix_rel001_evt001,K1000_seed5_coverage__fuse_r0.3,train,fuse,1000,5,coverage,37,29,0.7837837837837838,0.3,0
SCOPE_all_en__mix_rel001_evt001,K5000_seed1_random__fuse_r0.3,train,fuse,5000,1,random,37,29,0.7837837837837838,0.3,0
SCOPE_all_en__mix_rel001_evt001,K5000_seed1_coverage__fuse_r0.6,train,fuse,5000,1,coverage,37,19,0.5135135135135135,0.6,0
SCOPE_all_en__mix_rel001_evt001,K5000_seed2_random__fuse_r0.6,train,fuse,5000,2,random,37,19,0.5135135135135135,0.6,0
SCOPE_all_en__mix_rel001_evt001,K5000_seed2_coverage__fuse_r0.6,train,fuse,5000,2,coverage,37,19,0.5135135135135135,0.6,0
SCOPE_all_en__mix_rel001_evt001,K5000_seed3_random__fuse_r0.6,train,fuse,5000,3,random,37,19,0.5135135135135135,0.6,0
SCOPE_all_en__mix_rel001_evt001,K5000_seed3_coverage__fuse_r0.6,train,fuse,5000,3,coverage,37,19,0.5135135135135135,0.6,0
SCOPE_all_en__mix_rel001_evt001,K5000_seed4_random__fuse_r0.3,train,fuse,5000,4,random,37,29,0.7837837837837838,0.3,0
SCOPE_all_en__mix_rel001_evt001,K5000_seed4_coverage__fuse_r0.3,train,fuse,5000,4,coverage,37,29,0.7837837837837838,0.3,0
SCOPE_all_en__mix_rel001_evt001,K5000_seed5_random__fuse_r0.3,train,fuse,5000,5,random,37,29,0.7837837837837838,0.3,0
SCOPE_all_en__mix_rel001_evt001,K5000_seed5_coverage__fuse_r0.6,train,fuse,5000,5,coverage,37,19,0.5135135135135135,0.6,0
SCOPE_all_en__mix_rel002_evt002,K200_seed1_random__fuse_r0.6,train,fuse,200,1,random,31,13,0.41935483870967744,0.6,0
SCOPE_all_en__mix_rel002_evt002,K200_seed1_coverage__fuse_r0.3,train,fuse,200,1,coverage,31,23,0.7419354838709677,0.3,0
SCOPE_all_en__mix_rel002_evt002,K200_seed2_random__fuse_r0.3,train,fuse,200,2,random,31,21,0.6774193548387096,0.3,0
SCOPE_all_en__mix_rel002_evt002,K200_seed2_coverage__fuse_r0.3,train,fuse,200,2,coverage,31,23,0.7419354838709677,0.3,0
SCOPE_all_en__mix_rel002_evt002,K200_seed3_random__fuse_r0.3,train,fuse,200,3,random,31,20,0.6451612903225806,0.3,0
SCOPE_all_en__mix_rel002_evt002,K200_seed3_coverage__fuse_r0.3,train,fuse,200,3,coverage,31,23,0.7419354838709677,0.3,0
SCOPE_all_en__mix_rel002_evt002,K200_seed4_random__fuse_r0.3,train,fuse,200,4,random,31,20,0.6451612903225806,0.3,0
SCOPE_all_en__mix_rel002_evt002,K200_seed4_coverage__fuse_r0.6,train,fuse,200,4,coverage,31,14,0.45161290322580644,0.6,0
SCOPE_all_en__mix_rel002_evt002,K200_seed5_random__fuse_r0.3,train,fuse,200,5,random,31,21,0.6774193548387096,0.3,0
SCOPE_all_en__mix_rel002_evt002,K200_seed5_coverage__fuse_r0.3,train,fuse,200,5,coverage,31,23,0.7419354838709677,0.3,0
SCOPE_all_en__mix_rel002_evt002,K1000_seed1_random__fuse_r0.6,train,fuse,1000,1,random,31,13,0.41935483870967744,0.6,0
SCOPE_all_en__mix_rel002_evt002,K1000_seed1_coverage__fuse_r0.3,train,fuse,1000,1,coverage,31,23,0.7419354838709677,0.3,0
SCOPE_all_en__mix_rel002_evt002,K1000_seed2_random__fuse_r0.3,train,fuse,1000,2,random,31,22,0.7096774193548387,0.3,0
SCOPE_all_en__mix_rel002_evt002,K1000_seed2_coverage__fuse_r0.3,train,fuse,1000,2,coverage,31,23,0.7419354838709677,0.3,0
SCOPE_all_en__mix_rel002_evt002,K1000_seed3_random__fuse_r0.6,train,fuse,1000,3,random,31,13,0.41935483870967744,0.6,0
SCOPE_all_en__mix_rel002_evt002,K1000_seed3_coverage__fuse_r0.6,train,fuse,1000,3,coverage,31,14,0.45161290322580644,0.6,0
SCOPE_all_en__mix_rel002_evt002,K1000_seed4_random__fuse_r0.3,train,fuse,1000,4,random,31,22,0.7096774193548387,0.3,0
SCOPE_all_en__mix_rel002_evt002,K1000_seed4_coverage__fuse_r0.6,train,fuse,1000,4,coverage,31,14,0.45161290322580644,0.6,0
SCOPE_all_en__mix_rel002_evt002,K1000_seed5_random__fuse_r0.3,train,fuse,1000,5,random,31,22,0.7096774193548387,0.3,0
SCOPE_all_en__mix_rel002_evt002,K1000_seed5_coverage__fuse_r0.3,train,fuse,1000,5,coverage,31,23,0.7419354838709677,0.3,0
SCOPE_all_en__mix_rel002_evt002,K5000_seed1_random__fuse_r0.6,train,fuse,5000,1,random,31,14,0.45161290322580644,0.6,0
SCOPE_all_en__mix_rel002_evt002,K5000_seed1_coverage__fuse_r0.3,train,fuse,5000,1,coverage,31,23,0.7419354838709677,0.3,0
SCOPE_all_en__mix_rel002_evt002,K5000_seed2_random__fuse_r0.6,train,fuse,5000,2,random,31,14,0.45161290322580644,0.6,0
SCOPE_all_en__mix_rel002_evt002,K5000_seed2_coverage__fuse_r0.3,train,fuse,5000,2,coverage,31,23,0.7419354838709677,0.3,0
SCOPE_all_en__mix_rel002_evt002,K5000_seed3_random__fuse_r0.6,train,fuse,5000,3,random,31,14,0.45161290322580644,0.6,0
SCOPE_all_en__mix_rel002_evt002,K5000_seed3_coverage__fuse_r0.6,train,fuse,5000,3,coverage,31,14,0.45161290322580644,0.6,0
SCOPE_all_en__mix_rel002_evt002,K5000_seed4_random__fuse_r0.6,train,fuse,5000,4,random,31,14,0.45161290322580644,0.6,0
SCOPE_all_en__mix_rel002_evt002,K5000_seed4_coverage__fuse_r0.6,train,fuse,5000,4,coverage,31,14,0.45161290322580644,0.6,0
SCOPE_all_en__mix_rel002_evt002,K5000_seed5_random__fuse_r0.3,train,fuse,5000,5,random,31,23,0.7419354838709677,0.3,0
SCOPE_all_en__mix_rel002_evt002,K5000_seed5_coverage__fuse_r0.3,train,fuse,5000,5,coverage,31,23,0.7419354838709677,0.3,0
SCOPE_all_zh__mix_rel003_evt003,K200_seed1_random__fuse_r0.3,train,fuse,200,1,random,26,19,0.7307692307692307,0.3,0
SCOPE_all_zh__mix_rel003_evt003,K200_seed1_coverage__fuse_r0.3,train,fuse,200,1,coverage,26,21,0.8076923076923077,0.3,0
SCOPE_all_zh__mix_rel003_evt003,K200_seed2_random__fuse_r0.6,train,fuse,200,2,random,26,12,0.46153846153846156,0.6,0
SCOPE_all_zh__mix_rel003_evt003,K200_seed2_coverage__fuse_r0.6,train,fuse,200,2,coverage,26,15,0.5769230769230769,0.6,0
SCOPE_all_zh__mix_rel003_evt003,K200_seed3_random__fuse_r0.6,train,fuse,200,3,random,26,14,0.5384615384615384,0.6,0
SCOPE_all_zh__mix_rel003_evt003,K200_seed3_coverage__fuse_r0.6,train,fuse,200,3,coverage,26,15,0.5769230769230769,0.6,0
SCOPE_all_zh__mix_rel003_evt003,K200_seed4_random__fuse_r0.3,train,fuse,200,4,random,26,14,0.5384615384615384,0.3,0
SCOPE_all_zh__mix_rel003_evt003,K200_seed4_coverage__fuse_r0.6,train,fuse,200,4,coverage,26,15,0.5769230769230769,0.6,0
SCOPE_all_zh__mix_rel003_evt003,K200_seed5_random__fuse_r0.3,train,fuse,200,5,random,26,17,0.6538461538461539,0.3,0
SCOPE_all_zh__mix_rel003_evt003,K200_seed5_coverage__fuse_r0.3,train,fuse,200,5,coverage,26,21,0.8076923076923077,0.3,0
SCOPE_all_zh__mix_rel003_evt003,K1000_seed1_random__fuse_r0.3,train,fuse,1000,1,random,26,21,0.8076923076923077,0.3,0
SCOPE_all_zh__mix_rel003_evt003,K1000_seed1_coverage__fuse_r0.3,train,fuse,1000,1,coverage,26,21,0.8076923076923077,0.3,0
SCOPE_all_zh__mix_rel003_evt003,K1000_seed2_random__fuse_r0.6,train,fuse,1000,2,random,26,15,0.5769230769230769,0.6,0
SCOPE_all_zh__mix_rel003_evt003,K1000_seed2_coverage__fuse_r0.6,train,fuse,1000,2,coverage,26,15,0.5769230769230769,0.6,0
SCOPE_all_zh__mix_rel003_evt003,K1000_seed3_random__fuse_r0.6,train,fuse,1000,3,random,26,14,0.5384615384615384,0.6,0
SCOPE_all_zh__mix_rel003_evt003,K1000_seed3_coverage__fuse_r0.6,train,fuse,1000,3,coverage,26,15,0.5769230769230769,0.6,0
SCOPE_all_zh__mix_rel003_evt003,K1000_seed4_random__fuse_r0.6,train,fuse,1000,4,random,26,15,0.5769230769230769,0.6,0
SCOPE_all_zh__mix_rel003_evt003,K1000_seed4_coverage__fuse_r0.3,train,fuse,1000,4,coverage,26,21,0.8076923076923077,0.3,0
SCOPE_all_zh__mix_rel003_evt003,K1000_seed5_random__fuse_r0.6,train,fuse,1000,5,random,26,14,0.5384615384615384,0.6,0
SCOPE_all_zh__mix_rel003_evt003,K1000_seed5_coverage__fuse_r0.3,train,fuse,1000,5,coverage,26,21,0.8076923076923077,0.3,0
SCOPE_all_zh__mix_rel003_evt003,K5000_seed1_random__fuse_r0.3,train,fuse,5000,1,random,26,21,0.8076923076923077,0.3,0
SCOPE_all_zh__mix_rel003_evt003,K5000_seed1_coverage__fuse_r0.3,train,fuse,5000,1,coverage,26,21,0.8076923076923077,0.3,0
SCOPE_all_zh__mix_rel003_evt003,K5000_seed2_random__fuse_r0.3,train,fuse,5000,2,random,26,21,0.8076923076923077,0.3,0
SCOPE_all_zh__mix_rel003_evt003,K5000_seed2_coverage__fuse_r0.3,train,fuse,5000,2,coverage,26,21,0.8076923076923077,0.3,0
SCOPE_all_zh__mix_rel003_evt003,K5000_seed3_random__fuse_r0.3,train,fuse,5000,3,random,26,21,0.8076923076923077,0.3,0
SCOPE_all_zh__mix_rel003_evt003,K5000_seed3_coverage__fuse_r0.3,train,fuse,5000,3,coverage,26,21,0.8076923076923077,0.3,0
SCOPE_all_zh__mix_rel003_evt003,K5000_seed4_random__fuse_r0.3,train,fuse,5000,4,random,26,20,0.7692307692307693,0.3,0
SCOPE_all_zh__mix_rel003_evt003,K5000_seed4_coverage__fuse_r0.6,train,fuse,5000,4,coverage,26,15,0.5769230769230769,0.6,0
SCOPE_all_zh__mix_rel003_evt003,K5000_seed5_random__fuse_r0.3,train,fuse,5000,5,random,26,20,0.7692307692307693,0.3,0
SCOPE_all_zh__mix_rel003_evt003,K5000_seed5_coverage__fuse_r0.3,train,fuse,5000,5,coverage,26,21,0.8076923076923077,0.3,0
SCOPE_all_zh__mix_rel004_evt004,K200_seed1_random__fuse_r0.3,train,fuse,200,1,random,25,19,0.76,0.3,0
SCOPE_all_zh__mix_rel004_evt004,K200_seed1_coverage__fuse_r0.3,train,fuse,200,1,coverage,25,21,0.84,0.3,0
SCOPE_all_zh__mix_rel004_evt004,K200_seed2_random__fuse_r0.3,train,fuse,200,2,random,25,18,0.72,0.3,0
SCOPE_all_zh__mix_rel004_evt004,K200_seed2_coverage__fuse_r0.3,train,fuse,200,2,coverage,25,21,0.84,0.3,0
SCOPE_all_zh__mix_rel004_evt004,K200_seed3_random__fuse_r0.6,train,fuse,200,3,random,25,14,0.56,0.6,0
SCOPE_all_zh__mix_rel004_evt004,K200_seed3_coverage__fuse_r0.6,train,fuse,200,3,coverage,25,15,0.6,0.6,0
SCOPE_all_zh__mix_rel004_evt004,K200_seed4_random__fuse_r0.6,train,fuse,200,4,random,25,13,0.52,0.6,0
SCOPE_all_zh__mix_rel004_evt004,K200_seed4_coverage__fuse_r0.6,train,fuse,200,4,coverage,25,15,0.6,0.6,0
SCOPE_all_zh__mix_rel004_evt004,K200_seed5_random__fuse_r0.3,train,fuse,200,5,random,25,17,0.68,0.3,0
SCOPE_all_zh__mix_rel004_evt004,K200_seed5_coverage__fuse_r0.6,train,fuse,200,5,coverage,25,15,0.6,0.6,0
SCOPE_all_zh__mix_rel004_evt004,K1000_seed1_random__fuse_r0.3,train,fuse,1000,1,random,25,21,0.84,0.3,0
SCOPE_all_zh__mix_rel004_evt004,K1000_seed1_coverage__fuse_r0.3,train,fuse,1000,1,coverage,25,21,0.84,0.3,0
SCOPE_all_zh__mix_rel004_evt004,K1000_seed2_random__fuse_r0.3,train,fuse,1000,2,random,25,19,0.76,0.3,0
SCOPE_all_zh__mix_rel004_evt004,K1000_seed2_coverage__fuse_r0.3,train,fuse,1000,2,coverage,25,21,0.84,0.3,0
SCOPE_all_zh__mix_rel004_evt004,K1000_seed3_random__fuse_r0.6,train,fuse,1000,3,random,25,14,0.56,0.6,0
SCOPE_all_zh__mix_rel004_evt004,K1000_seed3_coverage__fuse_r0.3,train,fuse,1000,3,coverage,25,21,0.84,0.3,0
SCOPE_all_zh__mix_rel004_evt004,K1000_seed4_random__fuse_r0.6,train,fuse,1000,4,random,25,15,0.6,0.6,0
SCOPE_all_zh__mix_rel004_evt004,K1000_seed4_coverage__fuse_r0.6,train,fuse,1000,4,coverage,25,15,0.6,0.6,0
SCOPE_all_zh__mix_rel004_evt004,K1000_seed5_random__fuse_r0.6,train,fuse,1000,5,random,25,14,0.56,0.6,0
SCOPE_all_zh__mix_rel004_evt004,K1000_seed5_coverage__fuse_r0.3,train,fuse,1000,5,coverage,25,21,0.84,0.3,0
SCOPE_all_zh__mix_rel004_evt004,K5000_seed1_random__fuse_r0.3,train,fuse,5000,1,random,25,21,0.84,0.3,0
SCOPE_all_zh__mix_rel004_evt004,K5000_seed1_coverage__fuse_r0.6,train,fuse,5000,1,coverage,25,15,0.6,0.6,0
SCOPE_all_zh__mix_rel004_evt004,K5000_seed2_random__fuse_r0.3,train,fuse,5000,2,random,25,21,0.84,0.3,0
SCOPE_all_zh__mix_rel004_evt004,K5000_seed2_coverage__fuse_r0.6,train,fuse,5000,2,coverage,25,15,0.6,0.6,0
SCOPE_all_zh__mix_rel004_evt004,K5000_seed3_random__fuse_r0.6,train,fuse,5000,3,random,25,15,0.6,0.6,0
SCOPE_all_zh__mix_rel004_evt004,K5000_seed3_coverage__fuse_r0.6,train,fuse,5000,3,coverage,25,15,0.6,0.6,0
SCOPE_all_zh__mix_rel004_evt004,K5000_seed4_random__fuse_r0.3,train,fuse,5000,4,random,25,21,0.84,0.3,0
SCOPE_all_zh__mix_rel004_evt004,K5000_seed4_coverage__fuse_r0.6,train,fuse,5000,4,coverage,25,15,0.6,0.6,0
SCOPE_all_zh__mix_rel004_evt004,K5000_seed5_random__fuse_r0.6,train,fuse,5000,5,random,25,15,0.6,0.6,0
SCOPE_all_zh__mix_rel004_evt004,K5000_seed5_coverage__fuse_r0.3,train,fuse,5000,5,coverage,25,21,0.84,0.3,0
SCOPE_all_zh__mix_rel005_evt005,K200_seed1_random__fuse_r0.3,train,fuse,200,1,random,18,14,0.7777777777777778,0.3,0
SCOPE_all_zh__mix_rel005_evt005,K200_seed1_coverage__fuse_r0.3,train,fuse,200,1,coverage,18,17,0.9444444444444444,0.3,0
SCOPE_all_zh__mix_rel005_evt005,K200_seed2_random__fuse_r0.3,train,fuse,200,2,random,18,11,0.6111111111111112,0.3,0
SCOPE_all_zh__mix_rel005_evt005,K200_seed2_coverage__fuse_r0.3,train,fuse,200,2,coverage,18,17,0.9444444444444444,0.3,0
SCOPE_all_zh__mix_rel005_evt005,K200_seed3_random__fuse_r0.3,train,fuse,200,3,random,18,11,0.6111111111111112,0.3,0
SCOPE_all_zh__mix_rel005_evt005,K200_seed3_coverage__fuse_r0.3,train,fuse,200,3,coverage,18,17,0.9444444444444444,0.3,0
SCOPE_all_zh__mix_rel005_evt005,K200_seed4_random__fuse_r0.6,train,fuse,200,4,random,18,10,0.5555555555555556,0.6,0
SCOPE_all_zh__mix_rel005_evt005,K200_seed4_coverage__fuse_r0.6,train,fuse,200,4,coverage,18,13,0.7222222222222222,0.6,0
SCOPE_all_zh__mix_rel005_evt005,K200_seed5_random__fuse_r0.3,train,fuse,200,5,random,18,10,0.5555555555555556,0.3,0
SCOPE_all_zh__mix_rel005_evt005,K200_seed5_coverage__fuse_r0.3,train,fuse,200,5,coverage,18,17,0.9444444444444444,0.3,0
SCOPE_all_zh__mix_rel005_evt005,K1000_seed1_random__fuse_r0.3,train,fuse,1000,1,random,18,16,0.8888888888888888,0.3,0
SCOPE_all_zh__mix_rel005_evt005,K1000_seed1_coverage__fuse_r0.6,train,fuse,1000,1,coverage,18,13,0.7222222222222222,0.6,0
SCOPE_all_zh__mix_rel005_evt005,K1000_seed2_random__fuse_r0.3,train,fuse,1000,2,random,18,17,0.9444444444444444,0.3,0
SCOPE_all_zh__mix_rel005_evt005,K1000_seed2_coverage__fuse_r0.3,train,fuse,1000,2,coverage,18,17,0.9444444444444444,0.3,0
SCOPE_all_zh__mix_rel005_evt005,K1000_seed3_random__fuse_r0.6,train,fuse,1000,3,random,18,12,0.6666666666666666,0.6,0
SCOPE_all_zh__mix_rel005_evt005,K1000_seed3_coverage__fuse_r0.3,train,fuse,1000,3,coverage,18,17,0.9444444444444444,0.3,0
SCOPE_all_zh__mix_rel005_evt005,K1000_seed4_random__fuse_r0.3,train,fuse,1000,4,random,18,15,0.8333333333333334,0.3,0
SCOPE_all_zh__mix_rel005_evt005,K1000_seed4_coverage__fuse_r0.6,train,fuse,1000,4,coverage,18,13,0.7222222222222222,0.6,0
SCOPE_all_zh__mix_rel005_evt005,K1000_seed5_random__fuse_r0.3,train,fuse,1000,5,random,18,16,0.8888888888888888,0.3,0
SCOPE_all_zh__mix_rel005_evt005,K1000_seed5_coverage__fuse_r0.6,train,fuse,1000,5,coverage,18,13,0.7222222222222222,0.6,0
SCOPE_all_zh__mix_rel005_evt005,K5000_seed1_random__fuse_r0.6,train,fuse,5000,1,random,18,13,0.7222222222222222,0.6,0
SCOPE_all_zh__mix_rel005_evt005,K5000_seed1_coverage__fuse_r0.3,train,fuse,5000,1,coverage,18,17,0.9444444444444444,0.3,0
SCOPE_all_zh__mix_rel005_evt005,K5000_seed2_random__fuse_r0.3,train,fuse,5000,2,random,18,17,0.9444444444444444,0.3,0
SCOPE_all_zh__mix_rel005_evt005,K5000_seed2_coverage__fuse_r0.6,train,fuse,5000,2,coverage,18,13,0.7222222222222222,0.6,0
SCOPE_all_zh__mix_rel005_evt005,K5000_seed3_random__fuse_r0.6,train,fuse,5000,3,random,18,13,0.7222222222222222,0.6,0
SCOPE_all_zh__mix_rel005_evt005,K5000_seed3_coverage__fuse_r0.3,train,fuse,5000,3,coverage,18,17,0.9444444444444444,0.3,0
SCOPE_all_zh__mix_rel005_evt005,K5000_seed4_random__fuse_r0.3,train,fuse,5000,4,random,18,17,0.9444444444444444,0.3,0
SCOPE_all_zh__mix_rel005_evt005,K5000_seed4_coverage__fuse_r0.3,train,fuse,5000,4,coverage,18,17,0.9444444444444444,0.3,0
SCOPE_all_zh__mix_rel005_evt005,K5000_seed5_random__fuse_r0.6,train,fuse,5000,5,random,18,13,0.7222222222222222,0.6,0
SCOPE_all_zh__mix_rel005_evt005,K5000_seed5_coverage__fuse_r0.3,train,fuse,5000,5,coverage,18,17,0.9444444444444444,0.3,0
SCOPE_all_zh__mix_rel006_evt006,K200_seed1_random__fuse_r0.3,train,fuse,200,1,random,28,23,0.8214285714285714,0.3,0
SCOPE_all_zh__mix_rel006_evt006,K200_seed1_coverage__fuse_r0.6,train,fuse,200,1,coverage,28,18,0.6428571428571429,0.6,0
SCOPE_all_zh__mix_rel006_evt006,K200_seed2_random__fuse_r0.6,train,fuse,200,2,random,28,18,0.6428571428571429,0.6,0
SCOPE_all_zh__mix_rel006_evt006,K200_seed2_coverage__fuse_r0.6,train,fuse,200,2,coverage,28,18,0.6428571428571429,0.6,0
SCOPE_all_zh__mix_rel006_evt006,K200_seed3_random__fuse_r0.6,train,fuse,200,3,random,28,16,0.5714285714285714,0.6,0
SCOPE_all_zh__mix_rel006_evt006,K200_seed3_coverage__fuse_r0.3,train,fuse,200,3,coverage,28,24,0.8571428571428571,0.3,0
SCOPE_all_zh__mix_rel006_evt006,K200_seed4_random__fuse_r0.3,train,fuse,200,4,random,28,23,0.8214285714285714,0.3,0
SCOPE_all_zh__mix_rel006_evt006,K200_seed4_coverage__fuse_r0.6,train,fuse,200,4,coverage,28,18,0.6428571428571429,0.6,0
SCOPE_all_zh__mix_rel006_evt006,K200_seed5_random__fuse_r0.3,train,fuse,200,5,random,28,24,0.8571428571428571,0.3,0
SCOPE_all_zh__mix_rel006_evt006,K200_seed5_coverage__fuse_r0.3,train,fuse,200,5,coverage,28,24,0.8571428571428571,0.3,0
SCOPE_all_zh__mix_rel006_evt006,K1000_seed1_random__fuse_r0.6,train,fuse,1000,1,random,28,18,0.6428571428571429,0.6,0
SCOPE_all_zh__mix_rel006_evt006,K1000_seed1_coverage__fuse_r0.3,train,fuse,1000,1,coverage,28,24,0.8571428571428571,0.3,0
SCOPE_all_zh__mix_rel006_evt006,K1000_seed2_random__fuse_r0.3,train,fuse,1000,2,random,28,24,0.8571428571428571,0.3,0
SCOPE_all_zh__mix_rel006_evt006,K1000_seed2_coverage__fuse_r0.6,train,fuse,1000,2,coverage,28,18,0.6428571428571429,0.6,0
SCOPE_all_zh__mix_rel006_evt006,K1000_seed3_random__fuse_r0.6,train,fuse,1000,3,random,28,18,0.6428571428571429,0.6,0
SCOPE_all_zh__mix_rel006_evt006,K1000_seed3_coverage__fuse_r0.6,train,fuse,1000,3,coverage,28,18,0.6428571428571429,0.6,0
SCOPE_all_zh__mix_rel006_evt006,K1000_seed4_random__fuse_r0.6,train,fuse,1000,4,random,28,18,0.6428571428571429,0.6,0
SCOPE_all_zh__mix_rel006_evt006,K1000_seed4_coverage__fuse_r0.3,train,fuse,1000,4,coverage,28,24,0.8571428571428571,0.3,0
SCOPE_all_zh__mix_rel006_evt006,K1000_seed5_random__fuse_r0.3,train,fuse,1000,5,random,28,24,0.8571428571428571,0.3,0
SCOPE_all_zh__mix_rel006_evt006,K1000_seed5_coverage__fuse_r0.3,train,fuse,1000,5,coverage,28,24,0.8571428571428571,0.3,0
SCOPE_all_zh__mix_rel006_evt006,K5000_seed1_random__fuse_r0.6,train,fuse,5000,1,random,28,18,0.6428571428571429,0.6,0
SCOPE_all_zh__mix_rel006_evt006,K5000_seed1_coverage__fuse_r0.6,train,fuse,5000,1,coverage,28,18,0.6428571428571429,0.6,0
SCOPE_all_zh__mix_rel006_evt006,K5000_seed2_random__fuse_r0.6,train,fuse,5000,2,random,28,18,0.6428571428571429,0.6,0
SCOPE_all_zh__mix_rel006_evt006,K5000_seed2_coverage__fuse_r0.6,train,fuse,5000,2,coverage,28,18,0.6428571428571429,0.6,0
SCOPE_all_zh__mix_rel006_evt006,K5000_seed3_random__fuse_r0.6,train,fuse,5000,3,random,28,18,0.6428571428571429,0.6,0
SCOPE_all_zh__mix_rel006_evt006,K5000_seed3_coverage__fuse_r0.3,train,fuse,5000,3,coverage,28,24,0.8571428571428571,0.3,0
SCOPE_all_zh__mix_rel006_evt006,K5000_seed4_random__fuse_r0.6,train,fuse,5000,4,random,28,18,0.6428571428571429,0.6,0
SCOPE_all_zh__mix_rel006_evt006,K5000_seed4_coverage__fuse_r0.3,train,fuse,5000,4,coverage,28,24,0.8571428571428571,0.3,0
SCOPE_all_zh__mix_rel006_evt006,K5000_seed5_random__fuse_r0.3,train,fuse,5000,5,random,28,24,0.8571428571428571,0.3,0
SCOPE_all_zh__mix_rel006_evt006,K5000_seed5_coverage__fuse_r0.6,train,fuse,5000,5,coverage,28,18,0.6428571428571429,0.6,0
SCOPE_all_zh__mix_rel007_evt007,K200_seed1_random__fuse_r0.6,train,fuse,200,1,random,10,8,0.8,0.6,0
SCOPE_all_zh__mix_rel007_evt007,K200_seed1_coverage__fuse_r0.3,train,fuse,200,1,coverage,10,10,1.0,0.3,0
SCOPE_all_zh__mix_rel007_evt007,K200_seed2_random__fuse_r0.3,train,fuse,200,2,random,10,10,1.0,0.3,0
SCOPE_all_zh__mix_rel007_evt007,K200_seed2_coverage__fuse_r0.6,train,fuse,200,2,coverage,10,8,0.8,0.6,0
SCOPE_all_zh__mix_rel007_evt007,K200_seed3_random__fuse_r0.6,train,fuse,200,3,random,10,8,0.8,0.6,0
SCOPE_all_zh__mix_rel007_evt007,K200_seed3_coverage__fuse_r0.3,train,fuse,200,3,coverage,10,10,1.0,0.3,0
SCOPE_all_zh__mix_rel007_evt007,K200_seed4_random__fuse_r0.6,train,fuse,200,4,random,10,8,0.8,0.6,0
SCOPE_all_zh__mix_rel007_evt007,K200_seed4_coverage__fuse_r0.6,train,fuse,200,4,coverage,10,8,0.8,0.6,0
SCOPE_all_zh__mix_rel007_evt007,K200_seed5_random__fuse_r0.6,train,fuse,200,5,random,10,8,0.8,0.6,0
SCOPE_all_zh__mix_rel007_evt007,K200_seed5_coverage__fuse_r0.6,train,fuse,200,5,coverage,10,8,0.8,0.6,0
SCOPE_all_zh__mix_rel007_evt007,K1000_seed1_random__fuse_r0.3,train,fuse,1000,1,random,10,10,1.0,0.3,0
SCOPE_all_zh__mix_rel007_evt007,K1000_seed1_coverage__fuse_r0.3,train,fuse,1000,1,coverage,10,10,1.0,0.3,0
SCOPE_all_zh__mix_rel007_evt007,K1000_seed2_random__fuse_r0.3,train,fuse,1000,2,random,10,10,1.0,0.3,0
SCOPE_all_zh__mix_rel007_evt007,K1000_seed2_coverage__fuse_r0.6,train,fuse,1000,2,coverage,10,8,0.8,0.6,0
SCOPE_all_zh__mix_rel007_evt007,K1000_seed3_random__fuse_r0.3,train,fuse,1000,3,random,10,10,1.0,0.3,0
SCOPE_all_zh__mix_rel007_evt007,K1000_seed3_coverage__fuse_r0.6,train,fuse,1000,3,coverage,10,8,0.8,0.6,0
SCOPE_all_zh__mix_rel007_evt007,K1000_seed4_random__fuse_r0.3,train,fuse,1000,4,random,10,10,1.0,0.3,0
SCOPE_all_zh__mix_rel007_evt007,K1000_seed4_coverage__fuse_r0.6,train,fuse,1000,4,coverage,10,8,0.8,0.6,0
SCOPE_all_zh__mix_rel007_evt007,K1000_seed5_random__fuse_r0.6,train,fuse,1000,5,random,10,8,0.8,0.6,0
SCOPE_all_zh__mix_rel007_evt007,K1000_seed5_coverage__fuse_r0.3,train,fuse,1000,5,coverage,10,10,1.0,0.3,0
SCOPE_all_zh__mix_rel007_evt007,K5000_seed1_random__fuse_r0.6,train,fuse,5000,1,random,10,8,0.8,0.6,0
SCOPE_all_zh__mix_rel007_evt007,K5000_seed1_coverage__fuse_r0.6,train,fuse,5000,1,coverage,10,8,0.8,0.6,0
SCOPE_all_zh__mix_rel007_evt007,K5000_seed2_random__fuse_r0.3,train,fuse,5000,2,random,10,10,1.0,0.3,0
SCOPE_all_zh__mix_rel007_evt007,K5000_seed2_coverage__fuse_r0.6,train,fuse,5000,2,coverage,10,8,0.8,0.6,0
SCOPE_all_zh__mix_rel007_evt007,K5000_seed3_random__fuse_r0.3,train,fuse,5000,3,random,10,10,1.0,0.3,0
SCOPE_all_zh__mix_rel007_evt007,K5000_seed3_coverage__fuse_r0.3,train,fuse,5000,3,coverage,10,10,1.0,0.3,0
SCOPE_all_zh__mix_rel007_evt007,K5000_seed4_random__fuse_r0.6,train,fuse,5000,4,random,10,8,0.8,0.6,0
SCOPE_all_zh__mix_rel007_evt007,K5000_seed4_coverage__fuse_r0.6,train,fuse,5000,4,coverage,10,8,0.8,0.6,0
SCOPE_all_zh__mix_rel007_evt007,K5000_seed5_random__fuse_r0.6,train,fuse,5000,5,random,10,8,0.8,0.6,0
SCOPE_all_zh__mix_rel007_evt007,K5000_seed5_coverage__fuse_r0.3,train,fuse,5000,5,coverage,10,10,1.0,0.3,0
SCOPE_all_zh__mix_rel008_evt008,K200_seed1_random__fuse_r0.3,train,fuse,200,1,random,35,23,0.6571428571428571,0.3,0
SCOPE_all_zh__mix_rel008_evt008,K200_seed1_coverage__fuse_r0.3,train,fuse,200,1,coverage,35,29,0.8285714285714286,0.3,0
SCOPE_all_zh__mix_rel008_evt008,K200_seed2_random__fuse_r0.6,train,fuse,200,2,random,35,16,0.45714285714285713,0.6,0
SCOPE_all_zh__mix_rel008_evt008,K200_seed2_coverage__fuse_r0.3,train,fuse,200,2,coverage,35,29,0.8285714285714286,0.3,0
SCOPE_all_zh__mix_rel008_evt008,K200_seed3_random__fuse_r0.3,train,fuse,200,3,random,35,22,0.6285714285714286,0.3,0
SCOPE_all_zh__mix_rel008_evt008,K200_seed3_coverage__fuse_r0.3,train,fuse,200,3,coverage,35,29,0.8285714285714286,0.3,0
SCOPE_all_zh__mix_rel008_evt008,K200_seed4_random__fuse_r0.3,train,fuse,200,4,random,35,16,0.45714285714285713,0.3,0
SCOPE_all_zh__mix_rel008_evt008,K200_seed4_coverage__fuse_r0.6,train,fuse,200,4,coverage,35,20,0.5714285714285714,0.6,0
SCOPE_all_zh__mix_rel008_evt008,K200_seed5_random__fuse_r0.3,train,fuse,200,5,random,35,15,0.42857142857142855,0.3,0
SCOPE_all_zh__mix_rel008_evt008,K200_seed5_coverage__fuse_r0.6,train,fuse,200,5,coverage,35,20,0.5714285714285714,0.6,0
SCOPE_all_zh__mix_rel008_evt008,K1000_seed1_random__fuse_r0.6,train,fuse,1000,1,random,35,17,0.4857142857142857,0.6,0
SCOPE_all_zh__mix_rel008_evt008,K1000_seed1_coverage__fuse_r0.6,train,fuse,1000,1,coverage,35,20,0.5714285714285714,0.6,0
SCOPE_all_zh__mix_rel008_evt008,K1000_seed2_random__fuse_r0.6,train,fuse,1000,2,random,35,17,0.4857142857142857,0.6,0
SCOPE_all_zh__mix_rel008_evt008,K1000_seed2_coverage__fuse_r0.3,train,fuse,1000,2,coverage,35,29,0.8285714285714286,0.3,0
SCOPE_all_zh__mix_rel008_evt008,K1000_seed3_random__fuse_r0.3,train,fuse,1000,3,random,35,27,0.7714285714285715,0.3,0
SCOPE_all_zh__mix_rel008_evt008,K1000_seed3_coverage__fuse_r0.6,train,fuse,1000,3,coverage,35,20,0.5714285714285714,0.6,0
SCOPE_all_zh__mix_rel008_evt008,K1000_seed4_random__fuse_r0.3,train,fuse,1000,4,random,35,24,0.6857142857142857,0.3,0
SCOPE_all_zh__mix_rel008_evt008,K1000_seed4_coverage__fuse_r0.3,train,fuse,1000,4,coverage,35,29,0.8285714285714286,0.3,0
SCOPE_all_zh__mix_rel008_evt008,K1000_seed5_random__fuse_r0.6,train,fuse,1000,5,random,35,18,0.5142857142857142,0.6,0
SCOPE_all_zh__mix_rel008_evt008,K1000_seed5_coverage__fuse_r0.3,train,fuse,1000,5,coverage,35,29,0.8285714285714286,0.3,0
SCOPE_all_zh__mix_rel008_evt008,K5000_seed1_random__fuse_r0.3,train,fuse,5000,1,random,35,28,0.8,0.3,0
SCOPE_all_zh__mix_rel008_evt008,K5000_seed1_coverage__fuse_r0.3,train,fuse,5000,1,coverage,35,29,0.8285714285714286,0.3,0
SCOPE_all_zh__mix_rel008_evt008,K5000_seed2_random__fuse_r0.6,train,fuse,5000,2,random,35,20,0.5714285714285714,0.6,0
SCOPE_all_zh__mix_rel008_evt008,K5000_seed2_coverage__fuse_r0.6,train,fuse,5000,2,coverage,35,20,0.5714285714285714,0.6,0
SCOPE_all_zh__mix_rel008_evt008,K5000_seed3_random__fuse_r0.6,train,fuse,5000,3,random,35,19,0.5428571428571428,0.6,0
SCOPE_all_zh__mix_rel008_evt008,K5000_seed3_coverage__fuse_r0.6,train,fuse,5000,3,coverage,35,20,0.5714285714285714,0.6,0
SCOPE_all_zh__mix_rel008_evt008,K5000_seed4_random__fuse_r0.6,train,fuse,5000,4,random,35,20,0.5714285714285714,0.6,0
SCOPE_all_zh__mix_rel008_evt008,K5000_seed4_coverage__fuse_r0.3,train,fuse,5000,4,coverage,35,29,0.8285714285714286,0.3,0
SCOPE_all_zh__mix_rel008_evt008,K5000_seed5_random__fuse_r0.3,train,fuse,5000,5,random,35,27,0.7714285714285715,0.3,0
SCOPE_all_zh__mix_rel008_evt008,K5000_seed5_coverage__fuse_r0.6,train,fuse,5000,5,coverage,35,20,0.5714285714285714,0.6,0
SCOPE_all_zh__mix_rel009_evt009,K200_seed1_random__fuse_r0.6,train,fuse,200,1,random,17,10,0.5882352941176471,0.6,0
SCOPE_all_zh__mix_rel009_evt009,K200_seed1_coverage__fuse_r0.6,train,fuse,200,1,coverage,17,12,0.7058823529411765,0.6,0
SCOPE_all_zh__mix_rel009_evt009,K200_seed2_random__fuse_r0.3,train,fuse,200,2,random,17,10,0.5882352941176471,0.3,0
SCOPE_all_zh__mix_rel009_evt009,K200_seed2_coverage__fuse_r0.3,train,fuse,200,2,coverage,17,16,0.9411764705882353,0.3,0
SCOPE_all_zh__mix_rel009_evt009,K200_seed3_random__fuse_r0.3,train,fuse,200,3,random,17,14,0.8235294117647058,0.3,0
SCOPE_all_zh__mix_rel009_evt009,K200_seed3_coverage__fuse_r0.3,train,fuse,200,3,coverage,17,16,0.9411764705882353,0.3,0
SCOPE_all_zh__mix_rel009_evt009,K200_seed4_random__fuse_r0.6,train,fuse,200,4,random,17,9,0.5294117647058824,0.6,0
SCOPE_all_zh__mix_rel009_evt009,K200_seed4_coverage__fuse_r0.6,train,fuse,200,4,coverage,17,12,0.7058823529411765,0.6,0
SCOPE_all_zh__mix_rel009_evt009,K200_seed5_random__fuse_r0.6,train,fuse,200,5,random,17,9,0.5294117647058824,0.6,0
SCOPE_all_zh__mix_rel009_evt009,K200_seed5_coverage__fuse_r0.3,train,fuse,200,5,coverage,17,16,0.9411764705882353,0.3,0
SCOPE_all_zh__mix_rel009_evt009,K1000_seed1_random__fuse_r0.3,train,fuse,1000,1,random,17,16,0.9411764705882353,0.3,0
SCOPE_all_zh__mix_rel009_evt009,K1000_seed1_coverage__fuse_r0.6,train,fuse,1000,1,coverage,17,12,0.7058823529411765,0.6,0
SCOPE_all_zh__mix_rel009_evt009,K1000_seed2_random__fuse_r0.3,train,fuse,1000,2,random,17,15,0.8823529411764706,0.3,0
SCOPE_all_zh__mix_rel009_evt009,K1000_seed2_coverage__fuse_r0.6,train,fuse,1000,2,coverage,17,12,0.7058823529411765,0.6,0
SCOPE_all_zh__mix_rel009_evt009,K1000_seed3_random__fuse_r0.6,train,fuse,1000,3,random,17,12,0.7058823529411765,0.6,0
SCOPE_all_zh__mix_rel009_evt009,K1000_seed3_coverage__fuse_r0.3,train,fuse,1000,3,coverage,17,16,0.9411764705882353,0.3,0
SCOPE_all_zh__mix_rel009_evt009,K1000_seed4_random__fuse_r0.6,train,fuse,1000,4,random,17,11,0.6470588235294118,0.6,0
SCOPE_all_zh__mix_rel009_evt009,K1000_seed4_coverage__fuse_r0.6,train,fuse,1000,4,coverage,17,12,0.7058823529411765,0.6,0
SCOPE_all_zh__mix_rel009_evt009,K1000_seed5_random__fuse_r0.3,train,fuse,1000,5,random,17,13,0.7647058823529411,0.3,0
SCOPE_all_zh__mix_rel009_evt009,K1000_seed5_coverage__fuse_r0.6,train,fuse,1000,5,coverage,17,12,0.7058823529411765,0.6,0
SCOPE_all_zh__mix_rel009_evt009,K5000_seed1_random__fuse_r0.3,train,fuse,5000,1,random,17,16,0.9411764705882353,0.3,0
SCOPE_all_zh__mix_rel009_evt009,K5000_seed1_coverage__fuse_r0.3,train,fuse,5000,1,coverage,17,16,0.9411764705882353,0.3,0
SCOPE_all_zh__mix_rel009_evt009,K5000_seed2_random__fuse_r0.3,train,fuse,5000,2,random,17,16,0.9411764705882353,0.3,0
SCOPE_all_zh__mix_rel009_evt009,K5000_seed2_coverage__fuse_r0.6,train,fuse,5000,2,coverage,17,12,0.7058823529411765,0.6,0
SCOPE_all_zh__mix_rel009_evt009,K5000_seed3_random__fuse_r0.3,train,fuse,5000,3,random,17,16,0.9411764705882353,0.3,0
SCOPE_all_zh__mix_rel009_evt009,K5000_seed3_coverage__fuse_r0.6,train,fuse,5000,3,coverage,17,12,0.7058823529411765,0.6,0
SCOPE_all_zh__mix_rel009_evt009,K5000_seed4_random__fuse_r0.6,train,fuse,5000,4,random,17,12,0.7058823529411765,0.6,0
SCOPE_all_zh__mix_rel009_evt009,K5000_seed4_coverage__fuse_r0.3,train,fuse,5000,4,coverage,17,16,0.9411764705882353,0.3,0
SCOPE_all_zh__mix_rel009_evt009,K5000_seed5_random__fuse_r0.6,train,fuse,5000,5,random,17,12,0.7058823529411765,0.6,0
SCOPE_all_zh__mix_rel009_evt009,K5000_seed5_coverage__fuse_r0.6,train,fuse,5000,5,coverage,17,12,0.7058823529411765,0.6,0
SCOPE_all_en__mix_rel010_evt010,K200_seed1_random__fuse_r0.3,train,fuse,200,1,random,33,23,0.696969696969697,0.3,0
SCOPE_all_en__mix_rel010_evt010,K200_seed1_coverage__fuse_r0.6,train,fuse,200,1,coverage,33,15,0.45454545454545453,0.6,0
SCOPE_all_en__mix_rel010_evt010,K200_seed2_random__fuse_r0.3,train,fuse,200,2,random,33,19,0.5757575757575758,0.3,0
SCOPE_all_en__mix_rel010_evt010,K200_seed2_coverage__fuse_r0.3,train,fuse,200,2,coverage,33,25,0.7575757575757576,0.3,0
SCOPE_all_en__mix_rel010_evt010,K200_seed3_random__fuse_r0.6,train,fuse,200,3,random,33,13,0.3939393939393939,0.6,0
SCOPE_all_en__mix_rel010_evt010,K200_seed3_coverage__fuse_r0.6,train,fuse,200,3,coverage,33,15,0.45454545454545453,0.6,0
SCOPE_all_en__mix_rel010_evt010,K200_seed4_random__fuse_r0.6,train,fuse,200,4,random,33,12,0.36363636363636365,0.6,0
SCOPE_all_en__mix_rel010_evt010,K200_seed4_coverage__fuse_r0.3,train,fuse,200,4,coverage,33,25,0.7575757575757576,0.3,0
SCOPE_all_en__mix_rel010_evt010,K200_seed5_random__fuse_r0.6,train,fuse,200,5,random,33,11,0.3333333333333333,0.6,0
SCOPE_all_en__mix_rel010_evt010,K200_seed5_coverage__fuse_r0.6,train,fuse,200,5,coverage,33,15,0.45454545454545453,0.6,0
SCOPE_all_en__mix_rel010_evt010,K1000_seed1_random__fuse_r0.3,train,fuse,1000,1,random,33,25,0.7575757575757576,0.3,0
SCOPE_all_en__mix_rel010_evt010,K1000_seed1_coverage__fuse_r0.6,train,fuse,1000,1,coverage,33,15,0.45454545454545453,0.6,0
SCOPE_all_en__mix_rel010_evt010,K1000_seed2_random__fuse_r0.6,train,fuse,1000,2,random,33,15,0.45454545454545453,0.6,0
SCOPE_all_en__mix_rel010_evt010,K1000_seed2_coverage__fuse_r0.6,train,fuse,1000,2,coverage,33,15,0.45454545454545453,0.6,0
SCOPE_all_en__mix_rel010_evt010,K1000_seed3_random__fuse_r0.6,train,fuse,1000,3,random,33,15,0.45454545454545453,0.6,0
SCOPE_all_en__mix_rel010_evt010,K1000_seed3_coverage__fuse_r0.3,train,fuse,1000,3,coverage,33,25,0.7575757575757576,0.3,0
SCOPE_all_en__mix_rel010_evt010,K1000_seed4_random__fuse_r0.3,train,fuse,1000,4,random,33,25,0.7575757575757576,0.3,0
SCOPE_all_en__mix_rel010_evt010,K1000_seed4_coverage__fuse_r0.3,train,fuse,1000,4,coverage,33,25,0.7575757575757576,0.3,0
SCOPE_all_en__mix_rel010_evt010,K1000_seed5_random__fuse_r0.6,train,fuse,1000,5,random,33,15,0.45454545454545453,0.6,0
SCOPE_all_en__mix_rel010_evt010,K1000_seed5_coverage__fuse_r0.3,train,fuse,1000,5,coverage,33,25,0.7575757575757576,0.3,0
SCOPE_all_en__mix_rel010_evt010,K5000_seed1_random__fuse_r0.3,train,fuse,5000,1,random,33,25,0.7575757575757576,0.3,0
SCOPE_all_en__mix_rel010_evt010,K5000_seed1_coverage__fuse_r0.6,train,fuse,5000,1,coverage,33,15,0.45454545454545453,0.6,0
SCOPE_all_en__mix_rel010_evt010,K5000_seed2_random__fuse_r0.6,train,fuse,5000,2,random,33,15,0.45454545454545453,0.6,0
SCOPE_all_en__mix_rel010_evt010,K5000_seed2_coverage__fuse_r0.3,train,fuse,5000,2,coverage,33,25,0.7575757575757576,0.3,0
SCOPE_all_en__mix_rel010_evt010,K5000_seed3_random__fuse_r0.6,train,fuse,5000,3,random,33,15,0.45454545454545453,0.6,0
SCOPE_all_en__mix_rel010_evt010,K5000_seed3_coverage__fuse_r0.3,train,fuse,5000,3,coverage,33,25,0.7575757575757576,0.3,0
SCOPE_all_en__mix_rel010_evt010,K5000_seed4_random__fuse_r0.3,train,fuse,5000,4,random,33,25,0.7575757575757576,0.3,0
SCOPE_all_en__mix_rel010_evt010,K5000_seed4_coverage__fuse_r0.3,train,fuse,5000,4,coverage,33,25,0.7575757575757576,0.3,0
SCOPE_all_en__mix_rel010_evt010,K5000_seed5_random__fuse_r0.6,train,fuse,5000,5,random,33,15,0.45454545454545453,0.6,0
SCOPE_all_en__mix_rel010_evt010,K5000_seed5_coverage__fuse_r0.3,train,fuse,5000,5,coverage,33,25,0.7575757575757576,0.3,0
SCOPE_all_zh__mix_rel011_evt011,K200_seed1_random__fuse_r0.6,train,fuse,200,1,random,13,9,0.6923076923076923,0.6,0
SCOPE_all_zh__mix_rel011_evt011,K200_seed1_coverage__fuse_r0.6,train,fuse,200,1,coverage,13,9,0.6923076923076923,0.6,0
SCOPE_all_zh__mix_rel011_evt011,K200_seed2_random__fuse_r0.3,train,fuse,200,2,random,13,13,1.0,0.3,0
SCOPE_all_zh__mix_rel011_evt011,K200_seed2_coverage__fuse_r0.3,train,fuse,200,2,coverage,13,13,1.0,0.3,0
SCOPE_all_zh__mix_rel011_evt011,K200_seed3_random__fuse_r0.3,train,fuse,200,3,random,13,13,1.0,0.3,0
SCOPE_all_zh__mix_rel011_evt011,K200_seed3_coverage__fuse_r0.6,train,fuse,200,3,coverage,13,9,0.6923076923076923,0.6,0
SCOPE_all_zh__mix_rel011_evt011,K200_seed4_random__fuse_r0.6,train,fuse,200,4,random,13,9,0.6923076923076923,0.6,0
SCOPE_all_zh__mix_rel011_evt011,K200_seed4_coverage__fuse_r0.3,train,fuse,200,4,coverage,13,13,1.0,0.3,0
SCOPE_all_zh__mix_rel011_evt011,K200_seed5_random__fuse_r0.6,train,fuse,200,5,random,13,9,0.6923076923076923,0.6,0
SCOPE_all_zh__mix_rel011_evt011,K200_seed5_coverage__fuse_r0.6,train,fuse,200,5,coverage,13,9,0.6923076923076923,0.6,0
SCOPE_all_zh__mix_rel011_evt011,K1000_seed1_random__fuse_r0.6,train,fuse,1000,1,random,13,9,0.6923076923076923,0.6,0
SCOPE_all_zh__mix_rel011_evt011,K1000_seed1_coverage__fuse_r0.6,train,fuse,1000,1,coverage,13,9,0.6923076923076923,0.6,0
SCOPE_all_zh__mix_rel011_evt011,K1000_seed2_random__fuse_r0.3,train,fuse,1000,2,random,13,13,1.0,0.3,0
SCOPE_all_zh__mix_rel011_evt011,K1000_seed2_coverage__fuse_r0.3,train,fuse,1000,2,coverage,13,13,1.0,0.3,0
SCOPE_all_zh__mix_rel011_evt011,K1000_seed3_random__fuse_r0.6,train,fuse,1000,3,random,13,9,0.6923076923076923,0.6,0
SCOPE_all_zh__mix_rel011_evt011,K1000_seed3_coverage__fuse_r0.3,train,fuse,1000,3,coverage,13,13,1.0,0.3,0
SCOPE_all_zh__mix_rel011_evt011,K1000_seed4_random__fuse_r0.3,train,fuse,1000,4,random,13,13,1.0,0.3,0
SCOPE_all_zh__mix_rel011_evt011,K1000_seed4_coverage__fuse_r0.6,train,fuse,1000,4,coverage,13,9,0.6923076923076923,0.6,0
SCOPE_all_zh__mix_rel011_evt011,K1000_seed5_random__fuse_r0.3,train,fuse,1000,5,random,13,13,1.0,0.3,0
SCOPE_all_zh__mix_rel011_evt011,K1000_seed5_coverage__fuse_r0.6,train,fuse,1000,5,coverage,13,9,0.6923076923076923,0.6,0
SCOPE_all_zh__mix_rel011_evt011,K5000_seed1_random__fuse_r0.6,train,fuse,5000,1,random,13,9,0.6923076923076923,0.6,0
SCOPE_all_zh__mix_rel011_evt011,K5000_seed1_coverage__fuse_r0.6,train,fuse,5000,1,coverage,13,9,0.6923076923076923,0.6,0
SCOPE_all_zh__mix_rel011_evt011,K5000_seed2_random__fuse_r0.3,train,fuse,5000,2,random,13,13,1.0,0.3,0
SCOPE_all_zh__mix_rel011_evt011,K5000_seed2_coverage__fuse_r0.6,train,fuse,5000,2,coverage,13,9,0.6923076923076923,0.6,0
SCOPE_all_zh__mix_rel011_evt011,K5000_seed3_random__fuse_r0.3,train,fuse,5000,3,random,13,13,1.0,0.3,0
SCOPE_all_zh__mix_rel011_evt011,K5000_seed3_coverage__fuse_r0.3,train,fuse,5000,3,coverage,13,13,1.0,0.3,0
SCOPE_all_zh__mix_rel011_evt011,K5000_seed4_random__fuse_r0.3,train,fuse,5000,4,random,13,13,1.0,0.3,0
SCOPE_all_zh__mix_rel011_evt011,K5000_seed4_coverage__fuse_r0.6,train,fuse,5000,4,coverage,13,9,0.6923076923076923,0.6,0
SCOPE_all_zh__mix_rel011_evt011,K5000_seed5_random__fuse_r0.6,train,fuse,5000,5,random,13,9,0.6923076923076923,0.6,0
SCOPE_all_zh__mix_rel011_evt011,K5000_seed5_coverage__fuse_r0.6,train,fuse,5000,5,coverage,13,9,0.6923076923076923,0.6,0
SCOPE_all_zh__mix_rel012_evt012,K200_seed1_random__fuse_r0.6,train,fuse,200,1,random,14,9,0.6428571428571429,0.6,0
SCOPE_all_zh__mix_rel012_evt012,K200_seed1_coverage__fuse_r0.6,train,fuse,200,1,coverage,14,10,0.7142857142857143,0.6,0
SCOPE_all_zh__mix_rel012_evt012,K200_seed2_random__fuse_r0.3,train,fuse,200,2,random,14,12,0.8571428571428571,0.3,0
SCOPE_all_zh__mix_rel012_evt012,K200_seed2_coverage__fuse_r0.3,train,fuse,200,2,coverage,14,13,0.9285714285714286,0.3,0
SCOPE_all_zh__mix_rel012_evt012,K200_seed3_random__fuse_r0.6,train,fuse,200,3,random,14,9,0.6428571428571429,0.6,0
SCOPE_all_zh__mix_rel012_evt012,K200_seed3_coverage__fuse_r0.6,train,fuse,200,3,coverage,14,10,0.7142857142857143,0.6,0
SCOPE_all_zh__mix_rel012_evt012,K200_seed4_random__fuse_r0.6,train,fuse,200,4,random,14,9,0.6428571428571429,0.6,0
SCOPE_all_zh__mix_rel012_evt012,K200_seed4_coverage__fuse_r0.3,train,fuse,200,4,coverage,14,13,0.9285714285714286,0.3,0
SCOPE_all_zh__mix_rel012_evt012,K200_seed5_random__fuse_r0.3,train,fuse,200,5,random,14,13,0.9285714285714286,0.3,0
SCOPE_all_zh__mix_rel012_evt012,K200_seed5_coverage__fuse_r0.3,train,fuse,200,5,coverage,14,13,0.9285714285714286,0.3,0
SCOPE_all_zh__mix_rel012_evt012,K1000_seed1_random__fuse_r0.6,train,fuse,1000,1,random,14,10,0.7142857142857143,0.6,0
SCOPE_all_zh__mix_rel012_evt012,K1000_seed1_coverage__fuse_r0.3,train,fuse,1000,1,coverage,14,13,0.9285714285714286,0.3,0
SCOPE_all_zh__mix_rel012_evt012,K1000_seed2_random__fuse_r0.6,train,fuse,1000,2,random,14,10,0.7142857142857143,0.6,0
SCOPE_all_zh__mix_rel012_evt012,K1000_seed2_coverage__fuse_r0.3,train,fuse,1000,2,coverage,14,13,0.9285714285714286,0.3,0
SCOPE_all_zh__mix_rel012_evt012,K1000_seed3_random__fuse_r0.3,train,fuse,1000,3,random,14,12,0.8571428571428571,0.3,0
SCOPE_all_zh__mix_rel012_evt012,K1000_seed3_coverage__fuse_r0.3,train,fuse,1000,3,coverage,14,13,0.9285714285714286,0.3,0
SCOPE_all_zh__mix_rel012_evt012,K1000_seed4_random__fuse_r0.3,train,fuse,1000,4,random,14,12,0.8571428571428571,0.3,0
SCOPE_all_zh__mix_rel012_evt012,K1000_seed4_coverage__fuse_r0.3,train,fuse,1000,4,coverage,14,13,0.9285714285714286,0.3,0
SCOPE_all_zh__mix_rel012_evt012,K1000_seed5_random__fuse_r0.6,train,fuse,1000,5,random,14,10,0.7142857142857143,0.6,0
SCOPE_all_zh__mix_rel012_evt012,K1000_seed5_coverage__fuse_r0.3,train,fuse,1000,5,coverage,14,13,0.9285714285714286,0.3,0
SCOPE_all_zh__mix_rel012_evt012,K5000_seed1_random__fuse_r0.6,train,fuse,5000,1,random,14,10,0.7142857142857143,0.6,0
SCOPE_all_zh__mix_rel012_evt012,K5000_seed1_coverage__fuse_r0.3,train,fuse,5000,1,coverage,14,13,0.9285714285714286,0.3,0
SCOPE_all_zh__mix_rel012_evt012,K5000_seed2_random__fuse_r0.3,train,fuse,5000,2,random,14,13,0.9285714285714286,0.3,0
SCOPE_all_zh__mix_rel012_evt012,K5000_seed2_coverage__fuse_r0.6,train,fuse,5000,2,coverage,14,10,0.7142857142857143,0.6,0
SCOPE_all_zh__mix_rel012_evt012,K5000_seed3_random__fuse_r0.3,train,fuse,5000,3,random,14,13,0.9285714285714286,0.3,0
SCOPE_all_zh__mix_rel012_evt012,K5000_seed3_coverage__fuse_r0.3,train,fuse,5000,3,coverage,14,13,0.9285714285714286,0.3,0
SCOPE_all_zh__mix_rel012_evt012,K5000_seed4_random__fuse_r0.6,train,fuse,5000,4,random,14,10,0.7142857142857143,0.6,0
SCOPE_all_zh__mix_rel012_evt012,K5000_seed4_coverage__fuse_r0.3,train,fuse,5000,4,coverage,14,13,0.9285714285714286,0.3,0
SCOPE_all_zh__mix_rel012_evt012,K5000_seed5_random__fuse_r0.3,train,fuse,5000,5,random,14,13,0.9285714285714286,0.3,0
SCOPE_all_zh__mix_rel012_evt012,K5000_seed5_coverage__fuse_r0.3,train,fuse,5000,5,coverage,14,13,0.9285714285714286,0.3,0
SCOPE_all_zh__mix_rel013_evt013,K200_seed1_random__fuse_r0.6,train,fuse,200,1,random,13,10,0.7692307692307693,0.6,0
SCOPE_all_zh__mix_rel013_evt013,K200_seed1_coverage__fuse_r0.6,train,fuse,200,1,coverage,13,10,0.7692307692307693,0.6,0
SCOPE_all_zh__mix_rel013_evt013,K200_seed2_random__fuse_r0.3,train,fuse,200,2,random,13,12,0.9230769230769231,0.3,0
SCOPE_all_zh__mix_rel013_evt013,K200_seed2_coverage__fuse_r0.6,train,fuse,200,2,coverage,13,10,0.7692307692307693,0.6,0
SCOPE_all_zh__mix_rel013_evt013,K200_seed3_random__fuse_r0.3,train,fuse,200,3,random,13,12,0.9230769230769231,0.3,0
SCOPE_all_zh__mix_rel013_evt013,K200_seed3_coverage__fuse_r0.3,train,fuse,200,3,coverage,13,12,0.9230769230769231,0.3,0
SCOPE_all_zh__mix_rel013_evt013,K200_seed4_random__fuse_r0.6,train,fuse,200,4,random,13,10,0.7692307692307693,0.6,0
SCOPE_all_zh__mix_rel013_evt013,K200_seed4_coverage__fuse_r0.3,train,fuse,200,4,coverage,13,12,0.9230769230769231,0.3,0
SCOPE_all_zh__mix_rel013_evt013,K200_seed5_random__fuse_r0.6,train,fuse,200,5,random,13,10,0.7692307692307693,0.6,0
SCOPE_all_zh__mix_rel013_evt013,K200_seed5_coverage__fuse_r0.6,train,fuse,200,5,coverage,13,10,0.7692307692307693,0.6,0
SCOPE_all_zh__mix_rel013_evt013,K1000_seed1_random__fuse_r0.3,train,fuse,1000,1,random,13,12,0.9230769230769231,0.3,0
SCOPE_all_zh__mix_rel013_evt013,K1000_seed1_coverage__fuse_r0.6,train,fuse,1000,1,coverage,13,10,0.7692307692307693,0.6,0
SCOPE_all_zh__mix_rel013_evt013,K1000_seed2_random__fuse_r0.3,train,fuse,1000,2,random,13,12,0.9230769230769231,0.3,0
SCOPE_all_zh__mix_rel013_evt013,K1000_seed2_coverage__fuse_r0.6,train,fuse,1000,2,coverage,13,10,0.7692307692307693,0.6,0
SCOPE_all_zh__mix_rel013_evt013,K1000_seed3_random__fuse_r0.6,train,fuse,1000,3,random,13,10,0.7692307692307693,0.6,0
SCOPE_all_zh__mix_rel013_evt013,K1000_seed3_coverage__fuse_r0.3,train,fuse,1000,3,coverage,13,12,0.9230769230769231,0.3,0
SCOPE_all_zh__mix_rel013_evt013,K1000_seed4_random__fuse_r0.6,train,fuse,1000,4,random,13,10,0.7692307692307693,0.6,0
SCOPE_all_zh__mix_rel013_evt013,K1000_seed4_coverage__fuse_r0.6,train,fuse,1000,4,coverage,13,10,0.7692307692307693,0.6,0
SCOPE_all_zh__mix_rel013_evt013,K1000_seed5_random__fuse_r0.6,train,fuse,1000,5,random,13,10,0.7692307692307693,0.6,0
SCOPE_all_zh__mix_rel013_evt013,K1000_seed5_coverage__fuse_r0.3,train,fuse,1000,5,coverage,13,12,0.9230769230769231,0.3,0
SCOPE_all_zh__mix_rel013_evt013,K5000_seed1_random__fuse_r0.3,train,fuse,5000,1,random,13,12,0.9230769230769231,0.3,0
SCOPE_all_zh__mix_rel013_evt013,K5000_seed1_coverage__fuse_r0.6,train,fuse,5000,1,coverage,13,10,0.7692307692307693,0.6,0
SCOPE_all_zh__mix_rel013_evt013,K5000_seed2_random__fuse_r0.3,train,fuse,5000,2,random,13,12,0.9230769230769231,0.3,0
SCOPE_all_zh__mix_rel013_evt013,K5000_seed2_coverage__fuse_r0.6,train,fuse,5000,2,coverage,13,10,0.7692307692307693,0.6,0
SCOPE_all_zh__mix_rel013_evt013,K5000_seed3_random__fuse_r0.3,train,fuse,5000,3,random,13,12,0.9230769230769231,0.3,0
SCOPE_all_zh__mix_rel013_evt013,K5000_seed3_coverage__fuse_r0.3,train,fuse,5000,3,coverage,13,12,0.9230769230769231,0.3,0
SCOPE_all_zh__mix_rel013_evt013,K5000_seed4_random__fuse_r0.6,train,fuse,5000,4,random,13,10,0.7692307692307693,0.6,0
SCOPE_all_zh__mix_rel013_evt013,K5000_seed4_coverage__fuse_r0.3,train,fuse,5000,4,coverage,13,12,0.9230769230769231,0.3,0
SCOPE_all_zh__mix_rel013_evt013,K5000_seed5_random__fuse_r0.3,train,fuse,5000,5,random,13,12,0.9230769230769231,0.3,0
SCOPE_all_zh__mix_rel013_evt013,K5000_seed5_coverage__fuse_r0.3,train,fuse,5000,5,coverage,13,12,0.9230769230769231,0.3,0
SCOPE_all_zh__mix_rel014_evt014,K200_seed1_random__fuse_r0.3,train,fuse,200,1,random,36,25,0.6944444444444444,0.3,0
SCOPE_all_zh__mix_rel014_evt014,K200_seed1_coverage__fuse_r0.3,train,fuse,200,1,coverage,36,30,0.8333333333333334,0.3,0
SCOPE_all_zh__mix_rel014_evt014,K200_seed2_random__fuse_r0.3,train,fuse,200,2,random,36,22,0.6111111111111112,0.3,0
SCOPE_all_zh__mix_rel014_evt014,K200_seed2_coverage__fuse_r0.3,train,fuse,200,2,coverage,36,30,0.8333333333333334,0.3,0
SCOPE_all_zh__mix_rel014_evt014,K200_seed3_random__fuse_r0.3,train,fuse,200,3,random,36,21,0.5833333333333334,0.3,0
SCOPE_all_zh__mix_rel014_evt014,K200_seed3_coverage__fuse_r0.6,train,fuse,200,3,coverage,36,20,0.5555555555555556,0.6,0
SCOPE_all_zh__mix_rel014_evt014,K200_seed4_random__fuse_r0.6,train,fuse,200,4,random,36,17,0.4722222222222222,0.6,0
SCOPE_all_zh__mix_rel014_evt014,K200_seed4_coverage__fuse_r0.3,train,fuse,200,4,coverage,36,30,0.8333333333333334,0.3,0
SCOPE_all_zh__mix_rel014_evt014,K200_seed5_random__fuse_r0.6,train,fuse,200,5,random,36,16,0.4444444444444444,0.6,0
SCOPE_all_zh__mix_rel014_evt014,K200_seed5_coverage__fuse_r0.6,train,fuse,200,5,coverage,36,20,0.5555555555555556,0.6,0
SCOPE_all_zh__mix_rel014_evt014,K1000_seed1_random__fuse_r0.6,train,fuse,1000,1,random,36,18,0.5,0.6,0
SCOPE_all_zh__mix_rel014_evt014,K1000_seed1_coverage__fuse_r0.3,train,fuse,1000,1,coverage,36,30,0.8333333333333334,0.3,0
SCOPE_all_zh__mix_rel014_evt014,K1000_seed2_random__fuse_r0.6,train,fuse,1000,2,random,36,17,0.4722222222222222,0.6,0
SCOPE_all_zh__mix_rel014_evt014,K1000_seed2_coverage__fuse_r0.6,train,fuse,1000,2,coverage,36,20,0.5555555555555556,0.6,0
SCOPE_all_zh__mix_rel014_evt014,K1000_seed3_random__fuse_r0.6,train,fuse,1000,3,random,36,17,0.4722222222222222,0.6,0
SCOPE_all_zh__mix_rel014_evt014,K1000_seed3_coverage__fuse_r0.3,train,fuse,1000,3,coverage,36,30,0.8333333333333334,0.3,0
SCOPE_all_zh__mix_rel014_evt014,K1000_seed4_random__fuse_r0.6,train,fuse,1000,4,random,36,19,0.5277777777777778,0.6,0
SCOPE_all_zh__mix_rel014_evt014,K1000_seed4_coverage__fuse_r0.3,train,fuse,1000,4,coverage,36,30,0.8333333333333334,0.3,0
SCOPE_all_zh__mix_rel014_evt014,K1000_seed5_random__fuse_r0.3,train,fuse,1000,5,random,36,26,0.7222222222222222,0.3,0
SCOPE_all_zh__mix_rel014_evt014,K1000_seed5_coverage__fuse_r0.6,train,fuse,1000,5,coverage,36,20,0.5555555555555556,0.6,0
SCOPE_all_zh__mix_rel014_evt014,K5000_seed1_random__fuse_r0.6,train,fuse,5000,1,random,36,20,0.5555555555555556,0.6,0
SCOPE_all_zh__mix_rel014_evt014,K5000_seed1_coverage__fuse_r0.6,train,fuse,5000,1,coverage,36,20,0.5555555555555556,0.6,0
SCOPE_all_zh__mix_rel014_evt014,K5000_seed2_random__fuse_r0.6,train,fuse,5000,2,random,36,19,0.5277777777777778,0.6,0
SCOPE_all_zh__mix_rel014_evt014,K5000_seed2_coverage__fuse_r0.6,train,fuse,5000,2,coverage,36,20,0.5555555555555556,0.6,0
SCOPE_all_zh__mix_rel014_evt014,K5000_seed3_random__fuse_r0.3,train,fuse,5000,3,random,36,29,0.8055555555555556,0.3,0
SCOPE_all_zh__mix_rel014_evt014,K5000_seed3_coverage__fuse_r0.3,train,fuse,5000,3,coverage,36,30,0.8333333333333334,0.3,0
SCOPE_all_zh__mix_rel014_evt014,K5000_seed4_random__fuse_r0.6,train,fuse,5000,4,random,36,20,0.5555555555555556,0.6,0
SCOPE_all_zh__mix_rel014_evt014,K5000_seed4_coverage__fuse_r0.6,train,fuse,5000,4,coverage,36,20,0.5555555555555556,0.6,0
SCOPE_all_zh__mix_rel014_evt014,K5000_seed5_random__fuse_r0.3,train,fuse,5000,5,random,36,29,0.8055555555555556,0.3,0
SCOPE_all_zh__mix_rel014_evt014,K5000_seed5_coverage__fuse_r0.3,train,fuse,5000,5,coverage,36,30,0.8333333333333334,0.3,0
SCOPE_all_zh__mix_rel015_evt015,K200_seed1_random__fuse_r0.6,train,fuse,200,1,random,11,9,0.8181818181818182,0.6,0
SCOPE_all_zh__mix_rel015_evt015,K200_seed1_coverage__fuse_r0.3,train,fuse,200,1,coverage,11,10,0.9090909090909091,0.3,0
SCOPE_all_zh__mix_rel015_evt015,K200_seed2_random__fuse_r0.3,train,fuse,200,2,random,11,10,0.9090909090909091,0.3,0
SCOPE_all_zh__mix_rel015_evt015,K200_seed2_coverage__fuse_r0.3,train,fuse,200,2,coverage,11,10,0.9090909090909091,0.3,0
SCOPE_all_zh__mix_rel015_evt015,K200_seed3_random__fuse_r0.3,train,fuse,200,3,random,11,10,0.9090909090909091,0.3,0
SCOPE_all_zh__mix_rel015_evt015,K200_seed3_coverage__fuse_r0.3,train,fuse,200,3,coverage,11,10,0.9090909090909091,0.3,0
SCOPE_all_zh__mix_rel015_evt015,K200_seed4_random__fuse_r0.6,train,fuse,200,4,random,11,8,0.7272727272727273,0.6,0
SCOPE_all_zh__mix_rel015_evt015,K200_seed4_coverage__fuse_r0.3,train,fuse,200,4,coverage,11,10,0.9090909090909091,0.3,0
SCOPE_all_zh__mix_rel015_evt015,K200_seed5_random__fuse_r0.6,train,fuse,200,5,random,11,9,0.8181818181818182,0.6,0
SCOPE_all_zh__mix_rel015_evt015,K200_seed5_coverage__fuse_r0.6,train,fuse,200,5,coverage,11,9,0.8181818181818182,0.6,0
SCOPE_all_zh__mix_rel015_evt015,K1000_seed1_random__fuse_r0.3,train,fuse,1000,1,random,11,10,0.9090909090909091,0.3,0
SCOPE_all_zh__mix_rel015_evt015,K1000_seed1_coverage__fuse_r0.3,train,fuse,1000,1,coverage,11,10,0.9090909090909091,0.3,0
SCOPE_all_zh__mix_rel015_evt015,K1000_seed2_random__fuse_r0.6,train,fuse,1000,2,random,11,9,0.8181818181818182,0.6,0
SCOPE_all_zh__mix_rel015_evt015,K1000_seed2_coverage__fuse_r0.3,train,fuse,1000,2,coverage,11,10,0.9090909090909091,0.3,0
SCOPE_all_zh__mix_rel015_evt015,K1000_seed3_random__fuse_r0.6,train,fuse,1000,3,random,11,9,0.8181818181818182,0.6,0
SCOPE_all_zh__mix_rel015_evt015,K1000_seed3_coverage__fuse_r0.6,train,fuse,1000,3,coverage,11,9,0.8181818181818182,0.6,0
SCOPE_all_zh__mix_rel015_evt015,K1000_seed4_random__fuse_r0.3,train,fuse,1000,4,random,11,10,0.9090909090909091,0.3,0
SCOPE_all_zh__mix_rel015_evt015,K1000_seed4_coverage__fuse_r0.6,train,fuse,1000,4,coverage,11,9,0.8181818181818182,0.6,0
SCOPE_all_zh__mix_rel015_evt015,K1000_seed5_random__fuse_r0.6,train,fuse,1000,5,random,11,9,0.8181818181818182,0.6,0
SCOPE_all_zh__mix_rel015_evt015,K1000_seed5_coverage__fuse_r0.3,train,fuse,1000,5,coverage,11,10,0.9090909090909091,0.3,0
SCOPE_all_zh__mix_rel015_evt015,K5000_seed1_random__fuse_r0.6,train,fuse,5000,1,random,11,9,0.8181818181818182,0.6,0
SCOPE_all_zh__mix_rel015_evt015,K5000_seed1_coverage__fuse_r0.3,train,fuse,5000,1,coverage,11,10,0.9090909090909091,0.3,0
SCOPE_all_zh__mix_rel015_evt015,K5000_seed2_random__fuse_r0.6,train,fuse,5000,2,random,11,9,0.8181818181818182,0.6,0
SCOPE_all_zh__mix_rel015_evt015,K5000_seed2_coverage__fuse_r0.6,train,fuse,5000,2,coverage,11,9,0.8181818181818182,0.6,0
SCOPE_all_zh__mix_rel015_evt015,K5000_seed3_random__fuse_r0.6,train,fuse,5000,3,random,11,9,0.8181818181818182,0.6,0
SCOPE_all_zh__mix_rel015_evt015,K5000_seed3_coverage__fuse_r0.6,train,fuse,5000,3,coverage,11,9,0.8181818181818182,0.6,0
SCOPE_all_zh__mix_rel015_evt015,K5000_seed4_random__fuse_r0.3,train,fuse,5000,4,random,11,10,0.9090909090909091,0.3,0
SCOPE_all_zh__mix_rel015_evt015,K5000_seed4_coverage__fuse_r0.3,train,fuse,5000,4,coverage,11,10,0.9090909090909091,0.3,0
SCOPE_all_zh__mix_rel015_evt015,K5000_seed5_random__fuse_r0.6,train,fuse,5000,5,random,11,9,0.8181818181818182,0.6,0
SCOPE_all_zh__mix_rel015_evt015,K5000_seed5_coverage__fuse_r0.3,train,fuse,5000,5,coverage,11,10,0.9090909090909091,0.3,0
SCOPE_all_zh__mix_rel016_evt016,K200_seed1_random__fuse_r0.6,train,fuse,200,1,random,22,13,0.5909090909090909,0.6,0
SCOPE_all_zh__mix_rel016_evt016,K200_seed1_coverage__fuse_r0.3,train,fuse,200,1,coverage,22,19,0.8636363636363636,0.3,0
SCOPE_all_zh__mix_rel016_evt016,K200_seed2_random__fuse_r0.3,train,fuse,200,2,random,22,15,0.6818181818181818,0.3,0
SCOPE_all_zh__mix_rel016_evt016,K200_seed2_coverage__fuse_r0.3,train,fuse,200,2,coverage,22,19,0.8636363636363636,0.3,0
SCOPE_all_zh__mix_rel016_evt016,K200_seed3_random__fuse_r0.3,train,fuse,200,3,random,22,17,0.7727272727272727,0.3,0
SCOPE_all_zh__mix_rel016_evt016,K200_seed3_coverage__fuse_r0.3,train,fuse,200,3,coverage,22,19,0.8636363636363636,0.3,0
SCOPE_all_zh__mix_rel016_evt016,K200_seed4_random__fuse_r0.3,train,fuse,200,4,random,22,15,0.6818181818181818,0.3,0
SCOPE_all_zh__mix_rel016_evt016,K200_seed4_coverage__fuse_r0.3,train,fuse,200,4,coverage,22,19,0.8636363636363636,0.3,0
SCOPE_all_zh__mix_rel016_evt016,K200_seed5_random__fuse_r0.6,train,fuse,200,5,random,22,11,0.5,0.6,0
SCOPE_all_zh__mix_rel016_evt016,K200_seed5_coverage__fuse_r0.6,train,fuse,200,5,coverage,22,14,0.6363636363636364,0.6,0
SCOPE_all_zh__mix_rel016_evt016,K1000_seed1_random__fuse_r0.3,train,fuse,1000,1,random,22,18,0.8181818181818182,0.3,0
SCOPE_all_zh__mix_rel016_evt016,K1000_seed1_coverage__fuse_r0.6,train,fuse,1000,1,coverage,22,14,0.6363636363636364,0.6,0
SCOPE_all_zh__mix_rel016_evt016,K1000_seed2_random__fuse_r0.6,train,fuse,1000,2,random,22,13,0.5909090909090909,0.6,0
SCOPE_all_zh__mix_rel016_evt016,K1000_seed2_coverage__fuse_r0.3,train,fuse,1000,2,coverage,22,19,0.8636363636363636,0.3,0
SCOPE_all_zh__mix_rel016_evt016,K1000_seed3_random__fuse_r0.3,train,fuse,1000,3,random,22,17,0.7727272727272727,0.3,0
SCOPE_all_zh__mix_rel016_evt016,K1000_seed3_coverage__fuse_r0.3,train,fuse,1000,3,coverage,22,19,0.8636363636363636,0.3,0
SCOPE_all_zh__mix_rel016_evt016,K1000_seed4_random__fuse_r0.6,train,fuse,1000,4,random,22,14,0.6363636363636364,0.6,0
SCOPE_all_zh__mix_rel016_evt016,K1000_seed4_coverage__fuse_r0.3,train,fuse,1000,4,coverage,22,19,0.8636363636363636,0.3,0
SCOPE_all_zh__mix_rel016_evt016,K1000_seed5_random__fuse_r0.3,train,fuse,1000,5,random,22,19,0.8636363636363636,0.3,0
SCOPE_all_zh__mix_rel016_evt016,K1000_seed5_coverage__fuse_r0.6,train,fuse,1000,5,coverage,22,14,0.6363636363636364,0.6,0
SCOPE_all_zh__mix_rel016_evt016,K5000_seed1_random__fuse_r0.3,train,fuse,5000,1,random,22,19,0.8636363636363636,0.3,0
SCOPE_all_zh__mix_rel016_evt016,K5000_seed1_coverage__fuse_r0.3,train,fuse,5000,1,coverage,22,19,0.8636363636363636,0.3,0
SCOPE_all_zh__mix_rel016_evt016,K5000_seed2_random__fuse_r0.6,train,fuse,5000,2,random,22,14,0.6363636363636364,0.6,0
SCOPE_all_zh__mix_rel016_evt016,K5000_seed2_coverage__fuse_r0.6,train,fuse,5000,2,coverage,22,14,0.6363636363636364,0.6,0
SCOPE_all_zh__mix_rel016_evt016,K5000_seed3_random__fuse_r0.3,train,fuse,5000,3,random,22,19,0.8636363636363636,0.3,0
SCOPE_all_zh__mix_rel016_evt016,K5000_seed3_coverage__fuse_r0.6,train,fuse,5000,3,coverage,22,14,0.6363636363636364,0.6,0
SCOPE_all_zh__mix_rel016_evt016,K5000_seed4_random__fuse_r0.6,train,fuse,5000,4,random,22,14,0.6363636363636364,0.6,0
SCOPE_all_zh__mix_rel016_evt016,K5000_seed4_coverage__fuse_r0.3,train,fuse,5000,4,coverage,22,19,0.8636363636363636,0.3,0
SCOPE_all_zh__mix_rel016_evt016,K5000_seed5_random__fuse_r0.6,train,fuse,5000,5,random,22,14,0.6363636363636364,0.6,0
SCOPE_all_zh__mix_rel016_evt016,K5000_seed5_coverage__fuse_r0.6,train,fuse,5000,5,coverage,22,14,0.6363636363636364,0.6,0
SCOPE_all_zh__mix_rel017_evt017,K200_seed1_random__fuse_r0.6,train,fuse,200,1,random,20,13,0.65,0.6,0
SCOPE_all_zh__mix_rel017_evt017,K200_seed1_coverage__fuse_r0.3,train,fuse,200,1,coverage,20,17,0.85,0.3,0
SCOPE_all_zh__mix_rel017_evt017,K200_seed2_random__fuse_r0.6,train,fuse,200,2,random,20,13,0.65,0.6,0
SCOPE_all_zh__mix_rel017_evt017,K200_seed2_coverage__fuse_r0.6,train,fuse,200,2,coverage,20,13,0.65,0.6,0
SCOPE_all_zh__mix_rel017_evt017,K200_seed3_random__fuse_r0.3,train,fuse,200,3,random,20,17,0.85,0.3,0
SCOPE_all_zh__mix_rel017_evt017,K200_seed3_coverage__fuse_r0.3,train,fuse,200,3,coverage,20,17,0.85,0.3,0
SCOPE_all_zh__mix_rel017_evt017,K200_seed4_random__fuse_r0.6,train,fuse,200,4,random,20,12,0.6,0.6,0
SCOPE_all_zh__mix_rel017_evt017,K200_seed4_coverage__fuse_r0.3,train,fuse,200,4,coverage,20,17,0.85,0.3,0
SCOPE_all_zh__mix_rel017_evt017,K200_seed5_random__fuse_r0.6,train,fuse,200,5,random,20,12,0.6,0.6,0
SCOPE_all_zh__mix_rel017_evt017,K200_seed5_coverage__fuse_r0.3,train,fuse,200,5,coverage,20,17,0.85,0.3,0
SCOPE_all_zh__mix_rel017_evt017,K1000_seed1_random__fuse_r0.3,train,fuse,1000,1,random,20,17,0.85,0.3,0
SCOPE_all_zh__mix_rel017_evt017,K1000_seed1_coverage__fuse_r0.3,train,fuse,1000,1,coverage,20,17,0.85,0.3,0
SCOPE_all_zh__mix_rel017_evt017,K1000_seed2_random__fuse_r0.3,train,fuse,1000,2,random,20,17,0.85,0.3,0
SCOPE_all_zh__mix_rel017_evt017,K1000_seed2_coverage__fuse_r0.6,train,fuse,1000,2,coverage,20,13,0.65,0.6,0
SCOPE_all_zh__mix_rel017_evt017,K1000_seed3_random__fuse_r0.3,train,fuse,1000,3,random,20,17,0.85,0.3,0
SCOPE_all_zh__mix_rel017_evt017,K1000_seed3_coverage__fuse_r0.3,train,fuse,1000,3,coverage,20,17,0.85,0.3,0
SCOPE_all_zh__mix_rel017_evt017,K1000_seed4_random__fuse_r0.3,train,fuse,1000,4,random,20,17,0.85,0.3,0
SCOPE_all_zh__mix_rel017_evt017,K1000_seed4_coverage__fuse_r0.6,train,fuse,1000,4,coverage,20,13,0.65,0.6,0
SCOPE_all_zh__mix_rel017_evt017,K1000_seed5_random__fuse_r0.6,train,fuse,1000,5,random,20,13,0.65,0.6,0
SCOPE_all_zh__mix_rel017_evt017,K1000_seed5_coverage__fuse_r0.6,train,fuse,1000,5,coverage,20,13,0.65,0.6,0
SCOPE_all_zh__mix_rel017_evt017,K5000_seed1_random__fuse_r0.6,train,fuse,5000,1,random,20,13,0.65,0.6,0
SCOPE_all_zh__mix_rel017_evt017,K5000_seed1_coverage__fuse_r0.3,train,fuse,5000,1,coverage,20,17,0.85,0.3,0
SCOPE_all_zh__mix_rel017_evt017,K5000_seed2_random__fuse_r0.6,train,fuse,5000,2,random,20,13,0.65,0.6,0
SCOPE_all_zh__mix_rel017_evt017,K5000_seed2_coverage__fuse_r0.3,train,fuse,5000,2,coverage,20,17,0.85,0.3,0
SCOPE_all_zh__mix_rel017_evt017,K5000_seed3_random__fuse_r0.3,train,fuse,5000,3,random,20,17,0.85,0.3,0
SCOPE_all_zh__mix_rel017_evt017,K5000_seed3_coverage__fuse_r0.3,train,fuse,5000,3,coverage,20,17,0.85,0.3,0
SCOPE_all_zh__mix_rel017_evt017,K5000_seed4_random__fuse_r0.6,train,fuse,5000,4,random,20,13,0.65,0.6,0
SCOPE_all_zh__mix_rel017_evt017,K5000_seed4_coverage__fuse_r0.6,train,fuse,5000,4,coverage,20,13,0.65,0.6,0
SCOPE_all_zh__mix_rel017_evt017,K5000_seed5_random__fuse_r0.6,train,fuse,5000,5,random,20,13,0.65,0.6,0
SCOPE_all_zh__mix_rel017_evt017,K5000_seed5_coverage__fuse_r0.3,train,fuse,5000,5,coverage,20,17,0.85,0.3,0
SCOPE_all_zh__mix_rel018_evt018,K200_seed1_random__fuse_r0.3,train,fuse,200,1,random,17,15,0.8823529411764706,0.3,0
SCOPE_all_zh__mix_rel018_evt018,K200_seed1_coverage__fuse_r0.6,train,fuse,200,1,coverage,17,12,0.7058823529411765,0.6,0
SCOPE_all_zh__mix_rel018_evt018,K200_seed2_random__fuse_r0.6,train,fuse,200,2,random,17,12,0.7058823529411765,0.6,0
SCOPE_all_zh__mix_rel018_evt018,K200_seed2_coverage__fuse_r0.3,train,fuse,200,2,coverage,17,15,0.8823529411764706,0.3,0
SCOPE_all_zh__mix_rel018_evt018,K200_seed3_random__fuse_r0.3,train,fuse,200,3,random,17,15,0.8823529411764706,0.3,0
SCOPE_all_zh__mix_rel018_evt018,K200_seed3_coverage__fuse_r0.6,train,fuse,200,3,coverage,17,12,0.7058823529411765,0.6,0
SCOPE_all_zh__mix_rel018_evt018,K200_seed4_random__fuse_r0.3,train,fuse,200,4,random,17,15,0.8823529411764706,0.3,0
SCOPE_all_zh__mix_rel018_evt018,K200_seed4_coverage__fuse_r0.6,train,fuse,200,4,coverage,17,12,0.7058823529411765,0.6,0
SCOPE_all_zh__mix_rel018_evt018,K200_seed5_random__fuse_r0.3,train,fuse,200,5,random,17,15,0.8823529411764706,0.3,0
SCOPE_all_zh__mix_rel018_evt018,K200_seed5_coverage__fuse_r0.3,train,fuse,200,5,coverage,17,15,0.8823529411764706,0.3,0
SCOPE_all_zh__mix_rel018_evt018,K1000_seed1_random__fuse_r0.3,train,fuse,1000,1,random,17,15,0.8823529411764706,0.3,0
SCOPE_all_zh__mix_rel018_evt018,K1000_seed1_coverage__fuse_r0.3,train,fuse,1000,1,coverage,17,15,0.8823529411764706,0.3,0
SCOPE_all_zh__mix_rel018_evt018,K1000_seed2_random__fuse_r0.3,train,fuse,1000,2,random,17,15,0.8823529411764706,0.3,0
SCOPE_all_zh__mix_rel018_evt018,K1000_seed2_coverage__fuse_r0.6,train,fuse,1000,2,coverage,17,12,0.7058823529411765,0.6,0
SCOPE_all_zh__mix_rel018_evt018,K1000_seed3_random__fuse_r0.6,train,fuse,1000,3,random,17,12,0.7058823529411765,0.6,0
SCOPE_all_zh__mix_rel018_evt018,K1000_seed3_coverage__fuse_r0.6,train,fuse,1000,3,coverage,17,12,0.7058823529411765,0.6,0
SCOPE_all_zh__mix_rel018_evt018,K1000_seed4_random__fuse_r0.3,train,fuse,1000,4,random,17,15,0.8823529411764706,0.3,0
SCOPE_all_zh__mix_rel018_evt018,K1000_seed4_coverage__fuse_r0.6,train,fuse,1000,4,coverage,17,12,0.7058823529411765,0.6,0
SCOPE_all_zh__mix_rel018_evt018,K1000_seed5_random__fuse_r0.3,train,fuse,1000,5,random,17,15,0.8823529411764706,0.3,0
SCOPE_all_zh__mix_rel018_evt018,K1000_seed5_coverage__fuse_r0.6,train,fuse,1000,5,coverage,17,12,0.7058823529411765,0.6,0
SCOPE_all_zh__mix_rel018_evt018,K5000_seed1_random__fuse_r0.6,train,fuse,5000,1,random,17,12,0.7058823529411765,0.6,0
SCOPE_all_zh__mix_rel018_evt018,K5000_seed1_coverage__fuse_r0.3,train,fuse,5000,1,coverage,17,15,0.8823529411764706,0.3,0
SCOPE_all_zh__mix_rel018_evt018,K5000_seed2_random__fuse_r0.3,train,fuse,5000,2,random,17,15,0.8823529411764706,0.3,0
SCOPE_all_zh__mix_rel018_evt018,K5000_seed2_coverage__fuse_r0.3,train,fuse,5000,2,coverage,17,15,0.8823529411764706,0.3,0
SCOPE_all_zh__mix_rel018_evt018,K5000_seed3_random__fuse_r0.3,train,fuse,5000,3,random,17,15,0.8823529411764706,0.3,0
SCOPE_all_zh__mix_rel018_evt018,K5000_seed3_coverage__fuse_r0.3,train,fuse,5000,3,coverage,17,15,0.8823529411764706,0.3,0
SCOPE_all_zh__mix_rel018_evt018,K5000_seed4_random__fuse_r0.6,train,fuse,5000,4,random,17,12,0.7058823529411765,0.6,0
SCOPE_all_zh__mix_rel018_evt018,K5000_seed4_coverage__fuse_r0.6,train,fuse,5000,4,coverage,17,12,0.7058823529411765,0.6,0
SCOPE_all_zh__mix_rel018_evt018,K5000_seed5_random__fuse_r0.3,train,fuse,5000,5,random,17,15,0.8823529411764706,0.3,0
SCOPE_all_zh__mix_rel018_evt018,K5000_seed5_coverage__fuse_r0.3,train,fuse,5000,5,coverage,17,15,0.8823529411764706,0.3,0
SCOPE_all_zh__mix_rel019_evt019,K200_seed1_random__fuse_r0.3,train,fuse,200,1,random,20,15,0.75,0.3,0
SCOPE_all_zh__mix_rel019_evt019,K200_seed1_coverage__fuse_r0.3,train,fuse,200,1,coverage,20,18,0.9,0.3,0
SCOPE_all_zh__mix_rel019_evt019,K200_seed2_random__fuse_r0.6,train,fuse,200,2,random,20,12,0.6,0.6,0
SCOPE_all_zh__mix_rel019_evt019,K200_seed2_coverage__fuse_r0.6,train,fuse,200,2,coverage,20,14,0.7,0.6,0
SCOPE_all_zh__mix_rel019_evt019,K200_seed3_random__fuse_r0.6,train,fuse,200,3,random,20,12,0.6,0.6,0
SCOPE_all_zh__mix_rel019_evt019,K200_seed3_coverage__fuse_r0.3,train,fuse,200,3,coverage,20,18,0.9,0.3,0
SCOPE_all_zh__mix_rel019_evt019,K200_seed4_random__fuse_r0.6,train,fuse,200,4,random,20,11,0.55,0.6,0
SCOPE_all_zh__mix_rel019_evt019,K200_seed4_coverage__fuse_r0.3,train,fuse,200,4,coverage,20,18,0.9,0.3,0
SCOPE_all_zh__mix_rel019_evt019,K200_seed5_random__fuse_r0.6,train,fuse,200,5,random,20,9,0.45,0.6,0
SCOPE_all_zh__mix_rel019_evt019,K200_seed5_coverage__fuse_r0.3,train,fuse,200,5,coverage,20,18,0.9,0.3,0
SCOPE_all_zh__mix_rel019_evt019,K1000_seed1_random__fuse_r0.6,train,fuse,1000,1,random,20,14,0.7,0.6,0
SCOPE_all_zh__mix_rel019_evt019,K1000_seed1_coverage__fuse_r0.3,train,fuse,1000,1,coverage,20,18,0.9,0.3,0
SCOPE_all_zh__mix_rel019_evt019,K1000_seed2_random__fuse_r0.3,train,fuse,1000,2,random,20,18,0.9,0.3,0
SCOPE_all_zh__mix_rel019_evt019,K1000_seed2_coverage__fuse_r0.3,train,fuse,1000,2,coverage,20,18,0.9,0.3,0
SCOPE_all_zh__mix_rel019_evt019,K1000_seed3_random__fuse_r0.6,train,fuse,1000,3,random,20,13,0.65,0.6,0
SCOPE_all_zh__mix_rel019_evt019,K1000_seed3_coverage__fuse_r0.3,train,fuse,1000,3,coverage,20,18,0.9,0.3,0
SCOPE_all_zh__mix_rel019_evt019,K1000_seed4_random__fuse_r0.6,train,fuse,1000,4,random,20,14,0.7,0.6,0
SCOPE_all_zh__mix_rel019_evt019,K1000_seed4_coverage__fuse_r0.6,train,fuse,1000,4,coverage,20,14,0.7,0.6,0
SCOPE_all_zh__mix_rel019_evt019,K1000_seed5_random__fuse_r0.6,train,fuse,1000,5,random,20,14,0.7,0.6,0
SCOPE_all_zh__mix_rel019_evt019,K1000_seed5_coverage__fuse_r0.6,train,fuse,1000,5,coverage,20,14,0.7,0.6,0
SCOPE_all_zh__mix_rel019_evt019,K5000_seed1_random__fuse_r0.3,train,fuse,5000,1,random,20,18,0.9,0.3,0
SCOPE_all_zh__mix_rel019_evt019,K5000_seed1_coverage__fuse_r0.6,train,fuse,5000,1,coverage,20,14,0.7,0.6,0
SCOPE_all_zh__mix_rel019_evt019,K5000_seed2_random__fuse_r0.3,train,fuse,5000,2,random,20,18,0.9,0.3,0
SCOPE_all_zh__mix_rel019_evt019,K5000_seed2_coverage__fuse_r0.6,train,fuse,5000,2,coverage,20,14,0.7,0.6,0
SCOPE_all_zh__mix_rel019_evt019,K5000_seed3_random__fuse_r0.3,train,fuse,5000,3,random,20,18,0.9,0.3,0
SCOPE_all_zh__mix_rel019_evt019,K5000_seed3_coverage__fuse_r0.3,train,fuse,5000,3,coverage,20,18,0.9,0.3,0
SCOPE_all_zh__mix_rel019_evt019,K5000_seed4_random__fuse_r0.3,train,fuse,5000,4,random,20,18,0.9,0.3,0
SCOPE_all_zh__mix_rel019_evt019,K5000_seed4_coverage__fuse_r0.3,train,fuse,5000,4,coverage,20,18,0.9,0.3,0
SCOPE_all_zh__mix_rel019_evt019,K5000_seed5_random__fuse_r0.6,train,fuse,5000,5,random,20,14,0.7,0.6,0
SCOPE_all_zh__mix_rel019_evt019,K5000_seed5_coverage__fuse_r0.3,train,fuse,5000,5,coverage,20,18,0.9,0.3,0
SCOPE_all_en__mix_rel020_evt020,K200_seed1_random__fuse_r0.6,train,fuse,200,1,random,37,9,0.24324324324324326,0.6,0
SCOPE_all_en__mix_rel020_evt020,K200_seed1_coverage__fuse_r0.3,train,fuse,200,1,coverage,37,25,0.6756756756756757,0.3,0
SCOPE_all_en__mix_rel020_evt020,K200_seed2_random__fuse_r0.6,train,fuse,200,2,random,37,6,0.16216216216216217,0.6,0
SCOPE_all_en__mix_rel020_evt020,K200_seed2_coverage__fuse_r0.3,train,fuse,200,2,coverage,37,25,0.6756756756756757,0.3,0
SCOPE_all_en__mix_rel020_evt020,K200_seed3_random__fuse_r0.6,train,fuse,200,3,random,37,8,0.21621621621621623,0.6,0
SCOPE_all_en__mix_rel020_evt020,K200_seed3_coverage__fuse_r0.3,train,fuse,200,3,coverage,37,25,0.6756756756756757,0.3,0
SCOPE_all_en__mix_rel020_evt020,K200_seed4_random__fuse_r0.3,train,fuse,200,4,random,37,11,0.2972972972972973,0.3,0
SCOPE_all_en__mix_rel020_evt020,K200_seed4_coverage__fuse_r0.3,train,fuse,200,4,coverage,37,25,0.6756756756756757,0.3,0
SCOPE_all_en__mix_rel020_evt020,K200_seed5_random__fuse_r0.6,train,fuse,200,5,random,37,7,0.1891891891891892,0.6,0
SCOPE_all_en__mix_rel020_evt020,K200_seed5_coverage__fuse_r0.6,train,fuse,200,5,coverage,37,15,0.40540540540540543,0.6,0
SCOPE_all_en__mix_rel020_evt020,K1000_seed1_random__fuse_r0.6,train,fuse,1000,1,random,37,12,0.32432432432432434,0.6,0
SCOPE_all_en__mix_rel020_evt020,K1000_seed1_coverage__fuse_r0.3,train,fuse,1000,1,coverage,37,25,0.6756756756756757,0.3,0
SCOPE_all_en__mix_rel020_evt020,K1000_seed2_random__fuse_r0.6,train,fuse,1000,2,random,37,12,0.32432432432432434,0.6,0
SCOPE_all_en__mix_rel020_evt020,K1000_seed2_coverage__fuse_r0.6,train,fuse,1000,2,coverage,37,15,0.40540540540540543,0.6,0
SCOPE_all_en__mix_rel020_evt020,K1000_seed3_random__fuse_r0.6,train,fuse,1000,3,random,37,11,0.2972972972972973,0.6,0
SCOPE_all_en__mix_rel020_evt020,K1000_seed3_coverage__fuse_r0.6,train,fuse,1000,3,coverage,37,15,0.40540540540540543,0.6,0
SCOPE_all_en__mix_rel020_evt020,K1000_seed4_random__fuse_r0.3,train,fuse,1000,4,random,37,19,0.5135135135135135,0.3,0
SCOPE_all_en__mix_rel020_evt020,K1000_seed4_coverage__fuse_r0.3,train,fuse,1000,4,coverage,37,25,0.6756756756756757,0.3,0
SCOPE_all_en__mix_rel020_evt020,K1000_seed5_random__fuse_r0.3,train,fuse,1000,5,random,37,22,0.5945945945945946,0.3,0
SCOPE_all_en__mix_rel020_evt020,K1000_seed5_coverage__fuse_r0.6,train,fuse,1000,5,coverage,37,15,0.40540540540540543,0.6,0
SCOPE_all_en__mix_rel020_evt020,K5000_seed1_random__fuse_r0.6,train,fuse,5000,1,random,37,14,0.3783783783783784,0.6,0
SCOPE_all_en__mix_rel020_evt020,K5000_seed1_coverage__fuse_r0.3,train,fuse,5000,1,coverage,37,25,0.6756756756756757,0.3,0
SCOPE_all_en__mix_rel020_evt020,K5000_seed2_random__fuse_r0.6,train,fuse,5000,2,random,37,14,0.3783783783783784,0.6,0
SCOPE_all_en__mix_rel020_evt020,K5000_seed2_coverage__fuse_r0.3,train,fuse,5000,2,coverage,37,25,0.6756756756756757,0.3,0
SCOPE_all_en__mix_rel020_evt020,K5000_seed3_random__fuse_r0.6,train,fuse,5000,3,random,37,14,0.3783783783783784,0.6,0
SCOPE_all_en__mix_rel020_evt020,K5000_seed3_coverage__fuse_r0.6,train,fuse,5000,3,coverage,37,15,0.40540540540540543,0.6,0
SCOPE_all_en__mix_rel020_evt020,K5000_seed4_random__fuse_r0.3,train,fuse,5000,4,random,37,24,0.6486486486486487,0.3,0
SCOPE_all_en__mix_rel020_evt020,K5000_seed4_coverage__fuse_r0.6,train,fuse,5000,4,coverage,37,15,0.40540540540540543,0.6,0
SCOPE_all_en__mix_rel020_evt020,K5000_seed5_random__fuse_r0.3,train,fuse,5000,5,random,37,24,0.6486486486486487,0.3,0
SCOPE_all_en__mix_rel020_evt020,K5000_seed5_coverage__fuse_r0.6,train,fuse,5000,5,coverage,37,15,0.40540540540540543,0.6,0
SCOPE_all_zh__mix_rel021_evt021,K200_seed1_random__fuse_r0.3,train,fuse,200,1,random,28,22,0.7857142857142857,0.3,0
SCOPE_all_zh__mix_rel021_evt021,K200_seed1_coverage__fuse_r0.3,train,fuse,200,1,coverage,28,26,0.9285714285714286,0.3,0
SCOPE_all_zh__mix_rel021_evt021,K200_seed2_random__fuse_r0.6,train,fuse,200,2,random,28,17,0.6071428571428571,0.6,0
SCOPE_all_zh__mix_rel021_evt021,K200_seed2_coverage__fuse_r0.6,train,fuse,200,2,coverage,28,18,0.6428571428571429,0.6,0
SCOPE_all_zh__mix_rel021_evt021,K200_seed3_random__fuse_r0.6,train,fuse,200,3,random,28,15,0.5357142857142857,0.6,0
SCOPE_all_zh__mix_rel021_evt021,K200_seed3_coverage__fuse_r0.6,train,fuse,200,3,coverage,28,18,0.6428571428571429,0.6,0
SCOPE_all_zh__mix_rel021_evt021,K200_seed4_random__fuse_r0.6,train,fuse,200,4,random,28,15,0.5357142857142857,0.6,0
SCOPE_all_zh__mix_rel021_evt021,K200_seed4_coverage__fuse_r0.3,train,fuse,200,4,coverage,28,26,0.9285714285714286,0.3,0
SCOPE_all_zh__mix_rel021_evt021,K200_seed5_random__fuse_r0.3,train,fuse,200,5,random,28,23,0.8214285714285714,0.3,0
SCOPE_all_zh__mix_rel021_evt021,K200_seed5_coverage__fuse_r0.3,train,fuse,200,5,coverage,28,26,0.9285714285714286,0.3,0
SCOPE_all_zh__mix_rel021_evt021,K1000_seed1_random__fuse_r0.3,train,fuse,1000,1,random,28,26,0.9285714285714286,0.3,0
SCOPE_all_zh__mix_rel021_evt021,K1000_seed1_coverage__fuse_r0.6,train,fuse,1000,1,coverage,28,18,0.6428571428571429,0.6,0
SCOPE_all_zh__mix_rel021_evt021,K1000_seed2_random__fuse_r0.6,train,fuse,1000,2,random,28,17,0.6071428571428571,0.6,0
SCOPE_all_zh__mix_rel021_evt021,K1000_seed2_coverage__fuse_r0.6,train,fuse,1000,2,coverage,28,18,0.6428571428571429,0.6,0
SCOPE_all_zh__mix_rel021_evt021,K1000_seed3_random__fuse_r0.3,train,fuse,1000,3,random,28,25,0.8928571428571429,0.3,0
SCOPE_all_zh__mix_rel021_evt021,K1000_seed3_coverage__fuse_r0.6,train,fuse,1000,3,coverage,28,18,0.6428571428571429,0.6,0
SCOPE_all_zh__mix_rel021_evt021,K1000_seed4_random__fuse_r0.6,train,fuse,1000,4,random,28,18,0.6428571428571429,0.6,0
SCOPE_all_zh__mix_rel021_evt021,K1000_seed4_coverage__fuse_r0.3,train,fuse,1000,4,coverage,28,26,0.9285714285714286,0.3,0
SCOPE_all_zh__mix_rel021_evt021,K1000_seed5_random__fuse_r0.6,train,fuse,1000,5,random,28,17,0.6071428571428571,0.6,0
SCOPE_all_zh__mix_rel021_evt021,K1000_seed5_coverage__fuse_r0.3,train,fuse,1000,5,coverage,28,26,0.9285714285714286,0.3,0
SCOPE_all_zh__mix_rel021_evt021,K5000_seed1_random__fuse_r0.6,train,fuse,5000,1,random,28,18,0.6428571428571429,0.6,0
SCOPE_all_zh__mix_rel021_evt021,K5000_seed1_coverage__fuse_r0.3,train,fuse,5000,1,coverage,28,26,0.9285714285714286,0.3,0
SCOPE_all_zh__mix_rel021_evt021,K5000_seed2_random__fuse_r0.6,train,fuse,5000,2,random,28,18,0.6428571428571429,0.6,0
SCOPE_all_zh__mix_rel021_evt021,K5000_seed2_coverage__fuse_r0.6,train,fuse,5000,2,coverage,28,18,0.6428571428571429,0.6,0
SCOPE_all_zh__mix_rel021_evt021,K5000_seed3_random__fuse_r0.3,train,fuse,5000,3,random,28,26,0.9285714285714286,0.3,0
SCOPE_all_zh__mix_rel021_evt021,K5000_seed3_coverage__fuse_r0.6,train,fuse,5000,3,coverage,28,18,0.6428571428571429,0.6,0
SCOPE_all_zh__mix_rel021_evt021,K5000_seed4_random__fuse_r0.6,train,fuse,5000,4,random,28,18,0.6428571428571429,0.6,0
SCOPE_all_zh__mix_rel021_evt021,K5000_seed4_coverage__fuse_r0.6,train,fuse,5000,4,coverage,28,18,0.6428571428571429,0.6,0
SCOPE_all_zh__mix_rel021_evt021,K5000_seed5_random__fuse_r0.6,train,fuse,5000,5,random,28,18,0.6428571428571429,0.6,0
SCOPE_all_zh__mix_rel021_evt021,K5000_seed5_coverage__fuse_r0.3,train,fuse,5000,5,coverage,28,26,0.9285714285714286,0.3,0
SCOPE_all_zh__mix_rel022_evt022,K200_seed1_random__fuse_r0.3,train,fuse,200,1,random,13,11,0.8461538461538461,0.3,0
SCOPE_all_zh__mix_rel022_evt022,K200_seed1_coverage__fuse_r0.3,train,fuse,200,1,coverage,13,12,0.9230769230769231,0.3,0
SCOPE_all_zh__mix_rel022_evt022,K200_seed2_random__fuse_r0.6,train,fuse,200,2,random,13,9,0.6923076923076923,0.6,0
SCOPE_all_zh__mix_rel022_evt022,K200_seed2_coverage__fuse_r0.3,train,fuse,200,2,coverage,13,12,0.9230769230769231,0.3,0
SCOPE_all_zh__mix_rel022_evt022,K200_seed3_random__fuse_r0.3,train,fuse,200,3,random,13,11,0.8461538461538461,0.3,0
SCOPE_all_zh__mix_rel022_evt022,K200_seed3_coverage__fuse_r0.3,train,fuse,200,3,coverage,13,12,0.9230769230769231,0.3,0
SCOPE_all_zh__mix_rel022_evt022,K200_seed4_random__fuse_r0.6,train,fuse,200,4,random,13,9,0.6923076923076923,0.6,0
SCOPE_all_zh__mix_rel022_evt022,K200_seed4_coverage__fuse_r0.3,train,fuse,200,4,coverage,13,12,0.9230769230769231,0.3,0
SCOPE_all_zh__mix_rel022_evt022,K200_seed5_random__fuse_r0.3,train,fuse,200,5,random,13,11,0.8461538461538461,0.3,0
SCOPE_all_zh__mix_rel022_evt022,K200_seed5_coverage__fuse_r0.6,train,fuse,200,5,coverage,13,10,0.7692307692307693,0.6,0
SCOPE_all_zh__mix_rel022_evt022,K1000_seed1_random__fuse_r0.3,train,fuse,1000,1,random,13,11,0.8461538461538461,0.3,0
SCOPE_all_zh__mix_rel022_evt022,K1000_seed1_coverage__fuse_r0.3,train,fuse,1000,1,coverage,13,12,0.9230769230769231,0.3,0
SCOPE_all_zh__mix_rel022_evt022,K1000_seed2_random__fuse_r0.3,train,fuse,1000,2,random,13,11,0.8461538461538461,0.3,0
SCOPE_all_zh__mix_rel022_evt022,K1000_seed2_coverage__fuse_r0.6,train,fuse,1000,2,coverage,13,10,0.7692307692307693,0.6,0
SCOPE_all_zh__mix_rel022_evt022,K1000_seed3_random__fuse_r0.3,train,fuse,1000,3,random,13,12,0.9230769230769231,0.3,0
SCOPE_all_zh__mix_rel022_evt022,K1000_seed3_coverage__fuse_r0.6,train,fuse,1000,3,coverage,13,10,0.7692307692307693,0.6,0
SCOPE_all_zh__mix_rel022_evt022,K1000_seed4_random__fuse_r0.3,train,fuse,1000,4,random,13,12,0.9230769230769231,0.3,0
SCOPE_all_zh__mix_rel022_evt022,K1000_seed4_coverage__fuse_r0.3,train,fuse,1000,4,coverage,13,12,0.9230769230769231,0.3,0
SCOPE_all_zh__mix_rel022_evt022,K1000_seed5_random__fuse_r0.3,train,fuse,1000,5,random,13,11,0.8461538461538461,0.3,0
SCOPE_all_zh__mix_rel022_evt022,K1000_seed5_coverage__fuse_r0.3,train,fuse,1000,5,coverage,13,12,0.9230769230769231,0.3,0
SCOPE_all_zh__mix_rel022_evt022,K5000_seed1_random__fuse_r0.3,train,fuse,5000,1,random,13,12,0.9230769230769231,0.3,0
SCOPE_all_zh__mix_rel022_evt022,K5000_seed1_coverage__fuse_r0.3,train,fuse,5000,1,coverage,13,12,0.9230769230769231,0.3,0
SCOPE_all_zh__mix_rel022_evt022,K5000_seed2_random__fuse_r0.6,train,fuse,5000,2,random,13,10,0.7692307692307693,0.6,0
SCOPE_all_zh__mix_rel022_evt022,K5000_seed2_coverage__fuse_r0.6,train,fuse,5000,2,coverage,13,10,0.7692307692307693,0.6,0
SCOPE_all_zh__mix_rel022_evt022,K5000_seed3_random__fuse_r0.6,train,fuse,5000,3,random,13,10,0.7692307692307693,0.6,0
SCOPE_all_zh__mix_rel022_evt022,K5000_seed3_coverage__fuse_r0.6,train,fuse,5000,3,coverage,13,10,0.7692307692307693,0.6,0
SCOPE_all_zh__mix_rel022_evt022,K5000_seed4_random__fuse_r0.3,train,fuse,5000,4,random,13,12,0.9230769230769231,0.3,0
SCOPE_all_zh__mix_rel022_evt022,K5000_seed4_coverage__fuse_r0.6,train,fuse,5000,4,coverage,13,10,0.7692307692307693,0.6,0
SCOPE_all_zh__mix_rel022_evt022,K5000_seed5_random__fuse_r0.3,train,fuse,5000,5,random,13,12,0.9230769230769231,0.3,0
SCOPE_all_zh__mix_rel022_evt022,K5000_seed5_coverage__fuse_r0.6,train,fuse,5000,5,coverage,13,10,0.7692307692307693,0.6,0
SCOPE_all_zh__mix_rel023_evt023,K200_seed1_random__fuse_r0.3,train,fuse,200,1,random,17,16,0.9411764705882353,0.3,0
SCOPE_all_zh__mix_rel023_evt023,K200_seed1_coverage__fuse_r0.3,train,fuse,200,1,coverage,17,16,0.9411764705882353,0.3,0
SCOPE_all_zh__mix_rel023_evt023,K200_seed2_random__fuse_r0.6,train,fuse,200,2,random,17,12,0.7058823529411765,0.6,0
SCOPE_all_zh__mix_rel023_evt023,K200_seed2_coverage__fuse_r0.3,train,fuse,200,2,coverage,17,16,0.9411764705882353,0.3,0
SCOPE_all_zh__mix_rel023_evt023,K200_seed3_random__fuse_r0.6,train,fuse,200,3,random,17,13,0.7647058823529411,0.6,0
SCOPE_all_zh__mix_rel023_evt023,K200_seed3_coverage__fuse_r0.3,train,fuse,200,3,coverage,17,16,0.9411764705882353,0.3,0
SCOPE_all_zh__mix_rel023_evt023,K200_seed4_random__fuse_r0.3,train,fuse,200,4,random,17,15,0.8823529411764706,0.3,0
SCOPE_all_zh__mix_rel023_evt023,K200_seed4_coverage__fuse_r0.3,train,fuse,200,4,coverage,17,16,0.9411764705882353,0.3,0
SCOPE_all_zh__mix_rel023_evt023,K200_seed5_random__fuse_r0.3,train,fuse,200,5,random,17,16,0.9411764705882353,0.3,0
SCOPE_all_zh__mix_rel023_evt023,K200_seed5_coverage__fuse_r0.6,train,fuse,200,5,coverage,17,13,0.7647058823529411,0.6,0
SCOPE_all_zh__mix_rel023_evt023,K1000_seed1_random__fuse_r0.3,train,fuse,1000,1,random,17,16,0.9411764705882353,0.3,0
SCOPE_all_zh__mix_rel023_evt023,K1000_seed1_coverage__fuse_r0.6,train,fuse,1000,1,coverage,17,13,0.7647058823529411,0.6,0
SCOPE_all_zh__mix_rel023_evt023,K1000_seed2_random__fuse_r0.6,train,fuse,1000,2,random,17,13,0.7647058823529411,0.6,0
SCOPE_all_zh__mix_rel023_evt023,K1000_seed2_coverage__fuse_r0.6,train,fuse,1000,2,coverage,17,13,0.7647058823529411,0.6,0
SCOPE_all_zh__mix_rel023_evt023,K1000_seed3_random__fuse_r0.3,train,fuse,1000,3,random,17,16,0.9411764705882353,0.3,0
SCOPE_all_zh__mix_rel023_evt023,K1000_seed3_coverage__fuse_r0.6,train,fuse,1000,3,coverage,17,13,0.7647058823529411,0.6,0
SCOPE_all_zh__mix_rel023_evt023,K1000_seed4_random__fuse_r0.3,train,fuse,1000,4,random,17,16,0.9411764705882353,0.3,0
SCOPE_all_zh__mix_rel023_evt023,K1000_seed4_coverage__fuse_r0.6,train,fuse,1000,4,coverage,17,13,0.7647058823529411,0.6,0
SCOPE_all_zh__mix_rel023_evt023,K1000_seed5_random__fuse_r0.3,train,fuse,1000,5,random,17,16,0.9411764705882353,0.3,0
SCOPE_all_zh__mix_rel023_evt023,K1000_seed5_coverage__fuse_r0.3,train,fuse,1000,5,coverage,17,16,0.9411764705882353,0.3,0
SCOPE_all_zh__mix_rel023_evt023,K5000_seed1_random__fuse_r0.6,train,fuse,5000,1,random,17,13,0.7647058823529411,0.6,0
SCOPE_all_zh__mix_rel023_evt023,K5000_seed1_coverage__fuse_r0.6,train,fuse,5000,1,coverage,17,13,0.7647058823529411,0.6,0
SCOPE_all_zh__mix_rel023_evt023,K5000_seed2_random__fuse_r0.6,train,fuse,5000,2,random,17,13,0.7647058823529411,0.6,0
SCOPE_all_zh__mix_rel023_evt023,K5000_seed2_coverage__fuse_r0.3,train,fuse,5000,2,coverage,17,16,0.9411764705882353,0.3,0
SCOPE_all_zh__mix_rel023_evt023,K5000_seed3_random__fuse_r0.6,train,fuse,5000,3,random,17,13,0.7647058823529411,0.6,0
SCOPE_all_zh__mix_rel023_evt023,K5000_seed3_coverage__fuse_r0.6,train,fuse,5000,3,coverage,17,13,0.7647058823529411,0.6,0
SCOPE_all_zh__mix_rel023_evt023,K5000_seed4_random__fuse_r0.6,train,fuse,5000,4,random,17,13,0.7647058823529411,0.6,0
SCOPE_all_zh__mix_rel023_evt023,K5000_seed4_coverage__fuse_r0.3,train,fuse,5000,4,coverage,17,16,0.9411764705882353,0.3,0
SCOPE_all_zh__mix_rel023_evt023,K5000_seed5_random__fuse_r0.3,train,fuse,5000,5,random,17,16,0.9411764705882353,0.3,0
SCOPE_all_zh__mix_rel023_evt023,K5000_seed5_coverage__fuse_r0.6,train,fuse,5000,5,coverage,17,13,0.7647058823529411,0.6,0
SCOPE_all_zh__mix_rel024_evt024,K200_seed1_random__fuse_r0.3,train,fuse,200,1,random,16,14,0.875,0.3,0
SCOPE_all_zh__mix_rel024_evt024,K200_seed1_coverage__fuse_r0.3,train,fuse,200,1,coverage,16,15,0.9375,0.3,0
SCOPE_all_zh__mix_rel024_evt024,K200_seed2_random__fuse_r0.3,train,fuse,200,2,random,16,13,0.8125,0.3,0
SCOPE_all_zh__mix_rel024_evt024,K200_seed2_coverage__fuse_r0.3,train,fuse,200,2,coverage,16,15,0.9375,0.3,0
SCOPE_all_zh__mix_rel024_evt024,K200_seed3_random__fuse_r0.3,train,fuse,200,3,random,16,13,0.8125,0.3,0
SCOPE_all_zh__mix_rel024_evt024,K200_seed3_coverage__fuse_r0.6,train,fuse,200,3,coverage,16,12,0.75,0.6,0
SCOPE_all_zh__mix_rel024_evt024,K200_seed4_random__fuse_r0.3,train,fuse,200,4,random,16,14,0.875,0.3,0
SCOPE_all_zh__mix_rel024_evt024,K200_seed4_coverage__fuse_r0.6,train,fuse,200,4,coverage,16,12,0.75,0.6,0
SCOPE_all_zh__mix_rel024_evt024,K200_seed5_random__fuse_r0.3,train,fuse,200,5,random,16,13,0.8125,0.3,0
SCOPE_all_zh__mix_rel024_evt024,K200_seed5_coverage__fuse_r0.3,train,fuse,200,5,coverage,16,15,0.9375,0.3,0
SCOPE_all_zh__mix_rel024_evt024,K1000_seed1_random__fuse_r0.6,train,fuse,1000,1,random,16,11,0.6875,0.6,0
SCOPE_all_zh__mix_rel024_evt024,K1000_seed1_coverage__fuse_r0.3,train,fuse,1000,1,coverage,16,15,0.9375,0.3,0
SCOPE_all_zh__mix_rel024_evt024,K1000_seed2_random__fuse_r0.3,train,fuse,1000,2,random,16,14,0.875,0.3,0
SCOPE_all_zh__mix_rel024_evt024,K1000_seed2_coverage__fuse_r0.6,train,fuse,1000,2,coverage,16,12,0.75,0.6,0
SCOPE_all_zh__mix_rel024_evt024,K1000_seed3_random__fuse_r0.3,train,fuse,1000,3,random,16,14,0.875,0.3,0
SCOPE_all_zh__mix_rel024_evt024,K1000_seed3_coverage__fuse_r0.3,train,fuse,1000,3,coverage,16,15,0.9375,0.3,0
SCOPE_all_zh__mix_rel024_evt024,K1000_seed4_random__fuse_r0.6,train,fuse,1000,4,random,16,11,0.6875,0.6,0
SCOPE_all_zh__mix_rel024_evt024,K1000_seed4_coverage__fuse_r0.6,train,fuse,1000,4,coverage,16,12,0.75,0.6,0
SCOPE_all_zh__mix_rel024_evt024,K1000_seed5_random__fuse_r0.6,train,fuse,1000,5,random,16,11,0.6875,0.6,0
SCOPE_all_zh__mix_rel024_evt024,K1000_seed5_coverage__fuse_r0.6,train,fuse,1000,5,coverage,16,12,0.75,0.6,0
SCOPE_all_zh__mix_rel024_evt024,K5000_seed1_random__fuse_r0.3,train,fuse,5000,1,random,16,14,0.875,0.3,0
SCOPE_all_zh__mix_rel024_evt024,K5000_seed1_coverage__fuse_r0.6,train,fuse,5000,1,coverage,16,12,0.75,0.6,0
SCOPE_all_zh__mix_rel024_evt024,K5000_seed2_random__fuse_r0.3,train,fuse,5000,2,random,16,14,0.875,0.3,0
SCOPE_all_zh__mix_rel024_evt024,K5000_seed2_coverage__fuse_r0.6,train,fuse,5000,2,coverage,16,12,0.75,0.6,0
SCOPE_all_zh__mix_rel024_evt024,K5000_seed3_random__fuse_r0.3,train,fuse,5000,3,random,16,14,0.875,0.3,0
SCOPE_all_zh__mix_rel024_evt024,K5000_seed3_coverage__fuse_r0.3,train,fuse,5000,3,coverage,16,15,0.9375,0.3,0
SCOPE_all_zh__mix_rel024_evt024,K5000_seed4_random__fuse_r0.6,train,fuse,5000,4,random,16,12,0.75,0.6,0
SCOPE_all_zh__mix_rel024_evt024,K5000_seed4_coverage__fuse_r0.3,train,fuse,5000,4,coverage,16,15,0.9375,0.3,0
SCOPE_all_zh__mix_rel024_evt024,K5000_seed5_random__fuse_r0.6,train,fuse,5000,5,random,16,11,0.6875,0.6,0
SCOPE_all_zh__mix_rel024_evt024,K5000_seed5_coverage__fuse_r0.3,train,fuse,5000,5,coverage,16,15,0.9375,0.3,0
SCOPE_all_zh__mix_rel025_evt025,K200_seed1_random__fuse_r0.3,train,fuse,200,1,random,26,21,0.8076923076923077,0.3,0
SCOPE_all_zh__mix_rel025_evt025,K200_seed1_coverage__fuse_r0.6,train,fuse,200,1,coverage,26,16,0.6153846153846154,0.6,0
SCOPE_all_zh__mix_rel025_evt025,K200_seed2_random__fuse_r0.3,train,fuse,200,2,random,26,22,0.8461538461538461,0.3,0
SCOPE_all_zh__mix_rel025_evt025,K200_seed2_coverage__fuse_r0.6,train,fuse,200,2,coverage,26,16,0.6153846153846154,0.6,0
SCOPE_all_zh__mix_rel025_evt025,K200_seed3_random__fuse_r0.6,train,fuse,200,3,random,26,15,0.5769230769230769,0.6,0
SCOPE_all_zh__mix_rel025_evt025,K200_seed3_coverage__fuse_r0.3,train,fuse,200,3,coverage,26,22,0.8461538461538461,0.3,0
SCOPE_all_zh__mix_rel025_evt025,K200_seed4_random__fuse_r0.3,train,fuse,200,4,random,26,22,0.8461538461538461,0.3,0
SCOPE_all_zh__mix_rel025_evt025,K200_seed4_coverage__fuse_r0.3,train,fuse,200,4,coverage,26,22,0.8461538461538461,0.3,0
SCOPE_all_zh__mix_rel025_evt025,K200_seed5_random__fuse_r0.3,train,fuse,200,5,random,26,21,0.8076923076923077,0.3,0
SCOPE_all_zh__mix_rel025_evt025,K200_seed5_coverage__fuse_r0.3,train,fuse,200,5,coverage,26,22,0.8461538461538461,0.3,0
SCOPE_all_zh__mix_rel025_evt025,K1000_seed1_random__fuse_r0.6,train,fuse,1000,1,random,26,16,0.6153846153846154,0.6,0
SCOPE_all_zh__mix_rel025_evt025,K1000_seed1_coverage__fuse_r0.3,train,fuse,1000,1,coverage,26,22,0.8461538461538461,0.3,0
SCOPE_all_zh__mix_rel025_evt025,K1000_seed2_random__fuse_r0.3,train,fuse,1000,2,random,26,22,0.8461538461538461,0.3,0
SCOPE_all_zh__mix_rel025_evt025,K1000_seed2_coverage__fuse_r0.6,train,fuse,1000,2,coverage,26,16,0.6153846153846154,0.6,0
SCOPE_all_zh__mix_rel025_evt025,K1000_seed3_random__fuse_r0.6,train,fuse,1000,3,random,26,16,0.6153846153846154,0.6,0
SCOPE_all_zh__mix_rel025_evt025,K1000_seed3_coverage__fuse_r0.3,train,fuse,1000,3,coverage,26,22,0.8461538461538461,0.3,0
SCOPE_all_zh__mix_rel025_evt025,K1000_seed4_random__fuse_r0.6,train,fuse,1000,4,random,26,16,0.6153846153846154,0.6,0
SCOPE_all_zh__mix_rel025_evt025,K1000_seed4_coverage__fuse_r0.6,train,fuse,1000,4,coverage,26,16,0.6153846153846154,0.6,0
SCOPE_all_zh__mix_rel025_evt025,K1000_seed5_random__fuse_r0.3,train,fuse,1000,5,random,26,22,0.8461538461538461,0.3,0
SCOPE_all_zh__mix_rel025_evt025,K1000_seed5_coverage__fuse_r0.6,train,fuse,1000,5,coverage,26,16,0.6153846153846154,0.6,0
SCOPE_all_zh__mix_rel025_evt025,K5000_seed1_random__fuse_r0.3,train,fuse,5000,1,random,26,22,0.8461538461538461,0.3,0
SCOPE_all_zh__mix_rel025_evt025,K5000_seed1_coverage__fuse_r0.3,train,fuse,5000,1,coverage,26,22,0.8461538461538461,0.3,0
SCOPE_all_zh__mix_rel025_evt025,K5000_seed2_random__fuse_r0.6,train,fuse,5000,2,random,26,16,0.6153846153846154,0.6,0
SCOPE_all_zh__mix_rel025_evt025,K5000_seed2_coverage__fuse_r0.3,train,fuse,5000,2,coverage,26,22,0.8461538461538461,0.3,0
SCOPE_all_zh__mix_rel025_evt025,K5000_seed3_random__fuse_r0.6,train,fuse,5000,3,random,26,16,0.6153846153846154,0.6,0
SCOPE_all_zh__mix_rel025_evt025,K5000_seed3_coverage__fuse_r0.3,train,fuse,5000,3,coverage,26,22,0.8461538461538461,0.3,0
SCOPE_all_zh__mix_rel025_evt025,K5000_seed4_random__fuse_r0.3,train,fuse,5000,4,random,26,22,0.8461538461538461,0.3,0
SCOPE_all_zh__mix_rel025_evt025,K5000_seed4_coverage__fuse_r0.6,train,fuse,5000,4,coverage,26,16,0.6153846153846154,0.6,0
SCOPE_all_zh__mix_rel025_evt025,K5000_seed5_random__fuse_r0.3,train,fuse,5000,5,random,26,22,0.8461538461538461,0.3,0
SCOPE_all_zh__mix_rel025_evt025,K5000_seed5_coverage__fuse_r0.6,train,fuse,5000,5,coverage,26,16,0.6153846153846154,0.6,0
SCOPE_all_zh__mix_rel026_evt026,K200_seed1_random__fuse_r0.3,train,fuse,200,1,random,16,10,0.625,0.3,0
SCOPE_all_zh__mix_rel026_evt026,K200_seed1_coverage__fuse_r0.6,train,fuse,200,1,coverage,16,12,0.75,0.6,0
SCOPE_all_zh__mix_rel026_evt026,K200_seed2_random__fuse_r0.6,train,fuse,200,2,random,16,9,0.5625,0.6,0
SCOPE_all_zh__mix_rel026_evt026,K200_seed2_coverage__fuse_r0.6,train,fuse,200,2,coverage,16,12,0.75,0.6,0
SCOPE_all_zh__mix_rel026_evt026,K200_seed3_random__fuse_r0.3,train,fuse,200,3,random,16,11,0.6875,0.3,0
SCOPE_all_zh__mix_rel026_evt026,K200_seed3_coverage__fuse_r0.6,train,fuse,200,3,coverage,16,12,0.75,0.6,0
SCOPE_all_zh__mix_rel026_evt026,K200_seed4_random__fuse_r0.3,train,fuse,200,4,random,16,14,0.875,0.3,0
SCOPE_all_zh__mix_rel026_evt026,K200_seed4_coverage__fuse_r0.3,train,fuse,200,4,coverage,16,15,0.9375,0.3,0
SCOPE_all_zh__mix_rel026_evt026,K200_seed5_random__fuse_r0.6,train,fuse,200,5,random,16,9,0.5625,0.6,0
SCOPE_all_zh__mix_rel026_evt026,K200_seed5_coverage__fuse_r0.3,train,fuse,200,5,coverage,16,15,0.9375,0.3,0
SCOPE_all_zh__mix_rel026_evt026,K1000_seed1_random__fuse_r0.3,train,fuse,1000,1,random,16,15,0.9375,0.3,0
SCOPE_all_zh__mix_rel026_evt026,K1000_seed1_coverage__fuse_r0.6,train,fuse,1000,1,coverage,16,12,0.75,0.6,0
SCOPE_all_zh__mix_rel026_evt026,K1000_seed2_random__fuse_r0.3,train,fuse,1000,2,random,16,15,0.9375,0.3,0
SCOPE_all_zh__mix_rel026_evt026,K1000_seed2_coverage__fuse_r0.6,train,fuse,1000,2,coverage,16,12,0.75,0.6,0
SCOPE_all_zh__mix_rel026_evt026,K1000_seed3_random__fuse_r0.6,train,fuse,1000,3,random,16,12,0.75,0.6,0
SCOPE_all_zh__mix_rel026_evt026,K1000_seed3_coverage__fuse_r0.3,train,fuse,1000,3,coverage,16,15,0.9375,0.3,0
SCOPE_all_zh__mix_rel026_evt026,K1000_seed4_random__fuse_r0.3,train,fuse,1000,4,random,16,15,0.9375,0.3,0
SCOPE_all_zh__mix_rel026_evt026,K1000_seed4_coverage__fuse_r0.3,train,fuse,1000,4,coverage,16,15,0.9375,0.3,0
SCOPE_all_zh__mix_rel026_evt026,K1000_seed5_random__fuse_r0.3,train,fuse,1000,5,random,16,13,0.8125,0.3,0
SCOPE_all_zh__mix_rel026_evt026,K1000_seed5_coverage__fuse_r0.6,train,fuse,1000,5,coverage,16,12,0.75,0.6,0
SCOPE_all_zh__mix_rel026_evt026,K5000_seed1_random__fuse_r0.6,train,fuse,5000,1,random,16,12,0.75,0.6,0
SCOPE_all_zh__mix_rel026_evt026,K5000_seed1_coverage__fuse_r0.3,train,fuse,5000,1,coverage,16,15,0.9375,0.3,0
SCOPE_all_zh__mix_rel026_evt026,K5000_seed2_random__fuse_r0.6,train,fuse,5000,2,random,16,12,0.75,0.6,0
SCOPE_all_zh__mix_rel026_evt026,K5000_seed2_coverage__fuse_r0.3,train,fuse,5000,2,coverage,16,15,0.9375,0.3,0
SCOPE_all_zh__mix_rel026_evt026,K5000_seed3_random__fuse_r0.3,train,fuse,5000,3,random,16,15,0.9375,0.3,0
SCOPE_all_zh__mix_rel026_evt026,K5000_seed3_coverage__fuse_r0.3,train,fuse,5000,3,coverage,16,15,0.9375,0.3,0
SCOPE_all_zh__mix_rel026_evt026,K5000_seed4_random__fuse_r0.3,train,fuse,5000,4,random,16,15,0.9375,0.3,0
SCOPE_all_zh__mix_rel026_evt026,K5000_seed4_coverage__fuse_r0.6,train,fuse,5000,4,coverage,16,12,0.75,0.6,0
SCOPE_all_zh__mix_rel026_evt026,K5000_seed5_random__fuse_r0.3,train,fuse,5000,5,random,16,15,0.9375,0.3,0
SCOPE_all_zh__mix_rel026_evt026,K5000_seed5_coverage__fuse_r0.6,train,fuse,5000,5,coverage,16,12,0.75,0.6,0
SCOPE_all_zh__mix_rel027_evt027,K200_seed1_random__fuse_r0.3,train,fuse,200,1,random,31,24,0.7741935483870968,0.3,0
SCOPE_all_zh__mix_rel027_evt027,K200_seed1_coverage__fuse_r0.6,train,fuse,200,1,coverage,31,17,0.5483870967741935,0.6,0
SCOPE_all_zh__mix_rel027_evt027,K200_seed2_random__fuse_r0.3,train,fuse,200,2,random,31,25,0.8064516129032258,0.3,0
SCOPE_all_zh__mix_rel027_evt027,K200_seed2_coverage__fuse_r0.6,train,fuse,200,2,coverage,31,17,0.5483870967741935,0.6,0
SCOPE_all_zh__mix_rel027_evt027,K200_seed3_random__fuse_r0.3,train,fuse,200,3,random,31,21,0.6774193548387096,0.3,0
SCOPE_all_zh__mix_rel027_evt027,K200_seed3_coverage__fuse_r0.3,train,fuse,200,3,coverage,31,25,0.8064516129032258,0.3,0
SCOPE_all_zh__mix_rel027_evt027,K200_seed4_random__fuse_r0.3,train,fuse,200,4,random,31,18,0.5806451612903226,0.3,0
SCOPE_all_zh__mix_rel027_evt027,K200_seed4_coverage__fuse_r0.3,train,fuse,200,4,coverage,31,25,0.8064516129032258,0.3,0
SCOPE_all_zh__mix_rel027_evt027,K200_seed5_random__fuse_r0.3,train,fuse,200,5,random,31,18,0.5806451612903226,0.3,0
SCOPE_all_zh__mix_rel027_evt027,K200_seed5_coverage__fuse_r0.3,train,fuse,200,5,coverage,31,25,0.8064516129032258,0.3,0
SCOPE_all_zh__mix_rel027_evt027,K1000_seed1_random__fuse_r0.3,train,fuse,1000,1,random,31,25,0.8064516129032258,0.3,0
SCOPE_all_zh__mix_rel027_evt027,K1000_seed1_coverage__fuse_r0.3,train,fuse,1000,1,coverage,31,25,0.8064516129032258,0.3,0
SCOPE_all_zh__mix_rel027_evt027,K1000_seed2_random__fuse_r0.6,train,fuse,1000,2,random,31,17,0.5483870967741935,0.6,0
SCOPE_all_zh__mix_rel027_evt027,K1000_seed2_coverage__fuse_r0.3,train,fuse,1000,2,coverage,31,25,0.8064516129032258,0.3,0
SCOPE_all_zh__mix_rel027_evt027,K1000_seed3_random__fuse_r0.6,train,fuse,1000,3,random,31,17,0.5483870967741935,0.6,0
SCOPE_all_zh__mix_rel027_evt027,K1000_seed3_coverage__fuse_r0.3,train,fuse,1000,3,coverage,31,25,0.8064516129032258,0.3,0
SCOPE_all_zh__mix_rel027_evt027,K1000_seed4_random__fuse_r0.6,train,fuse,1000,4,random,31,17,0.5483870967741935,0.6,0
SCOPE_all_zh__mix_rel027_evt027,K1000_seed4_coverage__fuse_r0.6,train,fuse,1000,4,coverage,31,17,0.5483870967741935,0.6,0
SCOPE_all_zh__mix_rel027_evt027,K1000_seed5_random__fuse_r0.6,train,fuse,1000,5,random,31,16,0.5161290322580645,0.6,0
SCOPE_all_zh__mix_rel027_evt027,K1000_seed5_coverage__fuse_r0.3,train,fuse,1000,5,coverage,31,25,0.8064516129032258,0.3,0
SCOPE_all_zh__mix_rel027_evt027,K5000_seed1_random__fuse_r0.3,train,fuse,5000,1,random,31,25,0.8064516129032258,0.3,0
SCOPE_all_zh__mix_rel027_evt027,K5000_seed1_coverage__fuse_r0.6,train,fuse,5000,1,coverage,31,17,0.5483870967741935,0.6,0
SCOPE_all_zh__mix_rel027_evt027,K5000_seed2_random__fuse_r0.3,train,fuse,5000,2,random,31,25,0.8064516129032258,0.3,0
SCOPE_all_zh__mix_rel027_evt027,K5000_seed2_coverage__fuse_r0.3,train,fuse,5000,2,coverage,31,25,0.8064516129032258,0.3,0
SCOPE_all_zh__mix_rel027_evt027,K5000_seed3_random__fuse_r0.6,train,fuse,5000,3,random,31,17,0.5483870967741935,0.6,0
SCOPE_all_zh__mix_rel027_evt027,K5000_seed3_coverage__fuse_r0.6,train,fuse,5000,3,coverage,31,17,0.5483870967741935,0.6,0
SCOPE_all_zh__mix_rel027_evt027,K5000_seed4_random__fuse_r0.3,train,fuse,5000,4,random,31,25,0.8064516129032258,0.3,0
SCOPE_all_zh__mix_rel027_evt027,K5000_seed4_coverage__fuse_r0.6,train,fuse,5000,4,coverage,31,17,0.5483870967741935,0.6,0
SCOPE_all_zh__mix_rel027_evt027,K5000_seed5_random__fuse_r0.3,train,fuse,5000,5,random,31,25,0.8064516129032258,0.3,0
SCOPE_all_zh__mix_rel027_evt027,K5000_seed5_coverage__fuse_r0.6,train,fuse,5000,5,coverage,31,17,0.5483870967741935,0.6,0
SCOPE_all_zh__mix_rel028_evt028,K200_seed1_random__fuse_r0.3,train,fuse,200,1,random,24,22,0.9166666666666666,0.3,0
SCOPE_all_zh__mix_rel028_evt028,K200_seed1_coverage__fuse_r0.3,train,fuse,200,1,coverage,24,22,0.9166666666666666,0.3,0
SCOPE_all_zh__mix_rel028_evt028,K200_seed2_random__fuse_r0.6,train,fuse,200,2,random,24,16,0.6666666666666666,0.6,0
SCOPE_all_zh__mix_rel028_evt028,K200_seed2_coverage__fuse_r0.6,train,fuse,200,2,coverage,24,16,0.6666666666666666,0.6,0
SCOPE_all_zh__mix_rel028_evt028,K200_seed3_random__fuse_r0.6,train,fuse,200,3,random,24,16,0.6666666666666666,0.6,0
SCOPE_all_zh__mix_rel028_evt028,K200_seed3_coverage__fuse_r0.3,train,fuse,200,3,coverage,24,22,0.9166666666666666,0.3,0
SCOPE_all_zh__mix_rel028_evt028,K200_seed4_random__fuse_r0.3,train,fuse,200,4,random,24,22,0.9166666666666666,0.3,0
SCOPE_all_zh__mix_rel028_evt028,K200_seed4_coverage__fuse_r0.3,train,fuse,200,4,coverage,24,22,0.9166666666666666,0.3,0
SCOPE_all_zh__mix_rel028_evt028,K200_seed5_random__fuse_r0.3,train,fuse,200,5,random,24,22,0.9166666666666666,0.3,0
SCOPE_all_zh__mix_rel028_evt028,K200_seed5_coverage__fuse_r0.3,train,fuse,200,5,coverage,24,22,0.9166666666666666,0.3,0
SCOPE_all_zh__mix_rel028_evt028,K1000_seed1_random__fuse_r0.3,train,fuse,1000,1,random,24,22,0.9166666666666666,0.3,0
SCOPE_all_zh__mix_rel028_evt028,K1000_seed1_coverage__fuse_r0.3,train,fuse,1000,1,coverage,24,22,0.9166666666666666,0.3,0
SCOPE_all_zh__mix_rel028_evt028,K1000_seed2_random__fuse_r0.6,train,fuse,1000,2,random,24,16,0.6666666666666666,0.6,0
SCOPE_all_zh__mix_rel028_evt028,K1000_seed2_coverage__fuse_r0.3,train,fuse,1000,2,coverage,24,22,0.9166666666666666,0.3,0
SCOPE_all_zh__mix_rel028_evt028,K1000_seed3_random__fuse_r0.6,train,fuse,1000,3,random,24,16,0.6666666666666666,0.6,0
SCOPE_all_zh__mix_rel028_evt028,K1000_seed3_coverage__fuse_r0.6,train,fuse,1000,3,coverage,24,16,0.6666666666666666,0.6,0
SCOPE_all_zh__mix_rel028_evt028,K1000_seed4_random__fuse_r0.3,train,fuse,1000,4,random,24,22,0.9166666666666666,0.3,0
SCOPE_all_zh__mix_rel028_evt028,K1000_seed4_coverage__fuse_r0.3,train,fuse,1000,4,coverage,24,22,0.9166666666666666,0.3,0
SCOPE_all_zh__mix_rel028_evt028,K1000_seed5_random__fuse_r0.3,train,fuse,1000,5,random,24,22,0.9166666666666666,0.3,0
SCOPE_all_zh__mix_rel028_evt028,K1000_seed5_coverage__fuse_r0.3,train,fuse,1000,5,coverage,24,22,0.9166666666666666,0.3,0
SCOPE_all_zh__mix_rel028_evt028,K5000_seed1_random__fuse_r0.3,train,fuse,5000,1,random,24,22,0.9166666666666666,0.3,0
SCOPE_all_zh__mix_rel028_evt028,K5000_seed1_coverage__fuse_r0.3,train,fuse,5000,1,coverage,24,22,0.9166666666666666,0.3,0
SCOPE_all_zh__mix_rel028_evt028,K5000_seed2_random__fuse_r0.6,train,fuse,5000,2,random,24,16,0.6666666666666666,0.6,0
SCOPE_all_zh__mix_rel028_evt028,K5000_seed2_coverage__fuse_r0.3,train,fuse,5000,2,coverage,24,22,0.9166666666666666,0.3,0
SCOPE_all_zh__mix_rel028_evt028,K5000_seed3_random__fuse_r0.3,train,fuse,5000,3,random,24,22,0.9166666666666666,0.3,0
SCOPE_all_zh__mix_rel028_evt028,K5000_seed3_coverage__fuse_r0.3,train,fuse,5000,3,coverage,24,22,0.9166666666666666,0.3,0
SCOPE_all_zh__mix_rel028_evt028,K5000_seed4_random__fuse_r0.3,train,fuse,5000,4,random,24,22,0.9166666666666666,0.3,0
SCOPE_all_zh__mix_rel028_evt028,K5000_seed4_coverage__fuse_r0.6,train,fuse,5000,4,coverage,24,16,0.6666666666666666,0.6,0
SCOPE_all_zh__mix_rel028_evt028,K5000_seed5_random__fuse_r0.6,train,fuse,5000,5,random,24,16,0.6666666666666666,0.6,0
SCOPE_all_zh__mix_rel028_evt028,K5000_seed5_coverage__fuse_r0.6,train,fuse,5000,5,coverage,24,16,0.6666666666666666,0.6,0
SCOPE_all_en__mix_rel029_evt029,K200_seed1_random__fuse_r0.6,train,fuse,200,1,random,37,17,0.4594594594594595,0.6,0
SCOPE_all_en__mix_rel029_evt029,K200_seed1_coverage__fuse_r0.6,train,fuse,200,1,coverage,37,19,0.5135135135135135,0.6,0
SCOPE_all_en__mix_rel029_evt029,K200_seed2_random__fuse_r0.3,train,fuse,200,2,random,37,23,0.6216216216216216,0.3,0
SCOPE_all_en__mix_rel029_evt029,K200_seed2_coverage__fuse_r0.6,train,fuse,200,2,coverage,37,19,0.5135135135135135,0.6,0
SCOPE_all_en__mix_rel029_evt029,K200_seed3_random__fuse_r0.6,train,fuse,200,3,random,37,16,0.43243243243243246,0.6,0
SCOPE_all_en__mix_rel029_evt029,K200_seed3_coverage__fuse_r0.6,train,fuse,200,3,coverage,37,19,0.5135135135135135,0.6,0
SCOPE_all_en__mix_rel029_evt029,K200_seed4_random__fuse_r0.3,train,fuse,200,4,random,37,26,0.7027027027027027,0.3,0
SCOPE_all_en__mix_rel029_evt029,K200_seed4_coverage__fuse_r0.6,train,fuse,200,4,coverage,37,19,0.5135135135135135,0.6,0
SCOPE_all_en__mix_rel029_evt029,K200_seed5_random__fuse_r0.3,train,fuse,200,5,random,37,25,0.6756756756756757,0.3,0
SCOPE_all_en__mix_rel029_evt029,K200_seed5_coverage__fuse_r0.3,train,fuse,200,5,coverage,37,29,0.7837837837837838,0.3,0
SCOPE_all_en__mix_rel029_evt029,K1000_seed1_random__fuse_r0.6,train,fuse,1000,1,random,37,19,0.5135135135135135,0.6,0
SCOPE_all_en__mix_rel029_evt029,K1000_seed1_coverage__fuse_r0.6,train,fuse,1000,1,coverage,37,19,0.5135135135135135,0.6,0
SCOPE_all_en__mix_rel029_evt029,K1000_seed2_random__fuse_r0.6,train,fuse,1000,2,random,37,19,0.5135135135135135,0.6,0
SCOPE_all_en__mix_rel029_evt029,K1000_seed2_coverage__fuse_r0.3,train,fuse,1000,2,coverage,37,29,0.7837837837837838,0.3,0
SCOPE_all_en__mix_rel029_evt029,K1000_seed3_random__fuse_r0.6,train,fuse,1000,3,random,37,19,0.5135135135135135,0.6,0
SCOPE_all_en__mix_rel029_evt029,K1000_seed3_coverage__fuse_r0.3,train,fuse,1000,3,coverage,37,29,0.7837837837837838,0.3,0
SCOPE_all_en__mix_rel029_evt029,K1000_seed4_random__fuse_r0.6,train,fuse,1000,4,random,37,18,0.4864864864864865,0.6,0
SCOPE_all_en__mix_rel029_evt029,K1000_seed4_coverage__fuse_r0.6,train,fuse,1000,4,coverage,37,19,0.5135135135135135,0.6,0
SCOPE_all_en__mix_rel029_evt029,K1000_seed5_random__fuse_r0.6,train,fuse,1000,5,random,37,18,0.4864864864864865,0.6,0
SCOPE_all_en__mix_rel029_evt029,K1000_seed5_coverage__fuse_r0.6,train,fuse,1000,5,coverage,37,19,0.5135135135135135,0.6,0
SCOPE_all_en__mix_rel029_evt029,K5000_seed1_random__fuse_r0.3,train,fuse,5000,1,random,37,29,0.7837837837837838,0.3,0
SCOPE_all_en__mix_rel029_evt029,K5000_seed1_coverage__fuse_r0.6,train,fuse,5000,1,coverage,37,19,0.5135135135135135,0.6,0
SCOPE_all_en__mix_rel029_evt029,K5000_seed2_random__fuse_r0.6,train,fuse,5000,2,random,37,19,0.5135135135135135,0.6,0
SCOPE_all_en__mix_rel029_evt029,K5000_seed2_coverage__fuse_r0.6,train,fuse,5000,2,coverage,37,19,0.5135135135135135,0.6,0
SCOPE_all_en__mix_rel029_evt029,K5000_seed3_random__fuse_r0.3,train,fuse,5000,3,random,37,29,0.7837837837837838,0.3,0
SCOPE_all_en__mix_rel029_evt029,K5000_seed3_coverage__fuse_r0.6,train,fuse,5000,3,coverage,37,19,0.5135135135135135,0.6,0
SCOPE_all_en__mix_rel029_evt029,K5000_seed4_random__fuse_r0.3,train,fuse,5000,4,random,37,29,0.7837837837837838,0.3,0
SCOPE_all_en__mix_rel029_evt029,K5000_seed4_coverage__fuse_r0.6,train,fuse,5000,4,coverage,37,19,0.5135135135135135,0.6,0
SCOPE_all_en__mix_rel029_evt029,K5000_seed5_random__fuse_r0.3,train,fuse,5000,5,random,37,29,0.7837837837837838,0.3,0
SCOPE_all_en__mix_rel029_evt029,K5000_seed5_coverage__fuse_r0.6,train,fuse,5000,5,coverage,37,19,0.5135135135135135,0.6,0
SCOPE_all_en__mix_rel030_evt030,K200_seed1_random__fuse_r0.6,train,fuse,200,1,random,46,17,0.3695652173913043,0.6,0
SCOPE_all_en__mix_rel030_evt030,K200_seed1_coverage__fuse_r0.3,train,fuse,200,1,coverage,46,34,0.7391304347826086,0.3,0
SCOPE_all_en__mix_rel030_evt030,K200_seed2_random__fuse_r0.3,train,fuse,200,2,random,46,28,0.6086956521739131,0.3,0
SCOPE_all_en__mix_rel030_evt030,K200_seed2_coverage__fuse_r0.3,train,fuse,200,2,coverage,46,34,0.7391304347826086,0.3,0
SCOPE_all_en__mix_rel030_evt030,K200_seed3_random__fuse_r0.6,train,fuse,200,3,random,46,18,0.391304347826087,0.6,0
SCOPE_all_en__mix_rel030_evt030,K200_seed3_coverage__fuse_r0.3,train,fuse,200,3,coverage,46,34,0.7391304347826086,0.3,0
SCOPE_all_en__mix_rel030_evt030,K200_seed4_random__fuse_r0.6,train,fuse,200,4,random,46,17,0.3695652173913043,0.6,0
SCOPE_all_en__mix_rel030_evt030,K200_seed4_coverage__fuse_r0.3,train,fuse,200,4,coverage,46,34,0.7391304347826086,0.3,0
SCOPE_all_en__mix_rel030_evt030,K200_seed5_random__fuse_r0.6,train,fuse,200,5,random,46,17,0.3695652173913043,0.6,0
SCOPE_all_en__mix_rel030_evt030,K200_seed5_coverage__fuse_r0.3,train,fuse,200,5,coverage,46,34,0.7391304347826086,0.3,0
SCOPE_all_en__mix_rel030_evt030,K1000_seed1_random__fuse_r0.3,train,fuse,1000,1,random,46,34,0.7391304347826086,0.3,0
SCOPE_all_en__mix_rel030_evt030,K1000_seed1_coverage__fuse_r0.6,train,fuse,1000,1,coverage,46,20,0.43478260869565216,0.6,0
SCOPE_all_en__mix_rel030_evt030,K1000_seed2_random__fuse_r0.3,train,fuse,1000,2,random,46,34,0.7391304347826086,0.3,0
SCOPE_all_en__mix_rel030_evt030,K1000_seed2_coverage__fuse_r0.3,train,fuse,1000,2,coverage,46,34,0.7391304347826086,0.3,0
SCOPE_all_en__mix_rel030_evt030,K1000_seed3_random__fuse_r0.6,train,fuse,1000,3,random,46,20,0.43478260869565216,0.6,0
SCOPE_all_en__mix_rel030_evt030,K1000_seed3_coverage__fuse_r0.3,train,fuse,1000,3,coverage,46,34,0.7391304347826086,0.3,0
SCOPE_all_en__mix_rel030_evt030,K1000_seed4_random__fuse_r0.6,train,fuse,1000,4,random,46,20,0.43478260869565216,0.6,0
SCOPE_all_en__mix_rel030_evt030,K1000_seed4_coverage__fuse_r0.6,train,fuse,1000,4,coverage,46,20,0.43478260869565216,0.6,0
SCOPE_all_en__mix_rel030_evt030,K1000_seed5_random__fuse_r0.6,train,fuse,1000,5,random,46,20,0.43478260869565216,0.6,0
SCOPE_all_en__mix_rel030_evt030,K1000_seed5_coverage__fuse_r0.6,train,fuse,1000,5,coverage,46,20,0.43478260869565216,0.6,0
SCOPE_all_en__mix_rel030_evt030,K5000_seed1_random__fuse_r0.3,train,fuse,5000,1,random,46,34,0.7391304347826086,0.3,0
SCOPE_all_en__mix_rel030_evt030,K5000_seed1_coverage__fuse_r0.6,train,fuse,5000,1,coverage,46,20,0.43478260869565216,0.6,0
SCOPE_all_en__mix_rel030_evt030,K5000_seed2_random__fuse_r0.6,train,fuse,5000,2,random,46,20,0.43478260869565216,0.6,0
SCOPE_all_en__mix_rel030_evt030,K5000_seed2_coverage__fuse_r0.6,train,fuse,5000,2,coverage,46,20,0.43478260869565216,0.6,0
SCOPE_all_en__mix_rel030_evt030,K5000_seed3_random__fuse_r0.3,train,fuse,5000,3,random,46,34,0.7391304347826086,0.3,0
SCOPE_all_en__mix_rel030_evt030,K5000_seed3_coverage__fuse_r0.3,train,fuse,5000,3,coverage,46,34,0.7391304347826086,0.3,0
SCOPE_all_en__mix_rel030_evt030,K5000_seed4_random__fuse_r0.3,train,fuse,5000,4,random,46,34,0.7391304347826086,0.3,0
SCOPE_all_en__mix_rel030_evt030,K5000_seed4_coverage__fuse_r0.6,train,fuse,5000,4,coverage,46,20,0.43478260869565216,0.6,0
SCOPE_all_en__mix_rel030_evt030,K5000_seed5_random__fuse_r0.3,train,fuse,5000,5,random,46,34,0.7391304347826086,0.3,0
SCOPE_all_en__mix_rel030_evt030,K5000_seed5_coverage__fuse_r0.6,train,fuse,5000,5,coverage,46,20,0.43478260869565216,0.6,0
SCOPE_all_en__mix_rel031_evt031,K200_seed1_random__fuse_r0.3,train,fuse,200,1,random,37,18,0.4864864864864865,0.3,0
SCOPE_all_en__mix_rel031_evt031,K200_seed1_coverage__fuse_r0.3,train,fuse,200,1,coverage,37,29,0.7837837837837838,0.3,0
SCOPE_all_en__mix_rel031_evt031,K200_seed2_random__fuse_r0.6,train,fuse,200,2,random,37,13,0.35135135135135137,0.6,0
SCOPE_all_en__mix_rel031_evt031,K200_seed2_coverage__fuse_r0.3,train,fuse,200,2,coverage,37,29,0.7837837837837838,0.3,0
SCOPE_all_en__mix_rel031_evt031,K200_seed3_random__fuse_r0.3,train,fuse,200,3,random,37,19,0.5135135135135135,0.3,0
SCOPE_all_en__mix_rel031_evt031,K200_seed3_coverage__fuse_r0.3,train,fuse,200,3,coverage,37,29,0.7837837837837838,0.3,0
SCOPE_all_en__mix_rel031_evt031,K200_seed4_random__fuse_r0.3,train,fuse,200,4,random,37,18,0.4864864864864865,0.3,0
SCOPE_all_en__mix_rel031_evt031,K200_seed4_coverage__fuse_r0.6,train,fuse,200,4,coverage,37,19,0.5135135135135135,0.6,0
SCOPE_all_en__mix_rel031_evt031,K200_seed5_random__fuse_r0.3,train,fuse,200,5,random,37,20,0.5405405405405406,0.3,0
SCOPE_all_en__mix_rel031_evt031,K200_seed5_coverage__fuse_r0.3,train,fuse,200,5,coverage,37,29,0.7837837837837838,0.3,0
SCOPE_all_en__mix_rel031_evt031,K1000_seed1_random__fuse_r0.6,train,fuse,1000,1,random,37,16,0.43243243243243246,0.6,0
SCOPE_all_en__mix_rel031_evt031,K1000_seed1_coverage__fuse_r0.6,train,fuse,1000,1,coverage,37,19,0.5135135135135135,0.6,0
SCOPE_all_en__mix_rel031_evt031,K1000_seed2_random__fuse_r0.6,train,fuse,1000,2,random,37,16,0.43243243243243246,0.6,0
SCOPE_all_en__mix_rel031_evt031,K1000_seed2_coverage__fuse_r0.6,train,fuse,1000,2,coverage,37,19,0.5135135135135135,0.6,0
SCOPE_all_en__mix_rel031_evt031,K1000_seed3_random__fuse_r0.3,train,fuse,1000,3,random,37,24,0.6486486486486487,0.3,0
SCOPE_all_en__mix_rel031_evt031,K1000_seed3_coverage__fuse_r0.6,train,fuse,1000,3,coverage,37,19,0.5135135135135135,0.6,0
SCOPE_all_en__mix_rel031_evt031,K1000_seed4_random__fuse_r0.6,train,fuse,1000,4,random,37,18,0.4864864864864865,0.6,0
SCOPE_all_en__mix_rel031_evt031,K1000_seed4_coverage__fuse_r0.6,train,fuse,1000,4,coverage,37,19,0.5135135135135135,0.6,0
SCOPE_all_en__mix_rel031_evt031,K1000_seed5_random__fuse_r0.6,train,fuse,1000,5,random,37,19,0.5135135135135135,0.6,0
SCOPE_all_en__mix_rel031_evt031,K1000_seed5_coverage__fuse_r0.6,train,fuse,1000,5,coverage,37,19,0.5135135135135135,0.6,0
SCOPE_all_en__mix_rel031_evt031,K5000_seed1_random__fuse_r0.6,train,fuse,5000,1,random,37,19,0.5135135135135135,0.6,0
SCOPE_all_en__mix_rel031_evt031,K5000_seed1_coverage__fuse_r0.6,train,fuse,5000,1,coverage,37,19,0.5135135135135135,0.6,0
SCOPE_all_en__mix_rel031_evt031,K5000_seed2_random__fuse_r0.6,train,fuse,5000,2,random,37,19,0.5135135135135135,0.6,0
SCOPE_all_en__mix_rel031_evt031,K5000_seed2_coverage__fuse_r0.3,train,fuse,5000,2,coverage,37,29,0.7837837837837838,0.3,0
SCOPE_all_en__mix_rel031_evt031,K5000_seed3_random__fuse_r0.3,train,fuse,5000,3,random,37,28,0.7567567567567568,0.3,0
SCOPE_all_en__mix_rel031_evt031,K5000_seed3_coverage__fuse_r0.6,train,fuse,5000,3,coverage,37,19,0.5135135135135135,0.6,0
SCOPE_all_en__mix_rel031_evt031,K5000_seed4_random__fuse_r0.3,train,fuse,5000,4,random,37,29,0.7837837837837838,0.3,0
SCOPE_all_en__mix_rel031_evt031,K5000_seed4_coverage__fuse_r0.3,train,fuse,5000,4,coverage,37,29,0.7837837837837838,0.3,0
SCOPE_all_en__mix_rel031_evt031,K5000_seed5_random__fuse_r0.6,train,fuse,5000,5,random,37,19,0.5135135135135135,0.6,0
SCOPE_all_en__mix_rel031_evt031,K5000_seed5_coverage__fuse_r0.6,train,fuse,5000,5,coverage,37,19,0.5135135135135135,0.6,0
SCOPE_all_zh__mix_rel032_evt032,K200_seed1_random__fuse_r0.6,train,fuse,200,1,random,20,10,0.5,0.6,0
SCOPE_all_zh__mix_rel032_evt032,K200_seed1_coverage__fuse_r0.6,train,fuse,200,1,coverage,20,13,0.65,0.6,0
SCOPE_all_zh__mix_rel032_evt032,K200_seed2_random__fuse_r0.3,train,fuse,200,2,random,20,11,0.55,0.3,0
SCOPE_all_zh__mix_rel032_evt032,K200_seed2_coverage__fuse_r0.3,train,fuse,200,2,coverage,20,17,0.85,0.3,0
SCOPE_all_zh__mix_rel032_evt032,K200_seed3_random__fuse_r0.3,train,fuse,200,3,random,20,15,0.75,0.3,0
SCOPE_all_zh__mix_rel032_evt032,K200_seed3_coverage__fuse_r0.6,train,fuse,200,3,coverage,20,13,0.65,0.6,0
SCOPE_all_zh__mix_rel032_evt032,K200_seed4_random__fuse_r0.6,train,fuse,200,4,random,20,10,0.5,0.6,0
SCOPE_all_zh__mix_rel032_evt032,K200_seed4_coverage__fuse_r0.6,train,fuse,200,4,coverage,20,13,0.65,0.6,0
SCOPE_all_zh__mix_rel032_evt032,K200_seed5_random__fuse_r0.3,train,fuse,200,5,random,20,12,0.6,0.3,0
SCOPE_all_zh__mix_rel032_evt032,K200_seed5_coverage__fuse_r0.3,train,fuse,200,5,coverage,20,17,0.85,0.3,0
SCOPE_all_zh__mix_rel032_evt032,K1000_seed1_random__fuse_r0.3,train,fuse,1000,1,random,20,17,0.85,0.3,0
SCOPE_all_zh__mix_rel032_evt032,K1000_seed1_coverage__fuse_r0.3,train,fuse,1000,1,coverage,20,17,0.85,0.3,0
SCOPE_all_zh__mix_rel032_evt032,K1000_seed2_random__fuse_r0.3,train,fuse,1000,2,random,20,16,0.8,0.3,0
SCOPE_all_zh__mix_rel032_evt032,K1000_seed2_coverage__fuse_r0.3,train,fuse,1000,2,coverage,20,17,0.85,0.3,0
SCOPE_all_zh__mix_rel032_evt032,K1000_seed3_random__fuse_r0.3,train,fuse,1000,3,random,20,15,0.75,0.3,0
SCOPE_all_zh__mix_rel032_evt032,K1000_seed3_coverage__fuse_r0.6,train,fuse,1000,3,coverage,20,13,0.65,0.6,0
SCOPE_all_zh__mix_rel032_evt032,K1000_seed4_random__fuse_r0.3,train,fuse,1000,4,random,20,16,0.8,0.3,0
SCOPE_all_zh__mix_rel032_evt032,K1000_seed4_coverage__fuse_r0.3,train,fuse,1000,4,coverage,20,17,0.85,0.3,0
SCOPE_all_zh__mix_rel032_evt032,K1000_seed5_random__fuse_r0.6,train,fuse,1000,5,random,20,11,0.55,0.6,0
SCOPE_all_zh__mix_rel032_evt032,K1000_seed5_coverage__fuse_r0.6,train,fuse,1000,5,coverage,20,13,0.65,0.6,0
SCOPE_all_zh__mix_rel032_evt032,K5000_seed1_random__fuse_r0.3,train,fuse,5000,1,random,20,17,0.85,0.3,0
SCOPE_all_zh__mix_rel032_evt032,K5000_seed1_coverage__fuse_r0.6,train,fuse,5000,1,coverage,20,13,0.65,0.6,0
SCOPE_all_zh__mix_rel032_evt032,K5000_seed2_random__fuse_r0.6,train,fuse,5000,2,random,20,13,0.65,0.6,0
SCOPE_all_zh__mix_rel032_evt032,K5000_seed2_coverage__fuse_r0.3,train,fuse,5000,2,coverage,20,17,0.85,0.3,0
SCOPE_all_zh__mix_rel032_evt032,K5000_seed3_random__fuse_r0.3,train,fuse,5000,3,random,20,17,0.85,0.3,0
SCOPE_all_zh__mix_rel032_evt032,K5000_seed3_coverage__fuse_r0.6,train,fuse,5000,3,coverage,20,13,0.65,0.6,0
SCOPE_all_zh__mix_rel032_evt032,K5000_seed4_random__fuse_r0.3,train,fuse,5000,4,random,20,17,0.85,0.3,0
SCOPE_all_zh__mix_rel032_evt032,K5000_seed4_coverage__fuse_r0.6,train,fuse,5000,4,coverage,20,13,0.65,0.6,0
SCOPE_all_zh__mix_rel032_evt032,K5000_seed5_random__fuse_r0.6,train,fuse,5000,5,random,20,13,0.65,0.6,0
SCOPE_all_zh__mix_rel032_evt032,K5000_seed5_coverage__fuse_r0.3,train,fuse,5000,5,coverage,20,17,0.85,0.3,0
SCOPE_all_zh__mix_rel033_evt033,K200_seed1_random__fuse_r0.3,train,fuse,200,1,random,21,16,0.7619047619047619,0.3,0
SCOPE_all_zh__mix_rel033_evt033,K200_seed1_coverage__fuse_r0.6,train,fuse,200,1,coverage,21,14,0.6666666666666666,0.6,0
SCOPE_all_zh__mix_rel033_evt033,K200_seed2_random__fuse_r0.6,train,fuse,200,2,random,21,13,0.6190476190476191,0.6,0
SCOPE_all_zh__mix_rel033_evt033,K200_seed2_coverage__fuse_r0.6,train,fuse,200,2,coverage,21,14,0.6666666666666666,0.6,0
SCOPE_all_zh__mix_rel033_evt033,K200_seed3_random__fuse_r0.3,train,fuse,200,3,random,21,18,0.8571428571428571,0.3,0
SCOPE_all_zh__mix_rel033_evt033,K200_seed3_coverage__fuse_r0.3,train,fuse,200,3,coverage,21,19,0.9047619047619048,0.3,0
SCOPE_all_zh__mix_rel033_evt033,K200_seed4_random__fuse_r0.3,train,fuse,200,4,random,21,17,0.8095238095238095,0.3,0
SCOPE_all_zh__mix_rel033_evt033,K200_seed4_coverage__fuse_r0.3,train,fuse,200,4,coverage,21,19,0.9047619047619048,0.3,0
SCOPE_all_zh__mix_rel033_evt033,K200_seed5_random__fuse_r0.6,train,fuse,200,5,random,21,11,0.5238095238095238,0.6,0
SCOPE_all_zh__mix_rel033_evt033,K200_seed5_coverage__fuse_r0.6,train,fuse,200,5,coverage,21,14,0.6666666666666666,0.6,0
SCOPE_all_zh__mix_rel033_evt033,K1000_seed1_random__fuse_r0.3,train,fuse,1000,1,random,21,19,0.9047619047619048,0.3,0
SCOPE_all_zh__mix_rel033_evt033,K1000_seed1_coverage__fuse_r0.6,train,fuse,1000,1,coverage,21,14,0.6666666666666666,0.6,0
SCOPE_all_zh__mix_rel033_evt033,K1000_seed2_random__fuse_r0.3,train,fuse,1000,2,random,21,19,0.9047619047619048,0.3,0
SCOPE_all_zh__mix_rel033_evt033,K1000_seed2_coverage__fuse_r0.6,train,fuse,1000,2,coverage,21,14,0.6666666666666666,0.6,0
SCOPE_all_zh__mix_rel033_evt033,K1000_seed3_random__fuse_r0.6,train,fuse,1000,3,random,21,13,0.6190476190476191,0.6,0
SCOPE_all_zh__mix_rel033_evt033,K1000_seed3_coverage__fuse_r0.3,train,fuse,1000,3,coverage,21,19,0.9047619047619048,0.3,0
SCOPE_all_zh__mix_rel033_evt033,K1000_seed4_random__fuse_r0.3,train,fuse,1000,4,random,21,19,0.9047619047619048,0.3,0
SCOPE_all_zh__mix_rel033_evt033,K1000_seed4_coverage__fuse_r0.3,train,fuse,1000,4,coverage,21,19,0.9047619047619048,0.3,0
SCOPE_all_zh__mix_rel033_evt033,K1000_seed5_random__fuse_r0.6,train,fuse,1000,5,random,21,13,0.6190476190476191,0.6,0
SCOPE_all_zh__mix_rel033_evt033,K1000_seed5_coverage__fuse_r0.6,train,fuse,1000,5,coverage,21,14,0.6666666666666666,0.6,0
SCOPE_all_zh__mix_rel033_evt033,K5000_seed1_random__fuse_r0.3,train,fuse,5000,1,random,21,19,0.9047619047619048,0.3,0
SCOPE_all_zh__mix_rel033_evt033,K5000_seed1_coverage__fuse_r0.3,train,fuse,5000,1,coverage,21,19,0.9047619047619048,0.3,0
SCOPE_all_zh__mix_rel033_evt033,K5000_seed2_random__fuse_r0.6,train,fuse,5000,2,random,21,14,0.6666666666666666,0.6,0
SCOPE_all_zh__mix_rel033_evt033,K5000_seed2_coverage__fuse_r0.3,train,fuse,5000,2,coverage,21,19,0.9047619047619048,0.3,0
SCOPE_all_zh__mix_rel033_evt033,K5000_seed3_random__fuse_r0.6,train,fuse,5000,3,random,21,14,0.6666666666666666,0.6,0
SCOPE_all_zh__mix_rel033_evt033,K5000_seed3_coverage__fuse_r0.3,train,fuse,5000,3,coverage,21,19,0.9047619047619048,0.3,0
SCOPE_all_zh__mix_rel033_evt033,K5000_seed4_random__fuse_r0.6,train,fuse,5000,4,random,21,14,0.6666666666666666,0.6,0
SCOPE_all_zh__mix_rel033_evt033,K5000_seed4_coverage__fuse_r0.6,train,fuse,5000,4,coverage,21,14,0.6666666666666666,0.6,0
SCOPE_all_zh__mix_rel033_evt033,K5000_seed5_random__fuse_r0.6,train,fuse,5000,5,random,21,14,0.6666666666666666,0.6,0
SCOPE_all_zh__mix_rel033_evt033,K5000_seed5_coverage__fuse_r0.6,train,fuse,5000,5,coverage,21,14,0.6666666666666666,0.6,0
SCOPE_all_en__mix_rel034_evt034,K200_seed1_random__fuse_r0.3,train,fuse,200,1,random,36,24,0.6666666666666666,0.3,0
SCOPE_all_en__mix_rel034_evt034,K200_seed1_coverage__fuse_r0.6,train,fuse,200,1,coverage,36,19,0.5277777777777778,0.6,0
SCOPE_all_en__mix_rel034_evt034,K200_seed2_random__fuse_r0.3,train,fuse,200,2,random,36,23,0.6388888888888888,0.3,0
SCOPE_all_en__mix_rel034_evt034,K200_seed2_coverage__fuse_r0.3,train,fuse,200,2,coverage,36,28,0.7777777777777778,0.3,0
SCOPE_all_en__mix_rel034_evt034,K200_seed3_random__fuse_r0.6,train,fuse,200,3,random,36,18,0.5,0.6,0
SCOPE_all_en__mix_rel034_evt034,K200_seed3_coverage__fuse_r0.6,train,fuse,200,3,coverage,36,19,0.5277777777777778,0.6,0
SCOPE_all_en__mix_rel034_evt034,K200_seed4_random__fuse_r0.6,train,fuse,200,4,random,36,17,0.4722222222222222,0.6,0
SCOPE_all_en__mix_rel034_evt034,K200_seed4_coverage__fuse_r0.6,train,fuse,200,4,coverage,36,19,0.5277777777777778,0.6,0
SCOPE_all_en__mix_rel034_evt034,K200_seed5_random__fuse_r0.6,train,fuse,200,5,random,36,17,0.4722222222222222,0.6,0
SCOPE_all_en__mix_rel034_evt034,K200_seed5_coverage__fuse_r0.6,train,fuse,200,5,coverage,36,19,0.5277777777777778,0.6,0
SCOPE_all_en__mix_rel034_evt034,K1000_seed1_random__fuse_r0.3,train,fuse,1000,1,random,36,27,0.75,0.3,0
SCOPE_all_en__mix_rel034_evt034,K1000_seed1_coverage__fuse_r0.3,train,fuse,1000,1,coverage,36,28,0.7777777777777778,0.3,0
SCOPE_all_en__mix_rel034_evt034,K1000_seed2_random__fuse_r0.6,train,fuse,1000,2,random,36,18,0.5,0.6,0
SCOPE_all_en__mix_rel034_evt034,K1000_seed2_coverage__fuse_r0.6,train,fuse,1000,2,coverage,36,19,0.5277777777777778,0.6,0
SCOPE_all_en__mix_rel034_evt034,K1000_seed3_random__fuse_r0.3,train,fuse,1000,3,random,36,27,0.75,0.3,0
SCOPE_all_en__mix_rel034_evt034,K1000_seed3_coverage__fuse_r0.6,train,fuse,1000,3,coverage,36,19,0.5277777777777778,0.6,0
SCOPE_all_en__mix_rel034_evt034,K1000_seed4_random__fuse_r0.6,train,fuse,1000,4,random,36,19,0.5277777777777778,0.6,0
SCOPE_all_en__mix_rel034_evt034,K1000_seed4_coverage__fuse_r0.3,train,fuse,1000,4,coverage,36,28,0.7777777777777778,0.3,0
SCOPE_all_en__mix_rel034_evt034,K1000_seed5_random__fuse_r0.3,train,fuse,1000,5,random,36,27,0.75,0.3,0
SCOPE_all_en__mix_rel034_evt034,K1000_seed5_coverage__fuse_r0.6,train,fuse,1000,5,coverage,36,19,0.5277777777777778,0.6,0
SCOPE_all_en__mix_rel034_evt034,K5000_seed1_random__fuse_r0.6,train,fuse,5000,1,random,36,19,0.5277777777777778,0.6,0
SCOPE_all_en__mix_rel034_evt034,K5000_seed1_coverage__fuse_r0.3,train,fuse,5000,1,coverage,36,28,0.7777777777777778,0.3,0
SCOPE_all_en__mix_rel034_evt034,K5000_seed2_random__fuse_r0.6,train,fuse,5000,2,random,36,19,0.5277777777777778,0.6,0
SCOPE_all_en__mix_rel034_evt034,K5000_seed2_coverage__fuse_r0.6,train,fuse,5000,2,coverage,36,19,0.5277777777777778,0.6,0
SCOPE_all_en__mix_rel034_evt034,K5000_seed3_random__fuse_r0.6,train,fuse,5000,3,random,36,19,0.5277777777777778,0.6,0
SCOPE_all_en__mix_rel034_evt034,K5000_seed3_coverage__fuse_r0.6,train,fuse,5000,3,coverage,36,19,0.5277777777777778,0.6,0
SCOPE_all_en__mix_rel034_evt034,K5000_seed4_random__fuse_r0.3,train,fuse,5000,4,random,36,28,0.7777777777777778,0.3,0
SCOPE_all_en__mix_rel034_evt034,K5000_seed4_coverage__fuse_r0.3,train,fuse,5000,4,coverage,36,28,0.7777777777777778,0.3,0
SCOPE_all_en__mix_rel034_evt034,K5000_seed5_random__fuse_r0.3,train,fuse,5000,5,random,36,28,0.7777777777777778,0.3,0
SCOPE_all_en__mix_rel034_evt034,K5000_seed5_coverage__fuse_r0.3,train,fuse,5000,5,coverage,36,28,0.7777777777777778,0.3,0
SCOPE_all_zh__mix_rel035_evt035,K200_seed1_random__fuse_r0.6,train,fuse,200,1,random,21,12,0.5714285714285714,0.6,0
SCOPE_all_zh__mix_rel035_evt035,K200_seed1_coverage__fuse_r0.3,train,fuse,200,1,coverage,21,18,0.8571428571428571,0.3,0
SCOPE_all_zh__mix_rel035_evt035,K200_seed2_random__fuse_r0.6,train,fuse,200,2,random,21,13,0.6190476190476191,0.6,0
SCOPE_all_zh__mix_rel035_evt035,K200_seed2_coverage__fuse_r0.6,train,fuse,200,2,coverage,21,14,0.6666666666666666,0.6,0
SCOPE_all_zh__mix_rel035_evt035,K200_seed3_random__fuse_r0.3,train,fuse,200,3,random,21,18,0.8571428571428571,0.3,0
SCOPE_all_zh__mix_rel035_evt035,K200_seed3_coverage__fuse_r0.6,train,fuse,200,3,coverage,21,14,0.6666666666666666,0.6,0
SCOPE_all_zh__mix_rel035_evt035,K200_seed4_random__fuse_r0.6,train,fuse,200,4,random,21,11,0.5238095238095238,0.6,0
SCOPE_all_zh__mix_rel035_evt035,K200_seed4_coverage__fuse_r0.6,train,fuse,200,4,coverage,21,14,0.6666666666666666,0.6,0
SCOPE_all_zh__mix_rel035_evt035,K200_seed5_random__fuse_r0.6,train,fuse,200,5,random,21,14,0.6666666666666666,0.6,0
SCOPE_all_zh__mix_rel035_evt035,K200_seed5_coverage__fuse_r0.3,train,fuse,200,5,coverage,21,18,0.8571428571428571,0.3,0
SCOPE_all_zh__mix_rel035_evt035,K1000_seed1_random__fuse_r0.3,train,fuse,1000,1,random,21,18,0.8571428571428571,0.3,0
SCOPE_all_zh__mix_rel035_evt035,K1000_seed1_coverage__fuse_r0.6,train,fuse,1000,1,coverage,21,14,0.6666666666666666,0.6,0
SCOPE_all_zh__mix_rel035_evt035,K1000_seed2_random__fuse_r0.6,train,fuse,1000,2,random,21,14,0.6666666666666666,0.6,0
SCOPE_all_zh__mix_rel035_evt035,K1000_seed2_coverage__fuse_r0.3,train,fuse,1000,2,coverage,21,18,0.8571428571428571,0.3,0
SCOPE_all_zh__mix_rel035_evt035,K1000_seed3_random__fuse_r0.3,train,fuse,1000,3,random,21,18,0.8571428571428571,0.3,0
SCOPE_all_zh__mix_rel035_evt035,K1000_seed3_coverage__fuse_r0.3,train,fuse,1000,3,coverage,21,18,0.8571428571428571,0.3,0
SCOPE_all_zh__mix_rel035_evt035,K1000_seed4_random__fuse_r0.3,train,fuse,1000,4,random,21,18,0.8571428571428571,0.3,0
SCOPE_all_zh__mix_rel035_evt035,K1000_seed4_coverage__fuse_r0.6,train,fuse,1000,4,coverage,21,14,0.6666666666666666,0.6,0
SCOPE_all_zh__mix_rel035_evt035,K1000_seed5_random__fuse_r0.6,train,fuse,1000,5,random,21,14,0.6666666666666666,0.6,0
SCOPE_all_zh__mix_rel035_evt035,K1000_seed5_coverage__fuse_r0.3,train,fuse,1000,5,coverage,21,18,0.8571428571428571,0.3,0
SCOPE_all_zh__mix_rel035_evt035,K5000_seed1_random__fuse_r0.3,train,fuse,5000,1,random,21,18,0.8571428571428571,0.3,0
SCOPE_all_zh__mix_rel035_evt035,K5000_seed1_coverage__fuse_r0.3,train,fuse,5000,1,coverage,21,18,0.8571428571428571,0.3,0
SCOPE_all_zh__mix_rel035_evt035,K5000_seed2_random__fuse_r0.3,train,fuse,5000,2,random,21,18,0.8571428571428571,0.3,0
SCOPE_all_zh__mix_rel035_evt035,K5000_seed2_coverage__fuse_r0.3,train,fuse,5000,2,coverage,21,18,0.8571428571428571,0.3,0
SCOPE_all_zh__mix_rel035_evt035,K5000_seed3_random__fuse_r0.3,train,fuse,5000,3,random,21,18,0.8571428571428571,0.3,0
SCOPE_all_zh__mix_rel035_evt035,K5000_seed3_coverage__fuse_r0.3,train,fuse,5000,3,coverage,21,18,0.8571428571428571,0.3,0
SCOPE_all_zh__mix_rel035_evt035,K5000_seed4_random__fuse_r0.6,train,fuse,5000,4,random,21,14,0.6666666666666666,0.6,0
SCOPE_all_zh__mix_rel035_evt035,K5000_seed4_coverage__fuse_r0.6,train,fuse,5000,4,coverage,21,14,0.6666666666666666,0.6,0
SCOPE_all_zh__mix_rel035_evt035,K5000_seed5_random__fuse_r0.3,train,fuse,5000,5,random,21,18,0.8571428571428571,0.3,0
SCOPE_all_zh__mix_rel035_evt035,K5000_seed5_coverage__fuse_r0.6,train,fuse,5000,5,coverage,21,14,0.6666666666666666,0.6,0
SCOPE_all_en__mix_rel036_evt036,K200_seed1_random__fuse_r0.6,train,fuse,200,1,random,37,16,0.43243243243243246,0.6,0
SCOPE_all_en__mix_rel036_evt036,K200_seed1_coverage__fuse_r0.3,train,fuse,200,1,coverage,37,29,0.7837837837837838,0.3,0
SCOPE_all_en__mix_rel036_evt036,K200_seed2_random__fuse_r0.3,train,fuse,200,2,random,37,27,0.7297297297297297,0.3,0
SCOPE_all_en__mix_rel036_evt036,K200_seed2_coverage__fuse_r0.6,train,fuse,200,2,coverage,37,19,0.5135135135135135,0.6,0
SCOPE_all_en__mix_rel036_evt036,K200_seed3_random__fuse_r0.3,train,fuse,200,3,random,37,27,0.7297297297297297,0.3,0
SCOPE_all_en__mix_rel036_evt036,K200_seed3_coverage__fuse_r0.6,train,fuse,200,3,coverage,37,19,0.5135135135135135,0.6,0
SCOPE_all_en__mix_rel036_evt036,K200_seed4_random__fuse_r0.6,train,fuse,200,4,random,37,18,0.4864864864864865,0.6,0
SCOPE_all_en__mix_rel036_evt036,K200_seed4_coverage__fuse_r0.6,train,fuse,200,4,coverage,37,19,0.5135135135135135,0.6,0
SCOPE_all_en__mix_rel036_evt036,K200_seed5_random__fuse_r0.3,train,fuse,200,5,random,37,27,0.7297297297297297,0.3,0
SCOPE_all_en__mix_rel036_evt036,K200_seed5_coverage__fuse_r0.3,train,fuse,200,5,coverage,37,29,0.7837837837837838,0.3,0
SCOPE_all_en__mix_rel036_evt036,K1000_seed1_random__fuse_r0.6,train,fuse,1000,1,random,37,19,0.5135135135135135,0.6,0
SCOPE_all_en__mix_rel036_evt036,K1000_seed1_coverage__fuse_r0.3,train,fuse,1000,1,coverage,37,29,0.7837837837837838,0.3,0
SCOPE_all_en__mix_rel036_evt036,K1000_seed2_random__fuse_r0.3,train,fuse,1000,2,random,37,29,0.7837837837837838,0.3,0
SCOPE_all_en__mix_rel036_evt036,K1000_seed2_coverage__fuse_r0.3,train,fuse,1000,2,coverage,37,29,0.7837837837837838,0.3,0
SCOPE_all_en__mix_rel036_evt036,K1000_seed3_random__fuse_r0.6,train,fuse,1000,3,random,37,19,0.5135135135135135,0.6,0
SCOPE_all_en__mix_rel036_evt036,K1000_seed3_coverage__fuse_r0.6,train,fuse,1000,3,coverage,37,19,0.5135135135135135,0.6,0
SCOPE_all_en__mix_rel036_evt036,K1000_seed4_random__fuse_r0.6,train,fuse,1000,4,random,37,19,0.5135135135135135,0.6,0
SCOPE_all_en__mix_rel036_evt036,K1000_seed4_coverage__fuse_r0.3,train,fuse,1000,4,coverage,37,29,0.7837837837837838,0.3,0
SCOPE_all_en__mix_rel036_evt036,K1000_seed5_random__fuse_r0.6,train,fuse,1000,5,random,37,19,0.5135135135135135,0.6,0
SCOPE_all_en__mix_rel036_evt036,K1000_seed5_coverage__fuse_r0.3,train,fuse,1000,5,coverage,37,29,0.7837837837837838,0.3,0
SCOPE_all_en__mix_rel036_evt036,K5000_seed1_random__fuse_r0.3,train,fuse,5000,1,random,37,29,0.7837837837837838,0.3,0
SCOPE_all_en__mix_rel036_evt036,K5000_seed1_coverage__fuse_r0.3,train,fuse,5000,1,coverage,37,29,0.7837837837837838,0.3,0
SCOPE_all_en__mix_rel036_evt036,K5000_seed2_random__fuse_r0.3,train,fuse,5000,2,random,37,29,0.7837837837837838,0.3,0
SCOPE_all_en__mix_rel036_evt036,K5000_seed2_coverage__fuse_r0.6,train,fuse,5000,2,coverage,37,19,0.5135135135135135,0.6,0
SCOPE_all_en__mix_rel036_evt036,K5000_seed3_random__fuse_r0.3,train,fuse,5000,3,random,37,29,0.7837837837837838,0.3,0
SCOPE_all_en__mix_rel036_evt036,K5000_seed3_coverage__fuse_r0.6,train,fuse,5000,3,coverage,37,19,0.5135135135135135,0.6,0
SCOPE_all_en__mix_rel036_evt036,K5000_seed4_random__fuse_r0.3,train,fuse,5000,4,random,37,29,0.7837837837837838,0.3,0
SCOPE_all_en__mix_rel036_evt036,K5000_seed4_coverage__fuse_r0.3,train,fuse,5000,4,coverage,37,29,0.7837837837837838,0.3,0
SCOPE_all_en__mix_rel036_evt036,K5000_seed5_random__fuse_r0.3,train,fuse,5000,5,random,37,29,0.7837837837837838,0.3,0
SCOPE_all_en__mix_rel036_evt036,K5000_seed5_coverage__fuse_r0.3,train,fuse,5000,5,coverage,37,29,0.7837837837837838,0.3,0
SCOPE_all_zh__mix_rel037_evt037,K200_seed1_random__fuse_r0.3,train,fuse,200,1,random,29,19,0.6551724137931034,0.3,0
SCOPE_all_zh__mix_rel037_evt037,K200_seed1_coverage__fuse_r0.6,train,fuse,200,1,coverage,29,18,0.6206896551724138,0.6,0
SCOPE_all_zh__mix_rel037_evt037,K200_seed2_random__fuse_r0.3,train,fuse,200,2,random,29,17,0.5862068965517241,0.3,0
SCOPE_all_zh__mix_rel037_evt037,K200_seed2_coverage__fuse_r0.3,train,fuse,200,2,coverage,29,25,0.8620689655172413,0.3,0
SCOPE_all_zh__mix_rel037_evt037,K200_seed3_random__fuse_r0.3,train,fuse,200,3,random,29,23,0.7931034482758621,0.3,0
SCOPE_all_zh__mix_rel037_evt037,K200_seed3_coverage__fuse_r0.6,train,fuse,200,3,coverage,29,18,0.6206896551724138,0.6,0
SCOPE_all_zh__mix_rel037_evt037,K200_seed4_random__fuse_r0.3,train,fuse,200,4,random,29,20,0.6896551724137931,0.3,0
SCOPE_all_zh__mix_rel037_evt037,K200_seed4_coverage__fuse_r0.3,train,fuse,200,4,coverage,29,25,0.8620689655172413,0.3,0
SCOPE_all_zh__mix_rel037_evt037,K200_seed5_random__fuse_r0.6,train,fuse,200,5,random,29,11,0.3793103448275862,0.6,0
SCOPE_all_zh__mix_rel037_evt037,K200_seed5_coverage__fuse_r0.3,train,fuse,200,5,coverage,29,25,0.8620689655172413,0.3,0
SCOPE_all_zh__mix_rel037_evt037,K1000_seed1_random__fuse_r0.3,train,fuse,1000,1,random,29,25,0.8620689655172413,0.3,0
SCOPE_all_zh__mix_rel037_evt037,K1000_seed1_coverage__fuse_r0.6,train,fuse,1000,1,coverage,29,18,0.6206896551724138,0.6,0
SCOPE_all_zh__mix_rel037_evt037,K1000_seed2_random__fuse_r0.3,train,fuse,1000,2,random,29,23,0.7931034482758621,0.3,0
SCOPE_all_zh__mix_rel037_evt037,K1000_seed2_coverage__fuse_r0.6,train,fuse,1000,2,coverage,29,18,0.6206896551724138,0.6,0
SCOPE_all_zh__mix_rel037_evt037,K1000_seed3_random__fuse_r0.6,train,fuse,1000,3,random,29,17,0.5862068965517241,0.6,0
SCOPE_all_zh__mix_rel037_evt037,K1000_seed3_coverage__fuse_r0.6,train,fuse,1000,3,coverage,29,18,0.6206896551724138,0.6,0
SCOPE_all_zh__mix_rel037_evt037,K1000_seed4_random__fuse_r0.6,train,fuse,1000,4,random,29,17,0.5862068965517241,0.6,0
SCOPE_all_zh__mix_rel037_evt037,K1000_seed4_coverage__fuse_r0.6,train,fuse,1000,4,coverage,29,18,0.6206896551724138,0.6,0
SCOPE_all_zh__mix_rel037_evt037,K1000_seed5_random__fuse_r0.6,train,fuse,1000,5,random,29,16,0.5517241379310345,0.6,0
SCOPE_all_zh__mix_rel037_evt037,K1000_seed5_coverage__fuse_r0.6,train,fuse,1000,5,coverage,29,18,0.6206896551724138,0.6,0
SCOPE_all_zh__mix_rel037_evt037,K5000_seed1_random__fuse_r0.3,train,fuse,5000,1,random,29,25,0.8620689655172413,0.3,0
SCOPE_all_zh__mix_rel037_evt037,K5000_seed1_coverage__fuse_r0.6,train,fuse,5000,1,coverage,29,18,0.6206896551724138,0.6,0
SCOPE_all_zh__mix_rel037_evt037,K5000_seed2_random__fuse_r0.3,train,fuse,5000,2,random,29,25,0.8620689655172413,0.3,0
SCOPE_all_zh__mix_rel037_evt037,K5000_seed2_coverage__fuse_r0.3,train,fuse,5000,2,coverage,29,25,0.8620689655172413,0.3,0
SCOPE_all_zh__mix_rel037_evt037,K5000_seed3_random__fuse_r0.3,train,fuse,5000,3,random,29,25,0.8620689655172413,0.3,0
SCOPE_all_zh__mix_rel037_evt037,K5000_seed3_coverage__fuse_r0.6,train,fuse,5000,3,coverage,29,18,0.6206896551724138,0.6,0
SCOPE_all_zh__mix_rel037_evt037,K5000_seed4_random__fuse_r0.6,train,fuse,5000,4,random,29,18,0.6206896551724138,0.6,0
SCOPE_all_zh__mix_rel037_evt037,K5000_seed4_coverage__fuse_r0.6,train,fuse,5000,4,coverage,29,18,0.6206896551724138,0.6,0
SCOPE_all_zh__mix_rel037_evt037,K5000_seed5_random__fuse_r0.6,train,fuse,5000,5,random,29,18,0.6206896551724138,0.6,0
SCOPE_all_zh__mix_rel037_evt037,K5000_seed5_coverage__fuse_r0.6,train,fuse,5000,5,coverage,29,18,0.6206896551724138,0.6,0
SCOPE_all_zh__mix_rel038_evt038,K200_seed1_random__fuse_r0.3,train,fuse,200,1,random,21,15,0.7142857142857143,0.3,0
SCOPE_all_zh__mix_rel038_evt038,K200_seed1_coverage__fuse_r0.3,train,fuse,200,1,coverage,21,16,0.7619047619047619,0.3,0
SCOPE_all_zh__mix_rel038_evt038,K200_seed2_random__fuse_r0.3,train,fuse,200,2,random,21,16,0.7619047619047619,0.3,0
SCOPE_all_zh__mix_rel038_evt038,K200_seed2_coverage__fuse_r0.3,train,fuse,200,2,coverage,21,16,0.7619047619047619,0.3,0
SCOPE_all_zh__mix_rel038_evt038,K200_seed3_random__fuse_r0.6,train,fuse,200,3,random,21,10,0.47619047619047616,0.6,0
SCOPE_all_zh__mix_rel038_evt038,K200_seed3_coverage__fuse_r0.3,train,fuse,200,3,coverage,21,16,0.7619047619047619,0.3,0
SCOPE_all_zh__mix_rel038_evt038,K200_seed4_random__fuse_r0.6,train,fuse,200,4,random,21,10,0.47619047619047616,0.6,0
SCOPE_all_zh__mix_rel038_evt038,K200_seed4_coverage__fuse_r0.3,train,fuse,200,4,coverage,21,16,0.7619047619047619,0.3,0
SCOPE_all_zh__mix_rel038_evt038,K200_seed5_random__fuse_r0.6,train,fuse,200,5,random,21,10,0.47619047619047616,0.6,0
SCOPE_all_zh__mix_rel038_evt038,K200_seed5_coverage__fuse_r0.3,train,fuse,200,5,coverage,21,16,0.7619047619047619,0.3,0
SCOPE_all_zh__mix_rel038_evt038,K1000_seed1_random__fuse_r0.3,train,fuse,1000,1,random,21,16,0.7619047619047619,0.3,0
SCOPE_all_zh__mix_rel038_evt038,K1000_seed1_coverage__fuse_r0.6,train,fuse,1000,1,coverage,21,10,0.47619047619047616,0.6,0
SCOPE_all_zh__mix_rel038_evt038,K1000_seed2_random__fuse_r0.3,train,fuse,1000,2,random,21,16,0.7619047619047619,0.3,0
SCOPE_all_zh__mix_rel038_evt038,K1000_seed2_coverage__fuse_r0.3,train,fuse,1000,2,coverage,21,16,0.7619047619047619,0.3,0
SCOPE_all_zh__mix_rel038_evt038,K1000_seed3_random__fuse_r0.6,train,fuse,1000,3,random,21,10,0.47619047619047616,0.6,0
SCOPE_all_zh__mix_rel038_evt038,K1000_seed3_coverage__fuse_r0.6,train,fuse,1000,3,coverage,21,10,0.47619047619047616,0.6,0
SCOPE_all_zh__mix_rel038_evt038,K1000_seed4_random__fuse_r0.3,train,fuse,1000,4,random,21,16,0.7619047619047619,0.3,0
SCOPE_all_zh__mix_rel038_evt038,K1000_seed4_coverage__fuse_r0.6,train,fuse,1000,4,coverage,21,10,0.47619047619047616,0.6,0
SCOPE_all_zh__mix_rel038_evt038,K1000_seed5_random__fuse_r0.6,train,fuse,1000,5,random,21,10,0.47619047619047616,0.6,0
SCOPE_all_zh__mix_rel038_evt038,K1000_seed5_coverage__fuse_r0.6,train,fuse,1000,5,coverage,21,10,0.47619047619047616,0.6,0
SCOPE_all_zh__mix_rel038_evt038,K5000_seed1_random__fuse_r0.3,train,fuse,5000,1,random,21,16,0.7619047619047619,0.3,0
SCOPE_all_zh__mix_rel038_evt038,K5000_seed1_coverage__fuse_r0.3,train,fuse,5000,1,coverage,21,16,0.7619047619047619,0.3,0
SCOPE_all_zh__mix_rel038_evt038,K5000_seed2_random__fuse_r0.6,train,fuse,5000,2,random,21,10,0.47619047619047616,0.6,0
SCOPE_all_zh__mix_rel038_evt038,K5000_seed2_coverage__fuse_r0.3,train,fuse,5000,2,coverage,21,16,0.7619047619047619,0.3,0
SCOPE_all_zh__mix_rel038_evt038,K5000_seed3_random__fuse_r0.6,train,fuse,5000,3,random,21,10,0.47619047619047616,0.6,0
SCOPE_all_zh__mix_rel038_evt038,K5000_seed3_coverage__fuse_r0.6,train,fuse,5000,3,coverage,21,10,0.47619047619047616,0.6,0
SCOPE_all_zh__mix_rel038_evt038,K5000_seed4_random__fuse_r0.3,train,fuse,5000,4,random,21,16,0.7619047619047619,0.3,0
SCOPE_all_zh__mix_rel038_evt038,K5000_seed4_coverage__fuse_r0.3,train,fuse,5000,4,coverage,21,16,0.7619047619047619,0.3,0
SCOPE_all_zh__mix_rel038_evt038,K5000_seed5_random__fuse_r0.6,train,fuse,5000,5,random,21,10,0.47619047619047616,0.6,0
SCOPE_all_zh__mix_rel038_evt038,K5000_seed5_coverage__fuse_r0.6,train,fuse,5000,5,coverage,21,10,0.47619047619047616,0.6,0
SCOPE_all_zh__mix_rel039_evt039,K200_seed1_random__fuse_r0.6,train,fuse,200,1,random,27,12,0.4444444444444444,0.6,0
SCOPE_all_zh__mix_rel039_evt039,K200_seed1_coverage__fuse_r0.3,train,fuse,200,1,coverage,27,21,0.7777777777777778,0.3,0
SCOPE_all_zh__mix_rel039_evt039,K200_seed2_random__fuse_r0.3,train,fuse,200,2,random,27,19,0.7037037037037037,0.3,0
SCOPE_all_zh__mix_rel039_evt039,K200_seed2_coverage__fuse_r0.3,train,fuse,200,2,coverage,27,21,0.7777777777777778,0.3,0
SCOPE_all_zh__mix_rel039_evt039,K200_seed3_random__fuse_r0.6,train,fuse,200,3,random,27,12,0.4444444444444444,0.6,0
SCOPE_all_zh__mix_rel039_evt039,K200_seed3_coverage__fuse_r0.6,train,fuse,200,3,coverage,27,13,0.48148148148148145,0.6,0
SCOPE_all_zh__mix_rel039_evt039,K200_seed4_random__fuse_r0.3,train,fuse,200,4,random,27,21,0.7777777777777778,0.3,0
SCOPE_all_zh__mix_rel039_evt039,K200_seed4_coverage__fuse_r0.3,train,fuse,200,4,coverage,27,21,0.7777777777777778,0.3,0
SCOPE_all_zh__mix_rel039_evt039,K200_seed5_random__fuse_r0.6,train,fuse,200,5,random,27,13,0.48148148148148145,0.6,0
SCOPE_all_zh__mix_rel039_evt039,K200_seed5_coverage__fuse_r0.6,train,fuse,200,5,coverage,27,13,0.48148148148148145,0.6,0
SCOPE_all_zh__mix_rel039_evt039,K1000_seed1_random__fuse_r0.6,train,fuse,1000,1,random,27,13,0.48148148148148145,0.6,0
SCOPE_all_zh__mix_rel039_evt039,K1000_seed1_coverage__fuse_r0.6,train,fuse,1000,1,coverage,27,13,0.48148148148148145,0.6,0
SCOPE_all_zh__mix_rel039_evt039,K1000_seed2_random__fuse_r0.6,train,fuse,1000,2,random,27,13,0.48148148148148145,0.6,0
SCOPE_all_zh__mix_rel039_evt039,K1000_seed2_coverage__fuse_r0.3,train,fuse,1000,2,coverage,27,21,0.7777777777777778,0.3,0
SCOPE_all_zh__mix_rel039_evt039,K1000_seed3_random__fuse_r0.6,train,fuse,1000,3,random,27,13,0.48148148148148145,0.6,0
SCOPE_all_zh__mix_rel039_evt039,K1000_seed3_coverage__fuse_r0.6,train,fuse,1000,3,coverage,27,13,0.48148148148148145,0.6,0
SCOPE_all_zh__mix_rel039_evt039,K1000_seed4_random__fuse_r0.3,train,fuse,1000,4,random,27,21,0.7777777777777778,0.3,0
SCOPE_all_zh__mix_rel039_evt039,K1000_seed4_coverage__fuse_r0.6,train,fuse,1000,4,coverage,27,13,0.48148148148148145,0.6,0
SCOPE_all_zh__mix_rel039_evt039,K1000_seed5_random__fuse_r0.3,train,fuse,1000,5,random,27,21,0.7777777777777778,0.3,0
SCOPE_all_zh__mix_rel039_evt039,K1000_seed5_coverage__fuse_r0.3,train,fuse,1000,5,coverage,27,21,0.7777777777777778,0.3,0
SCOPE_all_zh__mix_rel039_evt039,K5000_seed1_random__fuse_r0.6,train,fuse,5000,1,random,27,13,0.48148148148148145,0.6,0
SCOPE_all_zh__mix_rel039_evt039,K5000_seed1_coverage__fuse_r0.3,train,fuse,5000,1,coverage,27,21,0.7777777777777778,0.3,0
SCOPE_all_zh__mix_rel039_evt039,K5000_seed2_random__fuse_r0.3,train,fuse,5000,2,random,27,21,0.7777777777777778,0.3,0
SCOPE_all_zh__mix_rel039_evt039,K5000_seed2_coverage__fuse_r0.6,train,fuse,5000,2,coverage,27,13,0.48148148148148145,0.6,0
SCOPE_all_zh__mix_rel039_evt039,K5000_seed3_random__fuse_r0.6,train,fuse,5000,3,random,27,13,0.48148148148148145,0.6,0
SCOPE_all_zh__mix_rel039_evt039,K5000_seed3_coverage__fuse_r0.6,train,fuse,5000,3,coverage,27,13,0.48148148148148145,0.6,0
SCOPE_all_zh__mix_rel039_evt039,K5000_seed4_random__fuse_r0.6,train,fuse,5000,4,random,27,13,0.48148148148148145,0.6,0
SCOPE_all_zh__mix_rel039_evt039,K5000_seed4_coverage__fuse_r0.3,train,fuse,5000,4,coverage,27,21,0.7777777777777778,0.3,0
SCOPE_all_zh__mix_rel039_evt039,K5000_seed5_random__fuse_r0.6,train,fuse,5000,5,random,27,13,0.48148148148148145,0.6,0
SCOPE_all_zh__mix_rel039_evt039,K5000_seed5_coverage__fuse_r0.6,train,fuse,5000,5,coverage,27,13,0.48148148148148145,0.6,0
SCOPE_all_zh__mix_rel040_evt040,K200_seed1_random__fuse_r0.3,train,fuse,200,1,random,30,22,0.7333333333333333,0.3,0
SCOPE_all_zh__mix_rel040_evt040,K200_seed1_coverage__fuse_r0.6,train,fuse,200,1,coverage,30,18,0.6,0.6,0
SCOPE_all_zh__mix_rel040_evt040,K200_seed2_random__fuse_r0.3,train,fuse,200,2,random,30,24,0.8,0.3,0
SCOPE_all_zh__mix_rel040_evt040,K200_seed2_coverage__fuse_r0.6,train,fuse,200,2,coverage,30,18,0.6,0.6,0
SCOPE_all_zh__mix_rel040_evt040,K200_seed3_random__fuse_r0.3,train,fuse,200,3,random,30,16,0.5333333333333333,0.3,0
SCOPE_all_zh__mix_rel040_evt040,K200_seed3_coverage__fuse_r0.3,train,fuse,200,3,coverage,30,25,0.8333333333333334,0.3,0
SCOPE_all_zh__mix_rel040_evt040,K200_seed4_random__fuse_r0.3,train,fuse,200,4,random,30,16,0.5333333333333333,0.3,0
SCOPE_all_zh__mix_rel040_evt040,K200_seed4_coverage__fuse_r0.3,train,fuse,200,4,coverage,30,25,0.8333333333333334,0.3,0
SCOPE_all_zh__mix_rel040_evt040,K200_seed5_random__fuse_r0.3,train,fuse,200,5,random,30,20,0.6666666666666666,0.3,0
SCOPE_all_zh__mix_rel040_evt040,K200_seed5_coverage__fuse_r0.6,train,fuse,200,5,coverage,30,18,0.6,0.6,0
SCOPE_all_zh__mix_rel040_evt040,K1000_seed1_random__fuse_r0.6,train,fuse,1000,1,random,30,17,0.5666666666666667,0.6,0
SCOPE_all_zh__mix_rel040_evt040,K1000_seed1_coverage__fuse_r0.3,train,fuse,1000,1,coverage,30,25,0.8333333333333334,0.3,0
SCOPE_all_zh__mix_rel040_evt040,K1000_seed2_random__fuse_r0.6,train,fuse,1000,2,random,30,17,0.5666666666666667,0.6,0
SCOPE_all_zh__mix_rel040_evt040,K1000_seed2_coverage__fuse_r0.3,train,fuse,1000,2,coverage,30,25,0.8333333333333334,0.3,0
SCOPE_all_zh__mix_rel040_evt040,K1000_seed3_random__fuse_r0.6,train,fuse,1000,3,random,30,18,0.6,0.6,0
SCOPE_all_zh__mix_rel040_evt040,K1000_seed3_coverage__fuse_r0.6,train,fuse,1000,3,coverage,30,18,0.6,0.6,0
SCOPE_all_zh__mix_rel040_evt040,K1000_seed4_random__fuse_r0.6,train,fuse,1000,4,random,30,15,0.5,0.6,0
SCOPE_all_zh__mix_rel040_evt040,K1000_seed4_coverage__fuse_r0.6,train,fuse,1000,4,coverage,30,18,0.6,0.6,0
SCOPE_all_zh__mix_rel040_evt040,K1000_seed5_random__fuse_r0.3,train,fuse,1000,5,random,30,23,0.7666666666666667,0.3,0
SCOPE_all_zh__mix_rel040_evt040,K1000_seed5_coverage__fuse_r0.3,train,fuse,1000,5,coverage,30,25,0.8333333333333334,0.3,0
SCOPE_all_zh__mix_rel040_evt040,K5000_seed1_random__fuse_r0.6,train,fuse,5000,1,random,30,18,0.6,0.6,0
SCOPE_all_zh__mix_rel040_evt040,K5000_seed1_coverage__fuse_r0.3,train,fuse,5000,1,coverage,30,25,0.8333333333333334,0.3,0
SCOPE_all_zh__mix_rel040_evt040,K5000_seed2_random__fuse_r0.6,train,fuse,5000,2,random,30,17,0.5666666666666667,0.6,0
SCOPE_all_zh__mix_rel040_evt040,K5000_seed2_coverage__fuse_r0.6,train,fuse,5000,2,coverage,30,18,0.6,0.6,0
SCOPE_all_zh__mix_rel040_evt040,K5000_seed3_random__fuse_r0.3,train,fuse,5000,3,random,30,25,0.8333333333333334,0.3,0
SCOPE_all_zh__mix_rel040_evt040,K5000_seed3_coverage__fuse_r0.3,train,fuse,5000,3,coverage,30,25,0.8333333333333334,0.3,0
SCOPE_all_zh__mix_rel040_evt040,K5000_seed4_random__fuse_r0.3,train,fuse,5000,4,random,30,25,0.8333333333333334,0.3,0
SCOPE_all_zh__mix_rel040_evt040,K5000_seed4_coverage__fuse_r0.3,train,fuse,5000,4,coverage,30,25,0.8333333333333334,0.3,0
SCOPE_all_zh__mix_rel040_evt040,K5000_seed5_random__fuse_r0.6,train,fuse,5000,5,random,30,17,0.5666666666666667,0.6,0
SCOPE_all_zh__mix_rel040_evt040,K5000_seed5_coverage__fuse_r0.6,train,fuse,5000,5,coverage,30,18,0.6,0.6,0
SCOPE_all_zh__mix_rel041_evt041,K200_seed1_random__fuse_r0.3,train,fuse,200,1,random,21,18,0.8571428571428571,0.3,0
SCOPE_all_zh__mix_rel041_evt041,K200_seed1_coverage__fuse_r0.3,train,fuse,200,1,coverage,21,18,0.8571428571428571,0.3,0
SCOPE_all_zh__mix_rel041_evt041,K200_seed2_random__fuse_r0.6,train,fuse,200,2,random,21,12,0.5714285714285714,0.6,0
SCOPE_all_zh__mix_rel041_evt041,K200_seed2_coverage__fuse_r0.3,train,fuse,200,2,coverage,21,18,0.8571428571428571,0.3,0
SCOPE_all_zh__mix_rel041_evt041,K200_seed3_random__fuse_r0.3,train,fuse,200,3,random,21,14,0.6666666666666666,0.3,0
SCOPE_all_zh__mix_rel041_evt041,K200_seed3_coverage__fuse_r0.3,train,fuse,200,3,coverage,21,18,0.8571428571428571,0.3,0
SCOPE_all_zh__mix_rel041_evt041,K200_seed4_random__fuse_r0.3,train,fuse,200,4,random,21,13,0.6190476190476191,0.3,0
SCOPE_all_zh__mix_rel041_evt041,K200_seed4_coverage__fuse_r0.6,train,fuse,200,4,coverage,21,14,0.6666666666666666,0.6,0
SCOPE_all_zh__mix_rel041_evt041,K200_seed5_random__fuse_r0.6,train,fuse,200,5,random,21,10,0.47619047619047616,0.6,0
SCOPE_all_zh__mix_rel041_evt041,K200_seed5_coverage__fuse_r0.3,train,fuse,200,5,coverage,21,18,0.8571428571428571,0.3,0
SCOPE_all_zh__mix_rel041_evt041,K1000_seed1_random__fuse_r0.6,train,fuse,1000,1,random,21,14,0.6666666666666666,0.6,0
SCOPE_all_zh__mix_rel041_evt041,K1000_seed1_coverage__fuse_r0.3,train,fuse,1000,1,coverage,21,18,0.8571428571428571,0.3,0
SCOPE_all_zh__mix_rel041_evt041,K1000_seed2_random__fuse_r0.6,train,fuse,1000,2,random,21,14,0.6666666666666666,0.6,0
SCOPE_all_zh__mix_rel041_evt041,K1000_seed2_coverage__fuse_r0.6,train,fuse,1000,2,coverage,21,14,0.6666666666666666,0.6,0
SCOPE_all_zh__mix_rel041_evt041,K1000_seed3_random__fuse_r0.6,train,fuse,1000,3,random,21,13,0.6190476190476191,0.6,0
SCOPE_all_zh__mix_rel041_evt041,K1000_seed3_coverage__fuse_r0.3,train,fuse,1000,3,coverage,21,18,0.8571428571428571,0.3,0
SCOPE_all_zh__mix_rel041_evt041,K1000_seed4_random__fuse_r0.6,train,fuse,1000,4,random,21,14,0.6666666666666666,0.6,0
SCOPE_all_zh__mix_rel041_evt041,K1000_seed4_coverage__fuse_r0.3,train,fuse,1000,4,coverage,21,18,0.8571428571428571,0.3,0
SCOPE_all_zh__mix_rel041_evt041,K1000_seed5_random__fuse_r0.6,train,fuse,1000,5,random,21,13,0.6190476190476191,0.6,0
SCOPE_all_zh__mix_rel041_evt041,K1000_seed5_coverage__fuse_r0.3,train,fuse,1000,5,coverage,21,18,0.8571428571428571,0.3,0
SCOPE_all_zh__mix_rel041_evt041,K5000_seed1_random__fuse_r0.6,train,fuse,5000,1,random,21,14,0.6666666666666666,0.6,0
SCOPE_all_zh__mix_rel041_evt041,K5000_seed1_coverage__fuse_r0.3,train,fuse,5000,1,coverage,21,18,0.8571428571428571,0.3,0
SCOPE_all_zh__mix_rel041_evt041,K5000_seed2_random__fuse_r0.3,train,fuse,5000,2,random,21,18,0.8571428571428571,0.3,0
SCOPE_all_zh__mix_rel041_evt041,K5000_seed2_coverage__fuse_r0.6,train,fuse,5000,2,coverage,21,14,0.6666666666666666,0.6,0
SCOPE_all_zh__mix_rel041_evt041,K5000_seed3_random__fuse_r0.6,train,fuse,5000,3,random,21,14,0.6666666666666666,0.6,0
SCOPE_all_zh__mix_rel041_evt041,K5000_seed3_coverage__fuse_r0.3,train,fuse,5000,3,coverage,21,18,0.8571428571428571,0.3,0
SCOPE_all_zh__mix_rel041_evt041,K5000_seed4_random__fuse_r0.3,train,fuse,5000,4,random,21,18,0.8571428571428571,0.3,0
SCOPE_all_zh__mix_rel041_evt041,K5000_seed4_coverage__fuse_r0.3,train,fuse,5000,4,coverage,21,18,0.8571428571428571,0.3,0
SCOPE_all_zh__mix_rel041_evt041,K5000_seed5_random__fuse_r0.3,train,fuse,5000,5,random,21,18,0.8571428571428571,0.3,0
SCOPE_all_zh__mix_rel041_evt041,K5000_seed5_coverage__fuse_r0.3,train,fuse,5000,5,coverage,21,18,0.8571428571428571,0.3,0
SCOPE_all_zh__mix_rel042_evt042,K200_seed1_random__fuse_r0.6,train,fuse,200,1,random,10,9,0.9,0.6,0
SCOPE_all_zh__mix_rel042_evt042,K200_seed1_coverage__fuse_r0.6,train,fuse,200,1,coverage,10,9,0.9,0.6,0
SCOPE_all_zh__mix_rel042_evt042,K200_seed2_random__fuse_r0.3,train,fuse,200,2,random,10,10,1.0,0.3,0
SCOPE_all_zh__mix_rel042_evt042,K200_seed2_coverage__fuse_r0.3,train,fuse,200,2,coverage,10,10,1.0,0.3,0
SCOPE_all_zh__mix_rel042_evt042,K200_seed3_random__fuse_r0.6,train,fuse,200,3,random,10,9,0.9,0.6,0
SCOPE_all_zh__mix_rel042_evt042,K200_seed3_coverage__fuse_r0.3,train,fuse,200,3,coverage,10,10,1.0,0.3,0
SCOPE_all_zh__mix_rel042_evt042,K200_seed4_random__fuse_r0.6,train,fuse,200,4,random,10,9,0.9,0.6,0
SCOPE_all_zh__mix_rel042_evt042,K200_seed4_coverage__fuse_r0.6,train,fuse,200,4,coverage,10,9,0.9,0.6,0
SCOPE_all_zh__mix_rel042_evt042,K200_seed5_random__fuse_r0.6,train,fuse,200,5,random,10,9,0.9,0.6,0
SCOPE_all_zh__mix_rel042_evt042,K200_seed5_coverage__fuse_r0.3,train,fuse,200,5,coverage,10,10,1.0,0.3,0
SCOPE_all_zh__mix_rel042_evt042,K1000_seed1_random__fuse_r0.6,train,fuse,1000,1,random,10,9,0.9,0.6,0
SCOPE_all_zh__mix_rel042_evt042,K1000_seed1_coverage__fuse_r0.6,train,fuse,1000,1,coverage,10,9,0.9,0.6,0
SCOPE_all_zh__mix_rel042_evt042,K1000_seed2_random__fuse_r0.6,train,fuse,1000,2,random,10,9,0.9,0.6,0
SCOPE_all_zh__mix_rel042_evt042,K1000_seed2_coverage__fuse_r0.3,train,fuse,1000,2,coverage,10,10,1.0,0.3,0
SCOPE_all_zh__mix_rel042_evt042,K1000_seed3_random__fuse_r0.3,train,fuse,1000,3,random,10,10,1.0,0.3,0
SCOPE_all_zh__mix_rel042_evt042,K1000_seed3_coverage__fuse_r0.6,train,fuse,1000,3,coverage,10,9,0.9,0.6,0
SCOPE_all_zh__mix_rel042_evt042,K1000_seed4_random__fuse_r0.6,train,fuse,1000,4,random,10,9,0.9,0.6,0
SCOPE_all_zh__mix_rel042_evt042,K1000_seed4_coverage__fuse_r0.6,train,fuse,1000,4,coverage,10,9,0.9,0.6,0
SCOPE_all_zh__mix_rel042_evt042,K1000_seed5_random__fuse_r0.6,train,fuse,1000,5,random,10,9,0.9,0.6,0
SCOPE_all_zh__mix_rel042_evt042,K1000_seed5_coverage__fuse_r0.6,train,fuse,1000,5,coverage,10,9,0.9,0.6,0
SCOPE_all_zh__mix_rel042_evt042,K5000_seed1_random__fuse_r0.6,train,fuse,5000,1,random,10,9,0.9,0.6,0
SCOPE_all_zh__mix_rel042_evt042,K5000_seed1_coverage__fuse_r0.3,train,fuse,5000,1,coverage,10,10,1.0,0.3,0
SCOPE_all_zh__mix_rel042_evt042,K5000_seed2_random__fuse_r0.3,train,fuse,5000,2,random,10,10,1.0,0.3,0
SCOPE_all_zh__mix_rel042_evt042,K5000_seed2_coverage__fuse_r0.3,train,fuse,5000,2,coverage,10,10,1.0,0.3,0
SCOPE_all_zh__mix_rel042_evt042,K5000_seed3_random__fuse_r0.3,train,fuse,5000,3,random,10,10,1.0,0.3,0
SCOPE_all_zh__mix_rel042_evt042,K5000_seed3_coverage__fuse_r0.6,train,fuse,5000,3,coverage,10,9,0.9,0.6,0
SCOPE_all_zh__mix_rel042_evt042,K5000_seed4_random__fuse_r0.3,train,fuse,5000,4,random,10,10,1.0,0.3,0
SCOPE_all_zh__mix_rel042_evt042,K5000_seed4_coverage__fuse_r0.6,train,fuse,5000,4,coverage,10,9,0.9,0.6,0
SCOPE_all_zh__mix_rel042_evt042,K5000_seed5_random__fuse_r0.3,train,fuse,5000,5,random,10,10,1.0,0.3,0
SCOPE_all_zh__mix_rel042_evt042,K5000_seed5_coverage__fuse_r0.6,train,fuse,5000,5,coverage,10,9,0.9,0.6,0
SCOPE_all_zh__mix_rel043_evt043,K200_seed1_random__fuse_r0.6,train,fuse,200,1,random,24,13,0.5416666666666666,0.6,0
SCOPE_all_zh__mix_rel043_evt043,K200_seed1_coverage__fuse_r0.6,train,fuse,200,1,coverage,24,15,0.625,0.6,0
SCOPE_all_zh__mix_rel043_evt043,K200_seed2_random__fuse_r0.3,train,fuse,200,2,random,24,17,0.7083333333333334,0.3,0
SCOPE_all_zh__mix_rel043_evt043,K200_seed2_coverage__fuse_r0.6,train,fuse,200,2,coverage,24,15,0.625,0.6,0
SCOPE_all_zh__mix_rel043_evt043,K200_seed3_random__fuse_r0.6,train,fuse,200,3,random,24,12,0.5,0.6,0
SCOPE_all_zh__mix_rel043_evt043,K200_seed3_coverage__fuse_r0.6,train,fuse,200,3,coverage,24,15,0.625,0.6,0
SCOPE_all_zh__mix_rel043_evt043,K200_seed4_random__fuse_r0.3,train,fuse,200,4,random,24,17,0.7083333333333334,0.3,0
SCOPE_all_zh__mix_rel043_evt043,K200_seed4_coverage__fuse_r0.3,train,fuse,200,4,coverage,24,20,0.8333333333333334,0.3,0
SCOPE_all_zh__mix_rel043_evt043,K200_seed5_random__fuse_r0.3,train,fuse,200,5,random,24,17,0.7083333333333334,0.3,0
SCOPE_all_zh__mix_rel043_evt043,K200_seed5_coverage__fuse_r0.3,train,fuse,200,5,coverage,24,20,0.8333333333333334,0.3,0
SCOPE_all_zh__mix_rel043_evt043,K1000_seed1_random__fuse_r0.3,train,fuse,1000,1,random,24,20,0.8333333333333334,0.3,0
SCOPE_all_zh__mix_rel043_evt043,K1000_seed1_coverage__fuse_r0.6,train,fuse,1000,1,coverage,24,15,0.625,0.6,0
SCOPE_all_zh__mix_rel043_evt043,K1000_seed2_random__fuse_r0.6,train,fuse,1000,2,random,24,14,0.5833333333333334,0.6,0
SCOPE_all_zh__mix_rel043_evt043,K1000_seed2_coverage__fuse_r0.3,train,fuse,1000,2,coverage,24,20,0.8333333333333334,0.3,0
SCOPE_all_zh__mix_rel043_evt043,K1000_seed3_random__fuse_r0.3,train,fuse,1000,3,random,24,17,0.7083333333333334,0.3,0
SCOPE_all_zh__mix_rel043_evt043,K1000_seed3_coverage__fuse_r0.6,train,fuse,1000,3,coverage,24,15,0.625,0.6,0
SCOPE_all_zh__mix_rel043_evt043,K1000_seed4_random__fuse_r0.3,train,fuse,1000,4,random,24,19,0.7916666666666666,0.3,0
SCOPE_all_zh__mix_rel043_evt043,K1000_seed4_coverage__fuse_r0.6,train,fuse,1000,4,coverage,24,15,0.625,0.6,0
SCOPE_all_zh__mix_rel043_evt043,K1000_seed5_random__fuse_r0.6,train,fuse,1000,5,random,24,14,0.5833333333333334,0.6,0
SCOPE_all_zh__mix_rel043_evt043,K1000_seed5_coverage__fuse_r0.6,train,fuse,1000,5,coverage,24,15,0.625,0.6,0
SCOPE_all_zh__mix_rel043_evt043,K5000_seed1_random__fuse_r0.6,train,fuse,5000,1,random,24,15,0.625,0.6,0
SCOPE_all_zh__mix_rel043_evt043,K5000_seed1_coverage__fuse_r0.3,train,fuse,5000,1,coverage,24,20,0.8333333333333334,0.3,0
SCOPE_all_zh__mix_rel043_evt043,K5000_seed2_random__fuse_r0.3,train,fuse,5000,2,random,24,19,0.7916666666666666,0.3,0
SCOPE_all_zh__mix_rel043_evt043,K5000_seed2_coverage__fuse_r0.3,train,fuse,5000,2,coverage,24,20,0.8333333333333334,0.3,0
SCOPE_all_zh__mix_rel043_evt043,K5000_seed3_random__fuse_r0.6,train,fuse,5000,3,random,24,15,0.625,0.6,0
SCOPE_all_zh__mix_rel043_evt043,K5000_seed3_coverage__fuse_r0.6,train,fuse,5000,3,coverage,24,15,0.625,0.6,0
SCOPE_all_zh__mix_rel043_evt043,K5000_seed4_random__fuse_r0.6,train,fuse,5000,4,random,24,15,0.625,0.6,0
SCOPE_all_zh__mix_rel043_evt043,K5000_seed4_coverage__fuse_r0.6,train,fuse,5000,4,coverage,24,15,0.625,0.6,0
SCOPE_all_zh__mix_rel043_evt043,K5000_seed5_random__fuse_r0.6,train,fuse,5000,5,random,24,15,0.625,0.6,0
SCOPE_all_zh__mix_rel043_evt043,K5000_seed5_coverage__fuse_r0.3,train,fuse,5000,5,coverage,24,20,0.8333333333333334,0.3,0
SCOPE_all_zh__mix_rel044_evt044,K200_seed1_random__fuse_r0.3,train,fuse,200,1,random,23,19,0.8260869565217391,0.3,0
SCOPE_all_zh__mix_rel044_evt044,K200_seed1_coverage__fuse_r0.6,train,fuse,200,1,coverage,23,15,0.6521739130434783,0.6,0
SCOPE_all_zh__mix_rel044_evt044,K200_seed2_random__fuse_r0.3,train,fuse,200,2,random,23,19,0.8260869565217391,0.3,0
SCOPE_all_zh__mix_rel044_evt044,K200_seed2_coverage__fuse_r0.6,train,fuse,200,2,coverage,23,15,0.6521739130434783,0.6,0
SCOPE_all_zh__mix_rel044_evt044,K200_seed3_random__fuse_r0.3,train,fuse,200,3,random,23,19,0.8260869565217391,0.3,0
SCOPE_all_zh__mix_rel044_evt044,K200_seed3_coverage__fuse_r0.3,train,fuse,200,3,coverage,23,20,0.8695652173913043,0.3,0
SCOPE_all_zh__mix_rel044_evt044,K200_seed4_random__fuse_r0.6,train,fuse,200,4,random,23,15,0.6521739130434783,0.6,0
SCOPE_all_zh__mix_rel044_evt044,K200_seed4_coverage__fuse_r0.3,train,fuse,200,4,coverage,23,20,0.8695652173913043,0.3,0
SCOPE_all_zh__mix_rel044_evt044,K200_seed5_random__fuse_r0.3,train,fuse,200,5,random,23,20,0.8695652173913043,0.3,0
SCOPE_all_zh__mix_rel044_evt044,K200_seed5_coverage__fuse_r0.3,train,fuse,200,5,coverage,23,20,0.8695652173913043,0.3,0
SCOPE_all_zh__mix_rel044_evt044,K1000_seed1_random__fuse_r0.6,train,fuse,1000,1,random,23,15,0.6521739130434783,0.6,0
SCOPE_all_zh__mix_rel044_evt044,K1000_seed1_coverage__fuse_r0.6,train,fuse,1000,1,coverage,23,15,0.6521739130434783,0.6,0
SCOPE_all_zh__mix_rel044_evt044,K1000_seed2_random__fuse_r0.3,train,fuse,1000,2,random,23,19,0.8260869565217391,0.3,0
SCOPE_all_zh__mix_rel044_evt044,K1000_seed2_coverage__fuse_r0.3,train,fuse,1000,2,coverage,23,20,0.8695652173913043,0.3,0
SCOPE_all_zh__mix_rel044_evt044,K1000_seed3_random__fuse_r0.6,train,fuse,1000,3,random,23,15,0.6521739130434783,0.6,0
SCOPE_all_zh__mix_rel044_evt044,K1000_seed3_coverage__fuse_r0.3,train,fuse,1000,3,coverage,23,20,0.8695652173913043,0.3,0
SCOPE_all_zh__mix_rel044_evt044,K1000_seed4_random__fuse_r0.3,train,fuse,1000,4,random,23,20,0.8695652173913043,0.3,0
SCOPE_all_zh__mix_rel044_evt044,K1000_seed4_coverage__fuse_r0.6,train,fuse,1000,4,coverage,23,15,0.6521739130434783,0.6,0
SCOPE_all_zh__mix_rel044_evt044,K1000_seed5_random__fuse_r0.3,train,fuse,1000,5,random,23,20,0.8695652173913043,0.3,0
SCOPE_all_zh__mix_rel044_evt044,K1000_seed5_coverage__fuse_r0.6,train,fuse,1000,5,coverage,23,15,0.6521739130434783,0.6,0
SCOPE_all_zh__mix_rel044_evt044,K5000_seed1_random__fuse_r0.3,train,fuse,5000,1,random,23,20,0.8695652173913043,0.3,0
SCOPE_all_zh__mix_rel044_evt044,K5000_seed1_coverage__fuse_r0.6,train,fuse,5000,1,coverage,23,15,0.6521739130434783,0.6,0
SCOPE_all_zh__mix_rel044_evt044,K5000_seed2_random__fuse_r0.6,train,fuse,5000,2,random,23,15,0.6521739130434783,0.6,0
SCOPE_all_zh__mix_rel044_evt044,K5000_seed2_coverage__fuse_r0.6,train,fuse,5000,2,coverage,23,15,0.6521739130434783,0.6,0
SCOPE_all_zh__mix_rel044_evt044,K5000_seed3_random__fuse_r0.3,train,fuse,5000,3,random,23,20,0.8695652173913043,0.3,0
SCOPE_all_zh__mix_rel044_evt044,K5000_seed3_coverage__fuse_r0.3,train,fuse,5000,3,coverage,23,20,0.8695652173913043,0.3,0
SCOPE_all_zh__mix_rel044_evt044,K5000_seed4_random__fuse_r0.6,train,fuse,5000,4,random,23,15,0.6521739130434783,0.6,0
SCOPE_all_zh__mix_rel044_evt044,K5000_seed4_coverage__fuse_r0.6,train,fuse,5000,4,coverage,23,15,0.6521739130434783,0.6,0
SCOPE_all_zh__mix_rel044_evt044,K5000_seed5_random__fuse_r0.6,train,fuse,5000,5,random,23,15,0.6521739130434783,0.6,0
SCOPE_all_zh__mix_rel044_evt044,K5000_seed5_coverage__fuse_r0.3,train,fuse,5000,5,coverage,23,20,0.8695652173913043,0.3,0
SCOPE_all_zh__mix_rel045_evt045,K200_seed1_random__fuse_r0.3,train,fuse,200,1,random,23,16,0.6956521739130435,0.3,0
SCOPE_all_zh__mix_rel045_evt045,K200_seed1_coverage__fuse_r0.6,train,fuse,200,1,coverage,23,15,0.6521739130434783,0.6,0
SCOPE_all_zh__mix_rel045_evt045,K200_seed2_random__fuse_r0.3,train,fuse,200,2,random,23,15,0.6521739130434783,0.3,0
SCOPE_all_zh__mix_rel045_evt045,K200_seed2_coverage__fuse_r0.3,train,fuse,200,2,coverage,23,20,0.8695652173913043,0.3,0
SCOPE_all_zh__mix_rel045_evt045,K200_seed3_random__fuse_r0.3,train,fuse,200,3,random,23,17,0.7391304347826086,0.3,0
SCOPE_all_zh__mix_rel045_evt045,K200_seed3_coverage__fuse_r0.3,train,fuse,200,3,coverage,23,20,0.8695652173913043,0.3,0
SCOPE_all_zh__mix_rel045_evt045,K200_seed4_random__fuse_r0.6,train,fuse,200,4,random,23,12,0.5217391304347826,0.6,0
SCOPE_all_zh__mix_rel045_evt045,K200_seed4_coverage__fuse_r0.3,train,fuse,200,4,coverage,23,20,0.8695652173913043,0.3,0
SCOPE_all_zh__mix_rel045_evt045,K200_seed5_random__fuse_r0.6,train,fuse,200,5,random,23,11,0.4782608695652174,0.6,0
SCOPE_all_zh__mix_rel045_evt045,K200_seed5_coverage__fuse_r0.3,train,fuse,200,5,coverage,23,20,0.8695652173913043,0.3,0
SCOPE_all_zh__mix_rel045_evt045,K1000_seed1_random__fuse_r0.6,train,fuse,1000,1,random,23,14,0.6086956521739131,0.6,0
SCOPE_all_zh__mix_rel045_evt045,K1000_seed1_coverage__fuse_r0.3,train,fuse,1000,1,coverage,23,20,0.8695652173913043,0.3,0
SCOPE_all_zh__mix_rel045_evt045,K1000_seed2_random__fuse_r0.6,train,fuse,1000,2,random,23,14,0.6086956521739131,0.6,0
SCOPE_all_zh__mix_rel045_evt045,K1000_seed2_coverage__fuse_r0.6,train,fuse,1000,2,coverage,23,15,0.6521739130434783,0.6,0
SCOPE_all_zh__mix_rel045_evt045,K1000_seed3_random__fuse_r0.6,train,fuse,1000,3,random,23,13,0.5652173913043478,0.6,0
SCOPE_all_zh__mix_rel045_evt045,K1000_seed3_coverage__fuse_r0.6,train,fuse,1000,3,coverage,23,15,0.6521739130434783,0.6,0
SCOPE_all_zh__mix_rel045_evt045,K1000_seed4_random__fuse_r0.3,train,fuse,1000,4,random,23,18,0.782608695652174,0.3,0
SCOPE_all_zh__mix_rel045_evt045,K1000_seed4_coverage__fuse_r0.6,train,fuse,1000,4,coverage,23,15,0.6521739130434783,0.6,0
SCOPE_all_zh__mix_rel045_evt045,K1000_seed5_random__fuse_r0.6,train,fuse,1000,5,random,23,15,0.6521739130434783,0.6,0
SCOPE_all_zh__mix_rel045_evt045,K1000_seed5_coverage__fuse_r0.6,train,fuse,1000,5,coverage,23,15,0.6521739130434783,0.6,0
SCOPE_all_zh__mix_rel045_evt045,K5000_seed1_random__fuse_r0.3,train,fuse,5000,1,random,23,20,0.8695652173913043,0.3,0
SCOPE_all_zh__mix_rel045_evt045,K5000_seed1_coverage__fuse_r0.3,train,fuse,5000,1,coverage,23,20,0.8695652173913043,0.3,0
SCOPE_all_zh__mix_rel045_evt045,K5000_seed2_random__fuse_r0.6,train,fuse,5000,2,random,23,15,0.6521739130434783,0.6,0
SCOPE_all_zh__mix_rel045_evt045,K5000_seed2_coverage__fuse_r0.6,train,fuse,5000,2,coverage,23,15,0.6521739130434783,0.6,0
SCOPE_all_zh__mix_rel045_evt045,K5000_seed3_random__fuse_r0.6,train,fuse,5000,3,random,23,14,0.6086956521739131,0.6,0
SCOPE_all_zh__mix_rel045_evt045,K5000_seed3_coverage__fuse_r0.6,train,fuse,5000,3,coverage,23,15,0.6521739130434783,0.6,0
SCOPE_all_zh__mix_rel045_evt045,K5000_seed4_random__fuse_r0.6,train,fuse,5000,4,random,23,14,0.6086956521739131,0.6,0
SCOPE_all_zh__mix_rel045_evt045,K5000_seed4_coverage__fuse_r0.3,train,fuse,5000,4,coverage,23,20,0.8695652173913043,0.3,0
SCOPE_all_zh__mix_rel045_evt045,K5000_seed5_random__fuse_r0.6,train,fuse,5000,5,random,23,15,0.6521739130434783,0.6,0
SCOPE_all_zh__mix_rel045_evt045,K5000_seed5_coverage__fuse_r0.3,train,fuse,5000,5,coverage,23,20,0.8695652173913043,0.3,0
SCOPE_all_zh__mix_rel046_evt046,K200_seed1_random__fuse_r0.3,train,fuse,200,1,random,16,14,0.875,0.3,0
SCOPE_all_zh__mix_rel046_evt046,K200_seed1_coverage__fuse_r0.6,train,fuse,200,1,coverage,16,12,0.75,0.6,0
SCOPE_all_zh__mix_rel046_evt046,K200_seed2_random__fuse_r0.3,train,fuse,200,2,random,16,14,0.875,0.3,0
SCOPE_all_zh__mix_rel046_evt046,K200_seed2_coverage__fuse_r0.3,train,fuse,200,2,coverage,16,15,0.9375,0.3,0
SCOPE_all_zh__mix_rel046_evt046,K200_seed3_random__fuse_r0.6,train,fuse,200,3,random,16,11,0.6875,0.6,0
SCOPE_all_zh__mix_rel046_evt046,K200_seed3_coverage__fuse_r0.3,train,fuse,200,3,coverage,16,15,0.9375,0.3,0
SCOPE_all_zh__mix_rel046_evt046,K200_seed4_random__fuse_r0.3,train,fuse,200,4,random,16,14,0.875,0.3,0
SCOPE_all_zh__mix_rel046_evt046,K200_seed4_coverage__fuse_r0.3,train,fuse,200,4,coverage,16,15,0.9375,0.3,0
SCOPE_all_zh__mix_rel046_evt046,K200_seed5_random__fuse_r0.3,train,fuse,200,5,random,16,12,0.75,0.3,0
SCOPE_all_zh__mix_rel046_evt046,K200_seed5_coverage__fuse_r0.3,train,fuse,200,5,coverage,16,15,0.9375,0.3,0
SCOPE_all_zh__mix_rel046_evt046,K1000_seed1_random__fuse_r0.6,train,fuse,1000,1,random,16,11,0.6875,0.6,0
SCOPE_all_zh__mix_rel046_evt046,K1000_seed1_coverage__fuse_r0.6,train,fuse,1000,1,coverage,16,12,0.75,0.6,0
SCOPE_all_zh__mix_rel046_evt046,K1000_seed2_random__fuse_r0.3,train,fuse,1000,2,random,16,14,0.875,0.3,0
SCOPE_all_zh__mix_rel046_evt046,K1000_seed2_coverage__fuse_r0.6,train,fuse,1000,2,coverage,16,12,0.75,0.6,0
SCOPE_all_zh__mix_rel046_evt046,K1000_seed3_random__fuse_r0.3,train,fuse,1000,3,random,16,14,0.875,0.3,0
SCOPE_all_zh__mix_rel046_evt046,K1000_seed3_coverage__fuse_r0.3,train,fuse,1000,3,coverage,16,15,0.9375,0.3,0
SCOPE_all_zh__mix_rel046_evt046,K1000_seed4_random__fuse_r0.6,train,fuse,1000,4,random,16,11,0.6875,0.6,0
SCOPE_all_zh__mix_rel046_evt046,K1000_seed4_coverage__fuse_r0.6,train,fuse,1000,4,coverage,16,12,0.75,0.6,0
SCOPE_all_zh__mix_rel046_evt046,K1000_seed5_random__fuse_r0.3,train,fuse,1000,5,random,16,14,0.875,0.3,0
SCOPE_all_zh__mix_rel046_evt046,K1000_seed5_coverage__fuse_r0.6,train,fuse,1000,5,coverage,16,12,0.75,0.6,0
SCOPE_all_zh__mix_rel046_evt046,K5000_seed1_random__fuse_r0.6,train,fuse,5000,1,random,16,11,0.6875,0.6,0
SCOPE_all_zh__mix_rel046_evt046,K5000_seed1_coverage__fuse_r0.3,train,fuse,5000,1,coverage,16,15,0.9375,0.3,0
SCOPE_all_zh__mix_rel046_evt046,K5000_seed2_random__fuse_r0.6,train,fuse,5000,2,random,16,11,0.6875,0.6,0
SCOPE_all_zh__mix_rel046_evt046,K5000_seed2_coverage__fuse_r0.3,train,fuse,5000,2,coverage,16,15,0.9375,0.3,0
SCOPE_all_zh__mix_rel046_evt046,K5000_seed3_random__fuse_r0.6,train,fuse,5000,3,random,16,11,0.6875,0.6,0
SCOPE_all_zh__mix_rel046_evt046,K5000_seed3_coverage__fuse_r0.3,train,fuse,5000,3,coverage,16,15,0.9375,0.3,0
SCOPE_all_zh__mix_rel046_evt046,K5000_seed4_random__fuse_r0.3,train,fuse,5000,4,random,16,14,0.875,0.3,0
SCOPE_all_zh__mix_rel046_evt046,K5000_seed4_coverage__fuse_r0.3,train,fuse,5000,4,coverage,16,15,0.9375,0.3,0
SCOPE_all_zh__mix_rel046_evt046,K5000_seed5_random__fuse_r0.6,train,fuse,5000,5,random,16,11,0.6875,0.6,0
SCOPE_all_zh__mix_rel046_evt046,K5000_seed5_coverage__fuse_r0.3,train,fuse,5000,5,coverage,16,15,0.9375,0.3,0
SCOPE_all_zh__mix_rel047_evt047,K200_seed1_random__fuse_r0.6,train,fuse,200,1,random,17,12,0.7058823529411765,0.6,0
SCOPE_all_zh__mix_rel047_evt047,K200_seed1_coverage__fuse_r0.6,train,fuse,200,1,coverage,17,12,0.7058823529411765,0.6,0
SCOPE_all_zh__mix_rel047_evt047,K200_seed2_random__fuse_r0.6,train,fuse,200,2,random,17,12,0.7058823529411765,0.6,0
SCOPE_all_zh__mix_rel047_evt047,K200_seed2_coverage__fuse_r0.6,train,fuse,200,2,coverage,17,12,0.7058823529411765,0.6,0
SCOPE_all_zh__mix_rel047_evt047,K200_seed3_random__fuse_r0.6,train,fuse,200,3,random,17,12,0.7058823529411765,0.6,0
SCOPE_all_zh__mix_rel047_evt047,K200_seed3_coverage__fuse_r0.6,train,fuse,200,3,coverage,17,12,0.7058823529411765,0.6,0
SCOPE_all_zh__mix_rel047_evt047,K200_seed4_random__fuse_r0.6,train,fuse,200,4,random,17,12,0.7058823529411765,0.6,0
SCOPE_all_zh__mix_rel047_evt047,K200_seed4_coverage__fuse_r0.6,train,fuse,200,4,coverage,17,12,0.7058823529411765,0.6,0
SCOPE_all_zh__mix_rel047_evt047,K200_seed5_random__fuse_r0.3,train,fuse,200,5,random,17,15,0.8823529411764706,0.3,0
SCOPE_all_zh__mix_rel047_evt047,K200_seed5_coverage__fuse_r0.6,train,fuse,200,5,coverage,17,12,0.7058823529411765,0.6,0
SCOPE_all_zh__mix_rel047_evt047,K1000_seed1_random__fuse_r0.3,train,fuse,1000,1,random,17,15,0.8823529411764706,0.3,0
SCOPE_all_zh__mix_rel047_evt047,K1000_seed1_coverage__fuse_r0.6,train,fuse,1000,1,coverage,17,12,0.7058823529411765,0.6,0
SCOPE_all_zh__mix_rel047_evt047,K1000_seed2_random__fuse_r0.6,train,fuse,1000,2,random,17,12,0.7058823529411765,0.6,0
SCOPE_all_zh__mix_rel047_evt047,K1000_seed2_coverage__fuse_r0.6,train,fuse,1000,2,coverage,17,12,0.7058823529411765,0.6,0
SCOPE_all_zh__mix_rel047_evt047,K1000_seed3_random__fuse_r0.3,train,fuse,1000,3,random,17,15,0.8823529411764706,0.3,0
SCOPE_all_zh__mix_rel047_evt047,K1000_seed3_coverage__fuse_r0.6,train,fuse,1000,3,coverage,17,12,0.7058823529411765,0.6,0
SCOPE_all_zh__mix_rel047_evt047,K1000_seed4_random__fuse_r0.6,train,fuse,1000,4,random,17,12,0.7058823529411765,0.6,0
SCOPE_all_zh__mix_rel047_evt047,K1000_seed4_coverage__fuse_r0.3,train,fuse,1000,4,coverage,17,15,0.8823529411764706,0.3,0
SCOPE_all_zh__mix_rel047_evt047,K1000_seed5_random__fuse_r0.3,train,fuse,1000,5,random,17,15,0.8823529411764706,0.3,0
SCOPE_all_zh__mix_rel047_evt047,K1000_seed5_coverage__fuse_r0.3,train,fuse,1000,5,coverage,17,15,0.8823529411764706,0.3,0
SCOPE_all_zh__mix_rel047_evt047,K5000_seed1_random__fuse_r0.6,train,fuse,5000,1,random,17,12,0.7058823529411765,0.6,0
SCOPE_all_zh__mix_rel047_evt047,K5000_seed1_coverage__fuse_r0.6,train,fuse,5000,1,coverage,17,12,0.7058823529411765,0.6,0
SCOPE_all_zh__mix_rel047_evt047,K5000_seed2_random__fuse_r0.6,train,fuse,5000,2,random,17,12,0.7058823529411765,0.6,0
SCOPE_all_zh__mix_rel047_evt047,K5000_seed2_coverage__fuse_r0.6,train,fuse,5000,2,coverage,17,12,0.7058823529411765,0.6,0
SCOPE_all_zh__mix_rel047_evt047,K5000_seed3_random__fuse_r0.6,train,fuse,5000,3,random,17,12,0.7058823529411765,0.6,0
SCOPE_all_zh__mix_rel047_evt047,K5000_seed3_coverage__fuse_r0.3,train,fuse,5000,3,coverage,17,15,0.8823529411764706,0.3,0
SCOPE_all_zh__mix_rel047_evt047,K5000_seed4_random__fuse_r0.3,train,fuse,5000,4,random,17,15,0.8823529411764706,0.3,0
SCOPE_all_zh__mix_rel047_evt047,K5000_seed4_coverage__fuse_r0.6,train,fuse,5000,4,coverage,17,12,0.7058823529411765,0.6,0
SCOPE_all_zh__mix_rel047_evt047,K5000_seed5_random__fuse_r0.6,train,fuse,5000,5,random,17,12,0.7058823529411765,0.6,0
SCOPE_all_zh__mix_rel047_evt047,K5000_seed5_coverage__fuse_r0.3,train,fuse,5000,5,coverage,17,15,0.8823529411764706,0.3,0
SCOPE_all_zh__mix_rel048_evt048,K200_seed1_random__fuse_r0.6,train,fuse,200,1,random,21,9,0.42857142857142855,0.6,0
SCOPE_all_zh__mix_rel048_evt048,K200_seed1_coverage__fuse_r0.3,train,fuse,200,1,coverage,21,16,0.7619047619047619,0.3,0
SCOPE_all_zh__mix_rel048_evt048,K200_seed2_random__fuse_r0.3,train,fuse,200,2,random,21,15,0.7142857142857143,0.3,0
SCOPE_all_zh__mix_rel048_evt048,K200_seed2_coverage__fuse_r0.3,train,fuse,200,2,coverage,21,16,0.7619047619047619,0.3,0
SCOPE_all_zh__mix_rel048_evt048,K200_seed3_random__fuse_r0.6,train,fuse,200,3,random,21,9,0.42857142857142855,0.6,0
SCOPE_all_zh__mix_rel048_evt048,K200_seed3_coverage__fuse_r0.6,train,fuse,200,3,coverage,21,10,0.47619047619047616,0.6,0
SCOPE_all_zh__mix_rel048_evt048,K200_seed4_random__fuse_r0.3,train,fuse,200,4,random,21,15,0.7142857142857143,0.3,0
SCOPE_all_zh__mix_rel048_evt048,K200_seed4_coverage__fuse_r0.3,train,fuse,200,4,coverage,21,16,0.7619047619047619,0.3,0
SCOPE_all_zh__mix_rel048_evt048,K200_seed5_random__fuse_r0.3,train,fuse,200,5,random,21,15,0.7142857142857143,0.3,0
SCOPE_all_zh__mix_rel048_evt048,K200_seed5_coverage__fuse_r0.6,train,fuse,200,5,coverage,21,10,0.47619047619047616,0.6,0
SCOPE_all_zh__mix_rel048_evt048,K1000_seed1_random__fuse_r0.6,train,fuse,1000,1,random,21,9,0.42857142857142855,0.6,0
SCOPE_all_zh__mix_rel048_evt048,K1000_seed1_coverage__fuse_r0.6,train,fuse,1000,1,coverage,21,10,0.47619047619047616,0.6,0
SCOPE_all_zh__mix_rel048_evt048,K1000_seed2_random__fuse_r0.6,train,fuse,1000,2,random,21,10,0.47619047619047616,0.6,0
SCOPE_all_zh__mix_rel048_evt048,K1000_seed2_coverage__fuse_r0.3,train,fuse,1000,2,coverage,21,16,0.7619047619047619,0.3,0
SCOPE_all_zh__mix_rel048_evt048,K1000_seed3_random__fuse_r0.6,train,fuse,1000,3,random,21,9,0.42857142857142855,0.6,0
SCOPE_all_zh__mix_rel048_evt048,K1000_seed3_coverage__fuse_r0.6,train,fuse,1000,3,coverage,21,10,0.47619047619047616,0.6,0
SCOPE_all_zh__mix_rel048_evt048,K1000_seed4_random__fuse_r0.6,train,fuse,1000,4,random,21,10,0.47619047619047616,0.6,0
SCOPE_all_zh__mix_rel048_evt048,K1000_seed4_coverage__fuse_r0.6,train,fuse,1000,4,coverage,21,10,0.47619047619047616,0.6,0
SCOPE_all_zh__mix_rel048_evt048,K1000_seed5_random__fuse_r0.3,train,fuse,1000,5,random,21,16,0.7619047619047619,0.3,0
SCOPE_all_zh__mix_rel048_evt048,K1000_seed5_coverage__fuse_r0.3,train,fuse,1000,5,coverage,21,16,0.7619047619047619,0.3,0
SCOPE_all_zh__mix_rel048_evt048,K5000_seed1_random__fuse_r0.3,train,fuse,5000,1,random,21,16,0.7619047619047619,0.3,0
SCOPE_all_zh__mix_rel048_evt048,K5000_seed1_coverage__fuse_r0.6,train,fuse,5000,1,coverage,21,10,0.47619047619047616,0.6,0
SCOPE_all_zh__mix_rel048_evt048,K5000_seed2_random__fuse_r0.6,train,fuse,5000,2,random,21,10,0.47619047619047616,0.6,0
SCOPE_all_zh__mix_rel048_evt048,K5000_seed2_coverage__fuse_r0.6,train,fuse,5000,2,coverage,21,10,0.47619047619047616,0.6,0
SCOPE_all_zh__mix_rel048_evt048,K5000_seed3_random__fuse_r0.3,train,fuse,5000,3,random,21,16,0.7619047619047619,0.3,0
SCOPE_all_zh__mix_rel048_evt048,K5000_seed3_coverage__fuse_r0.3,train,fuse,5000,3,coverage,21,16,0.7619047619047619,0.3,0
SCOPE_all_zh__mix_rel048_evt048,K5000_seed4_random__fuse_r0.3,train,fuse,5000,4,random,21,16,0.7619047619047619,0.3,0
SCOPE_all_zh__mix_rel048_evt048,K5000_seed4_coverage__fuse_r0.6,train,fuse,5000,4,coverage,21,10,0.47619047619047616,0.6,0
SCOPE_all_zh__mix_rel048_evt048,K5000_seed5_random__fuse_r0.6,train,fuse,5000,5,random,21,10,0.47619047619047616,0.6,0
SCOPE_all_zh__mix_rel048_evt048,K5000_seed5_coverage__fuse_r0.6,train,fuse,5000,5,coverage,21,10,0.47619047619047616,0.6,0
SCOPE_all_zh__mix_rel049_evt049,K200_seed1_random__fuse_r0.6,train,fuse,200,1,random,26,15,0.5769230769230769,0.6,0
SCOPE_all_zh__mix_rel049_evt049,K200_seed1_coverage__fuse_r0.6,train,fuse,200,1,coverage,26,15,0.5769230769230769,0.6,0
SCOPE_all_zh__mix_rel049_evt049,K200_seed2_random__fuse_r0.3,train,fuse,200,2,random,26,21,0.8076923076923077,0.3,0
SCOPE_all_zh__mix_rel049_evt049,K200_seed2_coverage__fuse_r0.6,train,fuse,200,2,coverage,26,15,0.5769230769230769,0.6,0
SCOPE_all_zh__mix_rel049_evt049,K200_seed3_random__fuse_r0.3,train,fuse,200,3,random,26,21,0.8076923076923077,0.3,0
SCOPE_all_zh__mix_rel049_evt049,K200_seed3_coverage__fuse_r0.3,train,fuse,200,3,coverage,26,21,0.8076923076923077,0.3,0
SCOPE_all_zh__mix_rel049_evt049,K200_seed4_random__fuse_r0.3,train,fuse,200,4,random,26,20,0.7692307692307693,0.3,0
SCOPE_all_zh__mix_rel049_evt049,K200_seed4_coverage__fuse_r0.3,train,fuse,200,4,coverage,26,21,0.8076923076923077,0.3,0
SCOPE_all_zh__mix_rel049_evt049,K200_seed5_random__fuse_r0.3,train,fuse,200,5,random,26,19,0.7307692307692307,0.3,0
SCOPE_all_zh__mix_rel049_evt049,K200_seed5_coverage__fuse_r0.3,train,fuse,200,5,coverage,26,21,0.8076923076923077,0.3,0
SCOPE_all_zh__mix_rel049_evt049,K1000_seed1_random__fuse_r0.6,train,fuse,1000,1,random,26,15,0.5769230769230769,0.6,0
SCOPE_all_zh__mix_rel049_evt049,K1000_seed1_coverage__fuse_r0.3,train,fuse,1000,1,coverage,26,21,0.8076923076923077,0.3,0
SCOPE_all_zh__mix_rel049_evt049,K1000_seed2_random__fuse_r0.3,train,fuse,1000,2,random,26,21,0.8076923076923077,0.3,0
SCOPE_all_zh__mix_rel049_evt049,K1000_seed2_coverage__fuse_r0.6,train,fuse,1000,2,coverage,26,15,0.5769230769230769,0.6,0
SCOPE_all_zh__mix_rel049_evt049,K1000_seed3_random__fuse_r0.6,train,fuse,1000,3,random,26,15,0.5769230769230769,0.6,0
SCOPE_all_zh__mix_rel049_evt049,K1000_seed3_coverage__fuse_r0.6,train,fuse,1000,3,coverage,26,15,0.5769230769230769,0.6,0
SCOPE_all_zh__mix_rel049_evt049,K1000_seed4_random__fuse_r0.3,train,fuse,1000,4,random,26,21,0.8076923076923077,0.3,0
SCOPE_all_zh__mix_rel049_evt049,K1000_seed4_coverage__fuse_r0.6,train,fuse,1000,4,coverage,26,15,0.5769230769230769,0.6,0
SCOPE_all_zh__mix_rel049_evt049,K1000_seed5_random__fuse_r0.3,train,fuse,1000,5,random,26,21,0.8076923076923077,0.3,0
SCOPE_all_zh__mix_rel049_evt049,K1000_seed5_coverage__fuse_r0.3,train,fuse,1000,5,coverage,26,21,0.8076923076923077,0.3,0
SCOPE_all_zh__mix_rel049_evt049,K5000_seed1_random__fuse_r0.6,train,fuse,5000,1,random,26,15,0.5769230769230769,0.6,0
SCOPE_all_zh__mix_rel049_evt049,K5000_seed1_coverage__fuse_r0.6,train,fuse,5000,1,coverage,26,15,0.5769230769230769,0.6,0
SCOPE_all_zh__mix_rel049_evt049,K5000_seed2_random__fuse_r0.6,train,fuse,5000,2,random,26,15,0.5769230769230769,0.6,0
SCOPE_all_zh__mix_rel049_evt049,K5000_seed2_coverage__fuse_r0.3,train,fuse,5000,2,coverage,26,21,0.8076923076923077,0.3,0
SCOPE_all_zh__mix_rel049_evt049,K5000_seed3_random__fuse_r0.3,train,fuse,5000,3,random,26,21,0.8076923076923077,0.3,0
SCOPE_all_zh__mix_rel049_evt049,K5000_seed3_coverage__fuse_r0.3,train,fuse,5000,3,coverage,26,21,0.8076923076923077,0.3,0
SCOPE_all_zh__mix_rel049_evt049,K5000_seed4_random__fuse_r0.3,train,fuse,5000,4,random,26,21,0.8076923076923077,0.3,0
SCOPE_all_zh__mix_rel049_evt049,K5000_seed4_coverage__fuse_r0.3,train,fuse,5000,4,coverage,26,21,0.8076923076923077,0.3,0
SCOPE_all_zh__mix_rel049_evt049,K5000_seed5_random__fuse_r0.3,train,fuse,5000,5,random,26,21,0.8076923076923077,0.3,0
SCOPE_all_zh__mix_rel049_evt049,K5000_seed5_coverage__fuse_r0.3,train,fuse,5000,5,coverage,26,21,0.8076923076923077,0.3,0
SCOPE_all_zh__mix_rel050_evt050,K200_seed1_random__fuse_r0.6,train,fuse,200,1,random,22,13,0.5909090909090909,0.6,0
SCOPE_all_zh__mix_rel050_evt050,K200_seed1_coverage__fuse_r0.3,train,fuse,200,1,coverage,22,22,1.0,0.3,0
SCOPE_all_zh__mix_rel050_evt050,K200_seed2_random__fuse_r0.6,train,fuse,200,2,random,22,15,0.6818181818181818,0.6,0
SCOPE_all_zh__mix_rel050_evt050,K200_seed2_coverage__fuse_r0.3,train,fuse,200,2,coverage,22,22,1.0,0.3,0
SCOPE_all_zh__mix_rel050_evt050,K200_seed3_random__fuse_r0.6,train,fuse,200,3,random,22,14,0.6363636363636364,0.6,0
SCOPE_all_zh__mix_rel050_evt050,K200_seed3_coverage__fuse_r0.6,train,fuse,200,3,coverage,22,16,0.7272727272727273,0.6,0
SCOPE_all_zh__mix_rel050_evt050,K200_seed4_random__fuse_r0.6,train,fuse,200,4,random,22,13,0.5909090909090909,0.6,0
SCOPE_all_zh__mix_rel050_evt050,K200_seed4_coverage__fuse_r0.6,train,fuse,200,4,coverage,22,16,0.7272727272727273,0.6,0
SCOPE_all_zh__mix_rel050_evt050,K200_seed5_random__fuse_r0.3,train,fuse,200,5,random,22,18,0.8181818181818182,0.3,0
SCOPE_all_zh__mix_rel050_evt050,K200_seed5_coverage__fuse_r0.6,train,fuse,200,5,coverage,22,16,0.7272727272727273,0.6,0
SCOPE_all_zh__mix_rel050_evt050,K1000_seed1_random__fuse_r0.6,train,fuse,1000,1,random,22,15,0.6818181818181818,0.6,0
SCOPE_all_zh__mix_rel050_evt050,K1000_seed1_coverage__fuse_r0.3,train,fuse,1000,1,coverage,22,22,1.0,0.3,0
SCOPE_all_zh__mix_rel050_evt050,K1000_seed2_random__fuse_r0.6,train,fuse,1000,2,random,22,16,0.7272727272727273,0.6,0
SCOPE_all_zh__mix_rel050_evt050,K1000_seed2_coverage__fuse_r0.6,train,fuse,1000,2,coverage,22,16,0.7272727272727273,0.6,0
SCOPE_all_zh__mix_rel050_evt050,K1000_seed3_random__fuse_r0.6,train,fuse,1000,3,random,22,16,0.7272727272727273,0.6,0
SCOPE_all_zh__mix_rel050_evt050,K1000_seed3_coverage__fuse_r0.6,train,fuse,1000,3,coverage,22,16,0.7272727272727273,0.6,0
SCOPE_all_zh__mix_rel050_evt050,K1000_seed4_random__fuse_r0.3,train,fuse,1000,4,random,22,22,1.0,0.3,0
SCOPE_all_zh__mix_rel050_evt050,K1000_seed4_coverage__fuse_r0.3,train,fuse,1000,4,coverage,22,22,1.0,0.3,0
SCOPE_all_zh__mix_rel050_evt050,K1000_seed5_random__fuse_r0.3,train,fuse,1000,5,random,22,22,1.0,0.3,0
SCOPE_all_zh__mix_rel050_evt050,K1000_seed5_coverage__fuse_r0.3,train,fuse,1000,5,coverage,22,22,1.0,0.3,0
SCOPE_all_zh__mix_rel050_evt050,K5000_seed1_random__fuse_r0.6,train,fuse,5000,1,random,22,16,0.7272727272727273,0.6,0
SCOPE_all_zh__mix_rel050_evt050,K5000_seed1_coverage__fuse_r0.6,train,fuse,5000,1,coverage,22,16,0.7272727272727273,0.6,0
SCOPE_all_zh__mix_rel050_evt050,K5000_seed2_random__fuse_r0.6,train,fuse,5000,2,random,22,16,0.7272727272727273,0.6,0
SCOPE_all_zh__mix_rel050_evt050,K5000_seed2_coverage__fuse_r0.6,train,fuse,5000,2,coverage,22,16,0.7272727272727273,0.6,0
SCOPE_all_zh__mix_rel050_evt050,K5000_seed3_random__fuse_r0.6,train,fuse,5000,3,random,22,16,0.7272727272727273,0.6,0
SCOPE_all_zh__mix_rel050_evt050,K5000_seed3_coverage__fuse_r0.3,train,fuse,5000,3,coverage,22,22,1.0,0.3,0
SCOPE_all_zh__mix_rel050_evt050,K5000_seed4_random__fuse_r0.3,train,fuse,5000,4,random,22,22,1.0,0.3,0
SCOPE_all_zh__mix_rel050_evt050,K5000_seed4_coverage__fuse_r0.6,train,fuse,5000,4,coverage,22,16,0.7272727272727273,0.6,0
SCOPE_all_zh__mix_rel050_evt050,K5000_seed5_random__fuse_r0.3,train,fuse,5000,5,random,22,22,1.0,0.3,0
SCOPE_all_zh__mix_rel050_evt050,K5000_seed5_coverage__fuse_r0.3,train,fuse,5000,5,coverage,22,22,1.0,0.3,0
SCOPE_all_zh__mix_rel051_evt051,K200_seed1_random__fuse_r0.3,train,fuse,200,1,random,21,17,0.8095238095238095,0.3,0
SCOPE_all_zh__mix_rel051_evt051,K200_seed1_coverage__fuse_r0.3,train,fuse,200,1,coverage,21,18,0.8571428571428571,0.3,0
SCOPE_all_zh__mix_rel051_evt051,K200_seed2_random__fuse_r0.6,train,fuse,200,2,random,21,13,0.6190476190476191,0.6,0
SCOPE_all_zh__mix_rel051_evt051,K200_seed2_coverage__fuse_r0.6,train,fuse,200,2,coverage,21,13,0.6190476190476191,0.6,0
SCOPE_all_zh__mix_rel051_evt051,K200_seed3_random__fuse_r0.6,train,fuse,200,3,random,21,13,0.6190476190476191,0.6,0
SCOPE_all_zh__mix_rel051_evt051,K200_seed3_coverage__fuse_r0.3,train,fuse,200,3,coverage,21,18,0.8571428571428571,0.3,0
SCOPE_all_zh__mix_rel051_evt051,K200_seed4_random__fuse_r0.6,train,fuse,200,4,random,21,13,0.6190476190476191,0.6,0
SCOPE_all_zh__mix_rel051_evt051,K200_seed4_coverage__fuse_r0.3,train,fuse,200,4,coverage,21,18,0.8571428571428571,0.3,0
SCOPE_all_zh__mix_rel051_evt051,K200_seed5_random__fuse_r0.6,train,fuse,200,5,random,21,13,0.6190476190476191,0.6,0
SCOPE_all_zh__mix_rel051_evt051,K200_seed5_coverage__fuse_r0.6,train,fuse,200,5,coverage,21,13,0.6190476190476191,0.6,0
SCOPE_all_zh__mix_rel051_evt051,K1000_seed1_random__fuse_r0.3,train,fuse,1000,1,random,21,18,0.8571428571428571,0.3,0
SCOPE_all_zh__mix_rel051_evt051,K1000_seed1_coverage__fuse_r0.6,train,fuse,1000,1,coverage,21,13,0.6190476190476191,0.6,0
SCOPE_all_zh__mix_rel051_evt051,K1000_seed2_random__fuse_r0.3,train,fuse,1000,2,random,21,18,0.8571428571428571,0.3,0
SCOPE_all_zh__mix_rel051_evt051,K1000_seed2_coverage__fuse_r0.6,train,fuse,1000,2,coverage,21,13,0.6190476190476191,0.6,0
SCOPE_all_zh__mix_rel051_evt051,K1000_seed3_random__fuse_r0.6,train,fuse,1000,3,random,21,13,0.6190476190476191,0.6,0
SCOPE_all_zh__mix_rel051_evt051,K1000_seed3_coverage__fuse_r0.3,train,fuse,1000,3,coverage,21,18,0.8571428571428571,0.3,0
SCOPE_all_zh__mix_rel051_evt051,K1000_seed4_random__fuse_r0.3,train,fuse,1000,4,random,21,18,0.8571428571428571,0.3,0
SCOPE_all_zh__mix_rel051_evt051,K1000_seed4_coverage__fuse_r0.3,train,fuse,1000,4,coverage,21,18,0.8571428571428571,0.3,0
SCOPE_all_zh__mix_rel051_evt051,K1000_seed5_random__fuse_r0.3,train,fuse,1000,5,random,21,18,0.8571428571428571,0.3,0
SCOPE_all_zh__mix_rel051_evt051,K1000_seed5_coverage__fuse_r0.6,train,fuse,1000,5,coverage,21,13,0.6190476190476191,0.6,0
SCOPE_all_zh__mix_rel051_evt051,K5000_seed1_random__fuse_r0.3,train,fuse,5000,1,random,21,18,0.8571428571428571,0.3,0
SCOPE_all_zh__mix_rel051_evt051,K5000_seed1_coverage__fuse_r0.6,train,fuse,5000,1,coverage,21,13,0.6190476190476191,0.6,0
SCOPE_all_zh__mix_rel051_evt051,K5000_seed2_random__fuse_r0.3,train,fuse,5000,2,random,21,18,0.8571428571428571,0.3,0
SCOPE_all_zh__mix_rel051_evt051,K5000_seed2_coverage__fuse_r0.6,train,fuse,5000,2,coverage,21,13,0.6190476190476191,0.6,0
SCOPE_all_zh__mix_rel051_evt051,K5000_seed3_random__fuse_r0.6,train,fuse,5000,3,random,21,13,0.6190476190476191,0.6,0
SCOPE_all_zh__mix_rel051_evt051,K5000_seed3_coverage__fuse_r0.3,train,fuse,5000,3,coverage,21,18,0.8571428571428571,0.3,0
SCOPE_all_zh__mix_rel051_evt051,K5000_seed4_random__fuse_r0.3,train,fuse,5000,4,random,21,18,0.8571428571428571,0.3,0
SCOPE_all_zh__mix_rel051_evt051,K5000_seed4_coverage__fuse_r0.3,train,fuse,5000,4,coverage,21,18,0.8571428571428571,0.3,0
SCOPE_all_zh__mix_rel051_evt051,K5000_seed5_random__fuse_r0.3,train,fuse,5000,5,random,21,18,0.8571428571428571,0.3,0
SCOPE_all_zh__mix_rel051_evt051,K5000_seed5_coverage__fuse_r0.6,train,fuse,5000,5,coverage,21,13,0.6190476190476191,0.6,0
SCOPE_all_en__mix_rel052_evt052,K200_seed1_random__fuse_r0.3,train,fuse,200,1,random,19,14,0.7368421052631579,0.3,0
SCOPE_all_en__mix_rel052_evt052,K200_seed1_coverage__fuse_r0.3,train,fuse,200,1,coverage,19,15,0.7894736842105263,0.3,0
SCOPE_all_en__mix_rel052_evt052,K200_seed2_random__fuse_r0.3,train,fuse,200,2,random,19,13,0.6842105263157895,0.3,0
SCOPE_all_en__mix_rel052_evt052,K200_seed2_coverage__fuse_r0.3,train,fuse,200,2,coverage,19,15,0.7894736842105263,0.3,0
SCOPE_all_en__mix_rel052_evt052,K200_seed3_random__fuse_r0.3,train,fuse,200,3,random,19,13,0.6842105263157895,0.3,0
SCOPE_all_en__mix_rel052_evt052,K200_seed3_coverage__fuse_r0.3,train,fuse,200,3,coverage,19,15,0.7894736842105263,0.3,0
SCOPE_all_en__mix_rel052_evt052,K200_seed4_random__fuse_r0.6,train,fuse,200,4,random,19,9,0.47368421052631576,0.6,0
SCOPE_all_en__mix_rel052_evt052,K200_seed4_coverage__fuse_r0.6,train,fuse,200,4,coverage,19,9,0.47368421052631576,0.6,0
SCOPE_all_en__mix_rel052_evt052,K200_seed5_random__fuse_r0.3,train,fuse,200,5,random,19,14,0.7368421052631579,0.3,0
SCOPE_all_en__mix_rel052_evt052,K200_seed5_coverage__fuse_r0.6,train,fuse,200,5,coverage,19,9,0.47368421052631576,0.6,0
SCOPE_all_en__mix_rel052_evt052,K1000_seed1_random__fuse_r0.3,train,fuse,1000,1,random,19,15,0.7894736842105263,0.3,0
SCOPE_all_en__mix_rel052_evt052,K1000_seed1_coverage__fuse_r0.6,train,fuse,1000,1,coverage,19,9,0.47368421052631576,0.6,0
SCOPE_all_en__mix_rel052_evt052,K1000_seed2_random__fuse_r0.3,train,fuse,1000,2,random,19,14,0.7368421052631579,0.3,0
SCOPE_all_en__mix_rel052_evt052,K1000_seed2_coverage__fuse_r0.6,train,fuse,1000,2,coverage,19,9,0.47368421052631576,0.6,0
SCOPE_all_en__mix_rel052_evt052,K1000_seed3_random__fuse_r0.3,train,fuse,1000,3,random,19,15,0.7894736842105263,0.3,0
SCOPE_all_en__mix_rel052_evt052,K1000_seed3_coverage__fuse_r0.3,train,fuse,1000,3,coverage,19,15,0.7894736842105263,0.3,0
SCOPE_all_en__mix_rel052_evt052,K1000_seed4_random__fuse_r0.3,train,fuse,1000,4,random,19,15,0.7894736842105263,0.3,0
SCOPE_all_en__mix_rel052_evt052,K1000_seed4_coverage__fuse_r0.3,train,fuse,1000,4,coverage,19,15,0.7894736842105263,0.3,0
SCOPE_all_en__mix_rel052_evt052,K1000_seed5_random__fuse_r0.6,train,fuse,1000,5,random,19,9,0.47368421052631576,0.6,0
SCOPE_all_en__mix_rel052_evt052,K1000_seed5_coverage__fuse_r0.3,train,fuse,1000,5,coverage,19,15,0.7894736842105263,0.3,0
SCOPE_all_en__mix_rel052_evt052,K5000_seed1_random__fuse_r0.3,train,fuse,5000,1,random,19,15,0.7894736842105263,0.3,0
SCOPE_all_en__mix_rel052_evt052,K5000_seed1_coverage__fuse_r0.6,train,fuse,5000,1,coverage,19,9,0.47368421052631576,0.6,0
SCOPE_all_en__mix_rel052_evt052,K5000_seed2_random__fuse_r0.6,train,fuse,5000,2,random,19,9,0.47368421052631576,0.6,0
SCOPE_all_en__mix_rel052_evt052,K5000_seed2_coverage__fuse_r0.6,train,fuse,5000,2,coverage,19,9,0.47368421052631576,0.6,0
SCOPE_all_en__mix_rel052_evt052,K5000_seed3_random__fuse_r0.6,train,fuse,5000,3,random,19,9,0.47368421052631576,0.6,0
SCOPE_all_en__mix_rel052_evt052,K5000_seed3_coverage__fuse_r0.3,train,fuse,5000,3,coverage,19,15,0.7894736842105263,0.3,0
SCOPE_all_en__mix_rel052_evt052,K5000_seed4_random__fuse_r0.3,train,fuse,5000,4,random,19,15,0.7894736842105263,0.3,0
SCOPE_all_en__mix_rel052_evt052,K5000_seed4_coverage__fuse_r0.3,train,fuse,5000,4,coverage,19,15,0.7894736842105263,0.3,0
SCOPE_all_en__mix_rel052_evt052,K5000_seed5_random__fuse_r0.6,train,fuse,5000,5,random,19,9,0.47368421052631576,0.6,0
SCOPE_all_en__mix_rel052_evt052,K5000_seed5_coverage__fuse_r0.6,train,fuse,5000,5,coverage,19,9,0.47368421052631576,0.6,0
SCOPE_all_en__mix_rel053_evt053,K200_seed1_random__fuse_r0.6,train,fuse,200,1,random,37,18,0.4864864864864865,0.6,0
SCOPE_all_en__mix_rel053_evt053,K200_seed1_coverage__fuse_r0.3,train,fuse,200,1,coverage,37,29,0.7837837837837838,0.3,0
SCOPE_all_en__mix_rel053_evt053,K200_seed2_random__fuse_r0.6,train,fuse,200,2,random,37,18,0.4864864864864865,0.6,0
SCOPE_all_en__mix_rel053_evt053,K200_seed2_coverage__fuse_r0.3,train,fuse,200,2,coverage,37,29,0.7837837837837838,0.3,0
SCOPE_all_en__mix_rel053_evt053,K200_seed3_random__fuse_r0.6,train,fuse,200,3,random,37,16,0.43243243243243246,0.6,0
SCOPE_all_en__mix_rel053_evt053,K200_seed3_coverage__fuse_r0.6,train,fuse,200,3,coverage,37,20,0.5405405405405406,0.6,0
SCOPE_all_en__mix_rel053_evt053,K200_seed4_random__fuse_r0.6,train,fuse,200,4,random,37,18,0.4864864864864865,0.6,0
SCOPE_all_en__mix_rel053_evt053,K200_seed4_coverage__fuse_r0.3,train,fuse,200,4,coverage,37,29,0.7837837837837838,0.3,0
SCOPE_all_en__mix_rel053_evt053,K200_seed5_random__fuse_r0.6,train,fuse,200,5,random,37,17,0.4594594594594595,0.6,0
SCOPE_all_en__mix_rel053_evt053,K200_seed5_coverage__fuse_r0.6,train,fuse,200,5,coverage,37,20,0.5405405405405406,0.6,0
SCOPE_all_en__mix_rel053_evt053,K1000_seed1_random__fuse_r0.3,train,fuse,1000,1,random,37,28,0.7567567567567568,0.3,0
SCOPE_all_en__mix_rel053_evt053,K1000_seed1_coverage__fuse_r0.3,train,fuse,1000,1,coverage,37,29,0.7837837837837838,0.3,0
SCOPE_all_en__mix_rel053_evt053,K1000_seed2_random__fuse_r0.3,train,fuse,1000,2,random,37,28,0.7567567567567568,0.3,0
SCOPE_all_en__mix_rel053_evt053,K1000_seed2_coverage__fuse_r0.6,train,fuse,1000,2,coverage,37,20,0.5405405405405406,0.6,0
SCOPE_all_en__mix_rel053_evt053,K1000_seed3_random__fuse_r0.3,train,fuse,1000,3,random,37,28,0.7567567567567568,0.3,0
SCOPE_all_en__mix_rel053_evt053,K1000_seed3_coverage__fuse_r0.3,train,fuse,1000,3,coverage,37,29,0.7837837837837838,0.3,0
SCOPE_all_en__mix_rel053_evt053,K1000_seed4_random__fuse_r0.3,train,fuse,1000,4,random,37,28,0.7567567567567568,0.3,0
SCOPE_all_en__mix_rel053_evt053,K1000_seed4_coverage__fuse_r0.3,train,fuse,1000,4,coverage,37,29,0.7837837837837838,0.3,0
SCOPE_all_en__mix_rel053_evt053,K1000_seed5_random__fuse_r0.6,train,fuse,1000,5,random,37,20,0.5405405405405406,0.6,0
SCOPE_all_en__mix_rel053_evt053,K1000_seed5_coverage__fuse_r0.6,train,fuse,1000,5,coverage,37,20,0.5405405405405406,0.6,0
SCOPE_all_en__mix_rel053_evt053,K5000_seed1_random__fuse_r0.3,train,fuse,5000,1,random,37,28,0.7567567567567568,0.3,0
SCOPE_all_en__mix_rel053_evt053,K5000_seed1_coverage__fuse_r0.3,train,fuse,5000,1,coverage,37,29,0.7837837837837838,0.3,0
SCOPE_all_en__mix_rel053_evt053,K5000_seed2_random__fuse_r0.6,train,fuse,5000,2,random,37,20,0.5405405405405406,0.6,0
SCOPE_all_en__mix_rel053_evt053,K5000_seed2_coverage__fuse_r0.3,train,fuse,5000,2,coverage,37,29,0.7837837837837838,0.3,0
SCOPE_all_en__mix_rel053_evt053,K5000_seed3_random__fuse_r0.3,train,fuse,5000,3,random,37,28,0.7567567567567568,0.3,0
SCOPE_all_en__mix_rel053_evt053,K5000_seed3_coverage__fuse_r0.6,train,fuse,5000,3,coverage,37,20,0.5405405405405406,0.6,0
SCOPE_all_en__mix_rel053_evt053,K5000_seed4_random__fuse_r0.3,train,fuse,5000,4,random,37,28,0.7567567567567568,0.3,0
SCOPE_all_en__mix_rel053_evt053,K5000_seed4_coverage__fuse_r0.6,train,fuse,5000,4,coverage,37,20,0.5405405405405406,0.6,0
SCOPE_all_en__mix_rel053_evt053,K5000_seed5_random__fuse_r0.6,train,fuse,5000,5,random,37,20,0.5405405405405406,0.6,0
SCOPE_all_en__mix_rel053_evt053,K5000_seed5_coverage__fuse_r0.3,train,fuse,5000,5,coverage,37,29,0.7837837837837838,0.3,0
SCOPE_all_en__mix_rel054_evt054,K200_seed1_random__fuse_r0.3,train,fuse,200,1,random,35,24,0.6857142857142857,0.3,0
SCOPE_all_en__mix_rel054_evt054,K200_seed1_coverage__fuse_r0.3,train,fuse,200,1,coverage,35,27,0.7714285714285715,0.3,0
SCOPE_all_en__mix_rel054_evt054,K200_seed2_random__fuse_r0.6,train,fuse,200,2,random,35,17,0.4857142857142857,0.6,0
SCOPE_all_en__mix_rel054_evt054,K200_seed2_coverage__fuse_r0.3,train,fuse,200,2,coverage,35,27,0.7714285714285715,0.3,0
SCOPE_all_en__mix_rel054_evt054,K200_seed3_random__fuse_r0.6,train,fuse,200,3,random,35,18,0.5142857142857142,0.6,0
SCOPE_all_en__mix_rel054_evt054,K200_seed3_coverage__fuse_r0.3,train,fuse,200,3,coverage,35,27,0.7714285714285715,0.3,0
SCOPE_all_en__mix_rel054_evt054,K200_seed4_random__fuse_r0.3,train,fuse,200,4,random,35,25,0.7142857142857143,0.3,0
SCOPE_all_en__mix_rel054_evt054,K200_seed4_coverage__fuse_r0.6,train,fuse,200,4,coverage,35,18,0.5142857142857142,0.6,0
SCOPE_all_en__mix_rel054_evt054,K200_seed5_random__fuse_r0.6,train,fuse,200,5,random,35,18,0.5142857142857142,0.6,0
SCOPE_all_en__mix_rel054_evt054,K200_seed5_coverage__fuse_r0.6,train,fuse,200,5,coverage,35,18,0.5142857142857142,0.6,0
SCOPE_all_en__mix_rel054_evt054,K1000_seed1_random__fuse_r0.3,train,fuse,1000,1,random,35,26,0.7428571428571429,0.3,0
SCOPE_all_en__mix_rel054_evt054,K1000_seed1_coverage__fuse_r0.3,train,fuse,1000,1,coverage,35,27,0.7714285714285715,0.3,0
SCOPE_all_en__mix_rel054_evt054,K1000_seed2_random__fuse_r0.6,train,fuse,1000,2,random,35,18,0.5142857142857142,0.6,0
SCOPE_all_en__mix_rel054_evt054,K1000_seed2_coverage__fuse_r0.6,train,fuse,1000,2,coverage,35,18,0.5142857142857142,0.6,0
SCOPE_all_en__mix_rel054_evt054,K1000_seed3_random__fuse_r0.3,train,fuse,1000,3,random,35,26,0.7428571428571429,0.3,0
SCOPE_all_en__mix_rel054_evt054,K1000_seed3_coverage__fuse_r0.6,train,fuse,1000,3,coverage,35,18,0.5142857142857142,0.6,0
SCOPE_all_en__mix_rel054_evt054,K1000_seed4_random__fuse_r0.6,train,fuse,1000,4,random,35,18,0.5142857142857142,0.6,0
SCOPE_all_en__mix_rel054_evt054,K1000_seed4_coverage__fuse_r0.3,train,fuse,1000,4,coverage,35,27,0.7714285714285715,0.3,0
SCOPE_all_en__mix_rel054_evt054,K1000_seed5_random__fuse_r0.3,train,fuse,1000,5,random,35,26,0.7428571428571429,0.3,0
SCOPE_all_en__mix_rel054_evt054,K1000_seed5_coverage__fuse_r0.3,train,fuse,1000,5,coverage,35,27,0.7714285714285715,0.3,0
SCOPE_all_en__mix_rel054_evt054,K5000_seed1_random__fuse_r0.6,train,fuse,5000,1,random,35,18,0.5142857142857142,0.6,0
SCOPE_all_en__mix_rel054_evt054,K5000_seed1_coverage__fuse_r0.6,train,fuse,5000,1,coverage,35,18,0.5142857142857142,0.6,0
SCOPE_all_en__mix_rel054_evt054,K5000_seed2_random__fuse_r0.6,train,fuse,5000,2,random,35,18,0.5142857142857142,0.6,0
SCOPE_all_en__mix_rel054_evt054,K5000_seed2_coverage__fuse_r0.6,train,fuse,5000,2,coverage,35,18,0.5142857142857142,0.6,0
SCOPE_all_en__mix_rel054_evt054,K5000_seed3_random__fuse_r0.3,train,fuse,5000,3,random,35,27,0.7714285714285715,0.3,0
SCOPE_all_en__mix_rel054_evt054,K5000_seed3_coverage__fuse_r0.3,train,fuse,5000,3,coverage,35,27,0.7714285714285715,0.3,0
SCOPE_all_en__mix_rel054_evt054,K5000_seed4_random__fuse_r0.3,train,fuse,5000,4,random,35,27,0.7714285714285715,0.3,0
SCOPE_all_en__mix_rel054_evt054,K5000_seed4_coverage__fuse_r0.3,train,fuse,5000,4,coverage,35,27,0.7714285714285715,0.3,0
SCOPE_all_en__mix_rel054_evt054,K5000_seed5_random__fuse_r0.6,train,fuse,5000,5,random,35,18,0.5142857142857142,0.6,0
SCOPE_all_en__mix_rel054_evt054,K5000_seed5_coverage__fuse_r0.3,train,fuse,5000,5,coverage,35,27,0.7714285714285715,0.3,0
SCOPE_all_zh__mix_rel055_evt055,K200_seed1_random__fuse_r0.6,train,fuse,200,1,random,30,16,0.5333333333333333,0.6,0
SCOPE_all_zh__mix_rel055_evt055,K200_seed1_coverage__fuse_r0.6,train,fuse,200,1,coverage,30,17,0.5666666666666667,0.6,0
SCOPE_all_zh__mix_rel055_evt055,K200_seed2_random__fuse_r0.6,train,fuse,200,2,random,30,13,0.43333333333333335,0.6,0
SCOPE_all_zh__mix_rel055_evt055,K200_seed2_coverage__fuse_r0.6,train,fuse,200,2,coverage,30,17,0.5666666666666667,0.6,0
SCOPE_all_zh__mix_rel055_evt055,K200_seed3_random__fuse_r0.3,train,fuse,200,3,random,30,16,0.5333333333333333,0.3,0
SCOPE_all_zh__mix_rel055_evt055,K200_seed3_coverage__fuse_r0.6,train,fuse,200,3,coverage,30,17,0.5666666666666667,0.6,0
SCOPE_all_zh__mix_rel055_evt055,K200_seed4_random__fuse_r0.6,train,fuse,200,4,random,30,11,0.36666666666666664,0.6,0
SCOPE_all_zh__mix_rel055_evt055,K200_seed4_coverage__fuse_r0.6,train,fuse,200,4,coverage,30,17,0.5666666666666667,0.6,0
SCOPE_all_zh__mix_rel055_evt055,K200_seed5_random__fuse_r0.6,train,fuse,200,5,random,30,14,0.4666666666666667,0.6,0
SCOPE_all_zh__mix_rel055_evt055,K200_seed5_coverage__fuse_r0.6,train,fuse,200,5,coverage,30,17,0.5666666666666667,0.6,0
SCOPE_all_zh__mix_rel055_evt055,K1000_seed1_random__fuse_r0.6,train,fuse,1000,1,random,30,17,0.5666666666666667,0.6,0
SCOPE_all_zh__mix_rel055_evt055,K1000_seed1_coverage__fuse_r0.6,train,fuse,1000,1,coverage,30,17,0.5666666666666667,0.6,0
SCOPE_all_zh__mix_rel055_evt055,K1000_seed2_random__fuse_r0.3,train,fuse,1000,2,random,30,21,0.7,0.3,0
SCOPE_all_zh__mix_rel055_evt055,K1000_seed2_coverage__fuse_r0.3,train,fuse,1000,2,coverage,30,24,0.8,0.3,0
SCOPE_all_zh__mix_rel055_evt055,K1000_seed3_random__fuse_r0.3,train,fuse,1000,3,random,30,22,0.7333333333333333,0.3,0
SCOPE_all_zh__mix_rel055_evt055,K1000_seed3_coverage__fuse_r0.6,train,fuse,1000,3,coverage,30,17,0.5666666666666667,0.6,0
SCOPE_all_zh__mix_rel055_evt055,K1000_seed4_random__fuse_r0.6,train,fuse,1000,4,random,30,16,0.5333333333333333,0.6,0
SCOPE_all_zh__mix_rel055_evt055,K1000_seed4_coverage__fuse_r0.6,train,fuse,1000,4,coverage,30,17,0.5666666666666667,0.6,0
SCOPE_all_zh__mix_rel055_evt055,K1000_seed5_random__fuse_r0.3,train,fuse,1000,5,random,30,22,0.7333333333333333,0.3,0
SCOPE_all_zh__mix_rel055_evt055,K1000_seed5_coverage__fuse_r0.3,train,fuse,1000,5,coverage,30,24,0.8,0.3,0
SCOPE_all_zh__mix_rel055_evt055,K5000_seed1_random__fuse_r0.6,train,fuse,5000,1,random,30,17,0.5666666666666667,0.6,0
SCOPE_all_zh__mix_rel055_evt055,K5000_seed1_coverage__fuse_r0.3,train,fuse,5000,1,coverage,30,24,0.8,0.3,0
SCOPE_all_zh__mix_rel055_evt055,K5000_seed2_random__fuse_r0.6,train,fuse,5000,2,random,30,17,0.5666666666666667,0.6,0
SCOPE_all_zh__mix_rel055_evt055,K5000_seed2_coverage__fuse_r0.6,train,fuse,5000,2,coverage,30,17,0.5666666666666667,0.6,0
SCOPE_all_zh__mix_rel055_evt055,K5000_seed3_random__fuse_r0.3,train,fuse,5000,3,random,30,24,0.8,0.3,0
SCOPE_all_zh__mix_rel055_evt055,K5000_seed3_coverage__fuse_r0.3,train,fuse,5000,3,coverage,30,24,0.8,0.3,0
SCOPE_all_zh__mix_rel055_evt055,K5000_seed4_random__fuse_r0.3,train,fuse,5000,4,random,30,24,0.8,0.3,0
SCOPE_all_zh__mix_rel055_evt055,K5000_seed4_coverage__fuse_r0.3,train,fuse,5000,4,coverage,30,24,0.8,0.3,0
SCOPE_all_zh__mix_rel055_evt055,K5000_seed5_random__fuse_r0.6,train,fuse,5000,5,random,30,17,0.5666666666666667,0.6,0
SCOPE_all_zh__mix_rel055_evt055,K5000_seed5_coverage__fuse_r0.6,train,fuse,5000,5,coverage,30,17,0.5666666666666667,0.6,0
SCOPE_all_zh__mix_rel056_evt056,K200_seed1_random__fuse_r0.3,train,fuse,200,1,random,25,16,0.64,0.3,0
SCOPE_all_zh__mix_rel056_evt056,K200_seed1_coverage__fuse_r0.3,train,fuse,200,1,coverage,25,23,0.92,0.3,0
SCOPE_all_zh__mix_rel056_evt056,K200_seed2_random__fuse_r0.3,train,fuse,200,2,random,25,14,0.56,0.3,0
SCOPE_all_zh__mix_rel056_evt056,K200_seed2_coverage__fuse_r0.6,train,fuse,200,2,coverage,25,17,0.68,0.6,0
SCOPE_all_zh__mix_rel056_evt056,K200_seed3_random__fuse_r0.6,train,fuse,200,3,random,25,12,0.48,0.6,0
SCOPE_all_zh__mix_rel056_evt056,K200_seed3_coverage__fuse_r0.6,train,fuse,200,3,coverage,25,17,0.68,0.6,0
SCOPE_all_zh__mix_rel056_evt056,K200_seed4_random__fuse_r0.3,train,fuse,200,4,random,25,15,0.6,0.3,0
SCOPE_all_zh__mix_rel056_evt056,K200_seed4_coverage__fuse_r0.3,train,fuse,200,4,coverage,25,23,0.92,0.3,0
SCOPE_all_zh__mix_rel056_evt056,K200_seed5_random__fuse_r0.6,train,fuse,200,5,random,25,12,0.48,0.6,0
SCOPE_all_zh__mix_rel056_evt056,K200_seed5_coverage__fuse_r0.3,train,fuse,200,5,coverage,25,23,0.92,0.3,0
SCOPE_all_zh__mix_rel056_evt056,K1000_seed1_random__fuse_r0.6,train,fuse,1000,1,random,25,17,0.68,0.6,0
SCOPE_all_zh__mix_rel056_evt056,K1000_seed1_coverage__fuse_r0.6,train,fuse,1000,1,coverage,25,17,0.68,0.6,0
SCOPE_all_zh__mix_rel056_evt056,K1000_seed2_random__fuse_r0.3,train,fuse,1000,2,random,25,23,0.92,0.3,0
SCOPE_all_zh__mix_rel056_evt056,K1000_seed2_coverage__fuse_r0.6,train,fuse,1000,2,coverage,25,17,0.68,0.6,0
SCOPE_all_zh__mix_rel056_evt056,K1000_seed3_random__fuse_r0.3,train,fuse,1000,3,random,25,22,0.88,0.3,0
SCOPE_all_zh__mix_rel056_evt056,K1000_seed3_coverage__fuse_r0.6,train,fuse,1000,3,coverage,25,17,0.68,0.6,0
SCOPE_all_zh__mix_rel056_evt056,K1000_seed4_random__fuse_r0.6,train,fuse,1000,4,random,25,15,0.6,0.6,0
SCOPE_all_zh__mix_rel056_evt056,K1000_seed4_coverage__fuse_r0.6,train,fuse,1000,4,coverage,25,17,0.68,0.6,0
SCOPE_all_zh__mix_rel056_evt056,K1000_seed5_random__fuse_r0.6,train,fuse,1000,5,random,25,17,0.68,0.6,0
SCOPE_all_zh__mix_rel056_evt056,K1000_seed5_coverage__fuse_r0.6,train,fuse,1000,5,coverage,25,17,0.68,0.6,0
SCOPE_all_zh__mix_rel056_evt056,K5000_seed1_random__fuse_r0.6,train,fuse,5000,1,random,25,17,0.68,0.6,0
SCOPE_all_zh__mix_rel056_evt056,K5000_seed1_coverage__fuse_r0.3,train,fuse,5000,1,coverage,25,23,0.92,0.3,0
SCOPE_all_zh__mix_rel056_evt056,K5000_seed2_random__fuse_r0.3,train,fuse,5000,2,random,25,23,0.92,0.3,0
SCOPE_all_zh__mix_rel056_evt056,K5000_seed2_coverage__fuse_r0.6,train,fuse,5000,2,coverage,25,17,0.68,0.6,0
SCOPE_all_zh__mix_rel056_evt056,K5000_seed3_random__fuse_r0.3,train,fuse,5000,3,random,25,23,0.92,0.3,0
SCOPE_all_zh__mix_rel056_evt056,K5000_seed3_coverage__fuse_r0.6,train,fuse,5000,3,coverage,25,17,0.68,0.6,0
SCOPE_all_zh__mix_rel056_evt056,K5000_seed4_random__fuse_r0.6,train,fuse,5000,4,random,25,17,0.68,0.6,0
SCOPE_all_zh__mix_rel056_evt056,K5000_seed4_coverage__fuse_r0.3,train,fuse,5000,4,coverage,25,23,0.92,0.3,0
SCOPE_all_zh__mix_rel056_evt056,K5000_seed5_random__fuse_r0.3,train,fuse,5000,5,random,25,23,0.92,0.3,0
SCOPE_all_zh__mix_rel056_evt056,K5000_seed5_coverage__fuse_r0.6,train,fuse,5000,5,coverage,25,17,0.68,0.6,0
SCOPE_all_zh__mix_rel057_evt057,K200_seed1_random__fuse_r0.6,train,fuse,200,1,random,10,8,0.8,0.6,0
SCOPE_all_zh__mix_rel057_evt057,K200_seed1_coverage__fuse_r0.3,train,fuse,200,1,coverage,10,9,0.9,0.3,0
SCOPE_all_zh__mix_rel057_evt057,K200_seed2_random__fuse_r0.6,train,fuse,200,2,random,10,8,0.8,0.6,0
SCOPE_all_zh__mix_rel057_evt057,K200_seed2_coverage__fuse_r0.3,train,fuse,200,2,coverage,10,9,0.9,0.3,0
SCOPE_all_zh__mix_rel057_evt057,K200_seed3_random__fuse_r0.3,train,fuse,200,3,random,10,9,0.9,0.3,0
SCOPE_all_zh__mix_rel057_evt057,K200_seed3_coverage__fuse_r0.6,train,fuse,200,3,coverage,10,8,0.8,0.6,0
SCOPE_all_zh__mix_rel057_evt057,K200_seed4_random__fuse_r0.3,train,fuse,200,4,random,10,9,0.9,0.3,0
SCOPE_all_zh__mix_rel057_evt057,K200_seed4_coverage__fuse_r0.3,train,fuse,200,4,coverage,10,9,0.9,0.3,0
SCOPE_all_zh__mix_rel057_evt057,K200_seed5_random__fuse_r0.6,train,fuse,200,5,random,10,8,0.8,0.6,0
SCOPE_all_zh__mix_rel057_evt057,K200_seed5_coverage__fuse_r0.3,train,fuse,200,5,coverage,10,9,0.9,0.3,0
SCOPE_all_zh__mix_rel057_evt057,K1000_seed1_random__fuse_r0.3,train,fuse,1000,1,random,10,9,0.9,0.3,0
SCOPE_all_zh__mix_rel057_evt057,K1000_seed1_coverage__fuse_r0.3,train,fuse,1000,1,coverage,10,9,0.9,0.3,0
SCOPE_all_zh__mix_rel057_evt057,K1000_seed2_random__fuse_r0.6,train,fuse,1000,2,random,10,8,0.8,0.6,0
SCOPE_all_zh__mix_rel057_evt057,K1000_seed2_coverage__fuse_r0.3,train,fuse,1000,2,coverage,10,9,0.9,0.3,0
SCOPE_all_zh__mix_rel057_evt057,K1000_seed3_random__fuse_r0.3,train,fuse,1000,3,random,10,9,0.9,0.3,0
SCOPE_all_zh__mix_rel057_evt057,K1000_seed3_coverage__fuse_r0.6,train,fuse,1000,3,coverage,10,8,0.8,0.6,0
SCOPE_all_zh__mix_rel057_evt057,K1000_seed4_random__fuse_r0.3,train,fuse,1000,4,random,10,9,0.9,0.3,0
SCOPE_all_zh__mix_rel057_evt057,K1000_seed4_coverage__fuse_r0.6,train,fuse,1000,4,coverage,10,8,0.8,0.6,0
SCOPE_all_zh__mix_rel057_evt057,K1000_seed5_random__fuse_r0.6,train,fuse,1000,5,random,10,8,0.8,0.6,0
SCOPE_all_zh__mix_rel057_evt057,K1000_seed5_coverage__fuse_r0.3,train,fuse,1000,5,coverage,10,9,0.9,0.3,0
SCOPE_all_zh__mix_rel057_evt057,K5000_seed1_random__fuse_r0.6,train,fuse,5000,1,random,10,8,0.8,0.6,0
SCOPE_all_zh__mix_rel057_evt057,K5000_seed1_coverage__fuse_r0.3,train,fuse,5000,1,coverage,10,9,0.9,0.3,0
SCOPE_all_zh__mix_rel057_evt057,K5000_seed2_random__fuse_r0.3,train,fuse,5000,2,random,10,9,0.9,0.3,0
SCOPE_all_zh__mix_rel057_evt057,K5000_seed2_coverage__fuse_r0.6,train,fuse,5000,2,coverage,10,8,0.8,0.6,0
SCOPE_all_zh__mix_rel057_evt057,K5000_seed3_random__fuse_r0.3,train,fuse,5000,3,random,10,9,0.9,0.3,0
SCOPE_all_zh__mix_rel057_evt057,K5000_seed3_coverage__fuse_r0.6,train,fuse,5000,3,coverage,10,8,0.8,0.6,0
SCOPE_all_zh__mix_rel057_evt057,K5000_seed4_random__fuse_r0.3,train,fuse,5000,4,random,10,9,0.9,0.3,0
SCOPE_all_zh__mix_rel057_evt057,K5000_seed4_coverage__fuse_r0.6,train,fuse,5000,4,coverage,10,8,0.8,0.6,0
SCOPE_all_zh__mix_rel057_evt057,K5000_seed5_random__fuse_r0.3,train,fuse,5000,5,random,10,9,0.9,0.3,0
SCOPE_all_zh__mix_rel057_evt057,K5000_seed5_coverage__fuse_r0.3,train,fuse,5000,5,coverage,10,9,0.9,0.3,0
SCOPE_all_zh__mix_rel058_evt058,K200_seed1_random__fuse_r0.6,train,fuse,200,1,random,29,13,0.4482758620689655,0.6,0
SCOPE_all_zh__mix_rel058_evt058,K200_seed1_coverage__fuse_r0.3,train,fuse,200,1,coverage,29,22,0.7586206896551724,0.3,0
SCOPE_all_zh__mix_rel058_evt058,K200_seed2_random__fuse_r0.3,train,fuse,200,2,random,29,22,0.7586206896551724,0.3,0
SCOPE_all_zh__mix_rel058_evt058,K200_seed2_coverage__fuse_r0.3,train,fuse,200,2,coverage,29,22,0.7586206896551724,0.3,0
SCOPE_all_zh__mix_rel058_evt058,K200_seed3_random__fuse_r0.3,train,fuse,200,3,random,29,22,0.7586206896551724,0.3,0
SCOPE_all_zh__mix_rel058_evt058,K200_seed3_coverage__fuse_r0.3,train,fuse,200,3,coverage,29,22,0.7586206896551724,0.3,0
SCOPE_all_zh__mix_rel058_evt058,K200_seed4_random__fuse_r0.3,train,fuse,200,4,random,29,22,0.7586206896551724,0.3,0
SCOPE_all_zh__mix_rel058_evt058,K200_seed4_coverage__fuse_r0.6,train,fuse,200,4,coverage,29,13,0.4482758620689655,0.6,0
SCOPE_all_zh__mix_rel058_evt058,K200_seed5_random__fuse_r0.6,train,fuse,200,5,random,29,13,0.4482758620689655,0.6,0
SCOPE_all_zh__mix_rel058_evt058,K200_seed5_coverage__fuse_r0.6,train,fuse,200,5,coverage,29,13,0.4482758620689655,0.6,0
SCOPE_all_zh__mix_rel058_evt058,K1000_seed1_random__fuse_r0.3,train,fuse,1000,1,random,29,22,0.7586206896551724,0.3,0
SCOPE_all_zh__mix_rel058_evt058,K1000_seed1_coverage__fuse_r0.3,train,fuse,1000,1,coverage,29,22,0.7586206896551724,0.3,0
SCOPE_all_zh__mix_rel058_evt058,K1000_seed2_random__fuse_r0.6,train,fuse,1000,2,random,29,13,0.4482758620689655,0.6,0
SCOPE_all_zh__mix_rel058_evt058,K1000_seed2_coverage__fuse_r0.6,train,fuse,1000,2,coverage,29,13,0.4482758620689655,0.6,0
SCOPE_all_zh__mix_rel058_evt058,K1000_seed3_random__fuse_r0.6,train,fuse,1000,3,random,29,13,0.4482758620689655,0.6,0
SCOPE_all_zh__mix_rel058_evt058,K1000_seed3_coverage__fuse_r0.3,train,fuse,1000,3,coverage,29,22,0.7586206896551724,0.3,0
SCOPE_all_zh__mix_rel058_evt058,K1000_seed4_random__fuse_r0.3,train,fuse,1000,4,random,29,22,0.7586206896551724,0.3,0
SCOPE_all_zh__mix_rel058_evt058,K1000_seed4_coverage__fuse_r0.3,train,fuse,1000,4,coverage,29,22,0.7586206896551724,0.3,0
SCOPE_all_zh__mix_rel058_evt058,K1000_seed5_random__fuse_r0.6,train,fuse,1000,5,random,29,13,0.4482758620689655,0.6,0
SCOPE_all_zh__mix_rel058_evt058,K1000_seed5_coverage__fuse_r0.6,train,fuse,1000,5,coverage,29,13,0.4482758620689655,0.6,0
SCOPE_all_zh__mix_rel058_evt058,K5000_seed1_random__fuse_r0.3,train,fuse,5000,1,random,29,22,0.7586206896551724,0.3,0
SCOPE_all_zh__mix_rel058_evt058,K5000_seed1_coverage__fuse_r0.6,train,fuse,5000,1,coverage,29,13,0.4482758620689655,0.6,0
SCOPE_all_zh__mix_rel058_evt058,K5000_seed2_random__fuse_r0.3,train,fuse,5000,2,random,29,22,0.7586206896551724,0.3,0
SCOPE_all_zh__mix_rel058_evt058,K5000_seed2_coverage__fuse_r0.3,train,fuse,5000,2,coverage,29,22,0.7586206896551724,0.3,0
SCOPE_all_zh__mix_rel058_evt058,K5000_seed3_random__fuse_r0.6,train,fuse,5000,3,random,29,13,0.4482758620689655,0.6,0
SCOPE_all_zh__mix_rel058_evt058,K5000_seed3_coverage__fuse_r0.3,train,fuse,5000,3,coverage,29,22,0.7586206896551724,0.3,0
SCOPE_all_zh__mix_rel058_evt058,K5000_seed4_random__fuse_r0.3,train,fuse,5000,4,random,29,22,0.7586206896551724,0.3,0
SCOPE_all_zh__mix_rel058_evt058,K5000_seed4_coverage__fuse_r0.6,train,fuse,5000,4,coverage,29,13,0.4482758620689655,0.6,0
SCOPE_all_zh__mix_rel058_evt058,K5000_seed5_random__fuse_r0.6,train,fuse,5000,5,random,29,13,0.4482758620689655,0.6,0
SCOPE_all_zh__mix_rel058_evt058,K5000_seed5_coverage__fuse_r0.6,train,fuse,5000,5,coverage,29,13,0.4482758620689655,0.6,0
SCOPE_all_zh__mix_rel059_evt059,K200_seed1_random__fuse_r0.6,train,fuse,200,1,random,12,7,0.5833333333333334,0.6,0
SCOPE_all_zh__mix_rel059_evt059,K200_seed1_coverage__fuse_r0.3,train,fuse,200,1,coverage,12,10,0.8333333333333334,0.3,0
SCOPE_all_zh__mix_rel059_evt059,K200_seed2_random__fuse_r0.6,train,fuse,200,2,random,12,7,0.5833333333333334,0.6,0
SCOPE_all_zh__mix_rel059_evt059,K200_seed2_coverage__fuse_r0.3,train,fuse,200,2,coverage,12,10,0.8333333333333334,0.3,0
SCOPE_all_zh__mix_rel059_evt059,K200_seed3_random__fuse_r0.3,train,fuse,200,3,random,12,10,0.8333333333333334,0.3,0
SCOPE_all_zh__mix_rel059_evt059,K200_seed3_coverage__fuse_r0.3,train,fuse,200,3,coverage,12,10,0.8333333333333334,0.3,0
SCOPE_all_zh__mix_rel059_evt059,K200_seed4_random__fuse_r0.3,train,fuse,200,4,random,12,10,0.8333333333333334,0.3,0
SCOPE_all_zh__mix_rel059_evt059,K200_seed4_coverage__fuse_r0.6,train,fuse,200,4,coverage,12,7,0.5833333333333334,0.6,0
SCOPE_all_zh__mix_rel059_evt059,K200_seed5_random__fuse_r0.6,train,fuse,200,5,random,12,7,0.5833333333333334,0.6,0
SCOPE_all_zh__mix_rel059_evt059,K200_seed5_coverage__fuse_r0.6,train,fuse,200,5,coverage,12,7,0.5833333333333334,0.6,0
SCOPE_all_zh__mix_rel059_evt059,K1000_seed1_random__fuse_r0.6,train,fuse,1000,1,random,12,7,0.5833333333333334,0.6,0
SCOPE_all_zh__mix_rel059_evt059,K1000_seed1_coverage__fuse_r0.6,train,fuse,1000,1,coverage,12,7,0.5833333333333334,0.6,0
SCOPE_all_zh__mix_rel059_evt059,K1000_seed2_random__fuse_r0.3,train,fuse,1000,2,random,12,10,0.8333333333333334,0.3,0
SCOPE_all_zh__mix_rel059_evt059,K1000_seed2_coverage__fuse_r0.3,train,fuse,1000,2,coverage,12,10,0.8333333333333334,0.3,0
SCOPE_all_zh__mix_rel059_evt059,K1000_seed3_random__fuse_r0.3,train,fuse,1000,3,random,12,10,0.8333333333333334,0.3,0
SCOPE_all_zh__mix_rel059_evt059,K1000_seed3_coverage__fuse_r0.3,train,fuse,1000,3,coverage,12,10,0.8333333333333334,0.3,0
SCOPE_all_zh__mix_rel059_evt059,K1000_seed4_random__fuse_r0.6,train,fuse,1000,4,random,12,7,0.5833333333333334,0.6,0
SCOPE_all_zh__mix_rel059_evt059,K1000_seed4_coverage__fuse_r0.6,train,fuse,1000,4,coverage,12,7,0.5833333333333334,0.6,0
SCOPE_all_zh__mix_rel059_evt059,K1000_seed5_random__fuse_r0.6,train,fuse,1000,5,random,12,7,0.5833333333333334,0.6,0
SCOPE_all_zh__mix_rel059_evt059,K1000_seed5_coverage__fuse_r0.3,train,fuse,1000,5,coverage,12,10,0.8333333333333334,0.3,0
SCOPE_all_zh__mix_rel059_evt059,K5000_seed1_random__fuse_r0.3,train,fuse,5000,1,random,12,10,0.8333333333333334,0.3,0
SCOPE_all_zh__mix_rel059_evt059,K5000_seed1_coverage__fuse_r0.6,train,fuse,5000,1,coverage,12,7,0.5833333333333334,0.6,0
SCOPE_all_zh__mix_rel059_evt059,K5000_seed2_random__fuse_r0.3,train,fuse,5000,2,random,12,10,0.8333333333333334,0.3,0
SCOPE_all_zh__mix_rel059_evt059,K5000_seed2_coverage__fuse_r0.6,train,fuse,5000,2,coverage,12,7,0.5833333333333334,0.6,0
SCOPE_all_zh__mix_rel059_evt059,K5000_seed3_random__fuse_r0.6,train,fuse,5000,3,random,12,7,0.5833333333333334,0.6,0
SCOPE_all_zh__mix_rel059_evt059,K5000_seed3_coverage__fuse_r0.6,train,fuse,5000,3,coverage,12,7,0.5833333333333334,0.6,0
SCOPE_all_zh__mix_rel059_evt059,K5000_seed4_random__fuse_r0.3,train,fuse,5000,4,random,12,10,0.8333333333333334,0.3,0
SCOPE_all_zh__mix_rel059_evt059,K5000_seed4_coverage__fuse_r0.3,train,fuse,5000,4,coverage,12,10,0.8333333333333334,0.3,0
SCOPE_all_zh__mix_rel059_evt059,K5000_seed5_random__fuse_r0.3,train,fuse,5000,5,random,12,10,0.8333333333333334,0.3,0
SCOPE_all_zh__mix_rel059_evt059,K5000_seed5_coverage__fuse_r0.6,train,fuse,5000,5,coverage,12,7,0.5833333333333334,0.6,0
SCOPE_all_zh__mix_rel060_evt060,K200_seed1_random__fuse_r0.3,train,fuse,200,1,random,18,15,0.8333333333333334,0.3,0
SCOPE_all_zh__mix_rel060_evt060,K200_seed1_coverage__fuse_r0.3,train,fuse,200,1,coverage,18,17,0.9444444444444444,0.3,0
SCOPE_all_zh__mix_rel060_evt060,K200_seed2_random__fuse_r0.6,train,fuse,200,2,random,18,13,0.7222222222222222,0.6,0
SCOPE_all_zh__mix_rel060_evt060,K200_seed2_coverage__fuse_r0.6,train,fuse,200,2,coverage,18,13,0.7222222222222222,0.6,0
SCOPE_all_zh__mix_rel060_evt060,K200_seed3_random__fuse_r0.3,train,fuse,200,3,random,18,16,0.8888888888888888,0.3,0
SCOPE_all_zh__mix_rel060_evt060,K200_seed3_coverage__fuse_r0.3,train,fuse,200,3,coverage,18,17,0.9444444444444444,0.3,0
SCOPE_all_zh__mix_rel060_evt060,K200_seed4_random__fuse_r0.3,train,fuse,200,4,random,18,14,0.7777777777777778,0.3,0
SCOPE_all_zh__mix_rel060_evt060,K200_seed4_coverage__fuse_r0.6,train,fuse,200,4,coverage,18,13,0.7222222222222222,0.6,0
SCOPE_all_zh__mix_rel060_evt060,K200_seed5_random__fuse_r0.3,train,fuse,200,5,random,18,16,0.8888888888888888,0.3,0
SCOPE_all_zh__mix_rel060_evt060,K200_seed5_coverage__fuse_r0.3,train,fuse,200,5,coverage,18,17,0.9444444444444444,0.3,0
SCOPE_all_zh__mix_rel060_evt060,K1000_seed1_random__fuse_r0.3,train,fuse,1000,1,random,18,17,0.9444444444444444,0.3,0
SCOPE_all_zh__mix_rel060_evt060,K1000_seed1_coverage__fuse_r0.6,train,fuse,1000,1,coverage,18,13,0.7222222222222222,0.6,0
SCOPE_all_zh__mix_rel060_evt060,K1000_seed2_random__fuse_r0.3,train,fuse,1000,2,random,18,17,0.9444444444444444,0.3,0
SCOPE_all_zh__mix_rel060_evt060,K1000_seed2_coverage__fuse_r0.6,train,fuse,1000,2,coverage,18,13,0.7222222222222222,0.6,0
SCOPE_all_zh__mix_rel060_evt060,K1000_seed3_random__fuse_r0.3,train,fuse,1000,3,random,18,17,0.9444444444444444,0.3,0
SCOPE_all_zh__mix_rel060_evt060,K1000_seed3_coverage__fuse_r0.3,train,fuse,1000,3,coverage,18,17,0.9444444444444444,0.3,0
SCOPE_all_zh__mix_rel060_evt060,K1000_seed4_random__fuse_r0.3,train,fuse,1000,4,random,18,17,0.9444444444444444,0.3,0
SCOPE_all_zh__mix_rel060_evt060,K1000_seed4_coverage__fuse_r0.6,train,fuse,1000,4,coverage,18,13,0.7222222222222222,0.6,0
SCOPE_all_zh__mix_rel060_evt060,K1000_seed5_random__fuse_r0.3,train,fuse,1000,5,random,18,17,0.9444444444444444,0.3,0
SCOPE_all_zh__mix_rel060_evt060,K1000_seed5_coverage__fuse_r0.6,train,fuse,1000,5,coverage,18,13,0.7222222222222222,0.6,0
SCOPE_all_zh__mix_rel060_evt060,K5000_seed1_random__fuse_r0.6,train,fuse,5000,1,random,18,13,0.7222222222222222,0.6,0
SCOPE_all_zh__mix_rel060_evt060,K5000_seed1_coverage__fuse_r0.6,train,fuse,5000,1,coverage,18,13,0.7222222222222222,0.6,0
SCOPE_all_zh__mix_rel060_evt060,K5000_seed2_random__fuse_r0.3,train,fuse,5000,2,random,18,17,0.9444444444444444,0.3,0
SCOPE_all_zh__mix_rel060_evt060,K5000_seed2_coverage__fuse_r0.6,train,fuse,5000,2,coverage,18,13,0.7222222222222222,0.6,0
SCOPE_all_zh__mix_rel060_evt060,K5000_seed3_random__fuse_r0.3,train,fuse,5000,3,random,18,17,0.9444444444444444,0.3,0
SCOPE_all_zh__mix_rel060_evt060,K5000_seed3_coverage__fuse_r0.6,train,fuse,5000,3,coverage,18,13,0.7222222222222222,0.6,0
SCOPE_all_zh__mix_rel060_evt060,K5000_seed4_random__fuse_r0.6,train,fuse,5000,4,random,18,13,0.7222222222222222,0.6,0
SCOPE_all_zh__mix_rel060_evt060,K5000_seed4_coverage__fuse_r0.3,train,fuse,5000,4,coverage,18,17,0.9444444444444444,0.3,0
SCOPE_all_zh__mix_rel060_evt060,K5000_seed5_random__fuse_r0.6,train,fuse,5000,5,random,18,13,0.7222222222222222,0.6,0
SCOPE_all_zh__mix_rel060_evt060,K5000_seed5_coverage__fuse_r0.6,train,fuse,5000,5,coverage,18,13,0.7222222222222222,0.6,0
SCOPE_all_zh__mix_rel061_evt061,K200_seed1_random__fuse_r0.6,train,fuse,200,1,random,12,9,0.75,0.6,0
SCOPE_all_zh__mix_rel061_evt061,K200_seed1_coverage__fuse_r0.3,train,fuse,200,1,coverage,12,12,1.0,0.3,0
SCOPE_all_zh__mix_rel061_evt061,K200_seed2_random__fuse_r0.6,train,fuse,200,2,random,12,10,0.8333333333333334,0.6,0
SCOPE_all_zh__mix_rel061_evt061,K200_seed2_coverage__fuse_r0.3,train,fuse,200,2,coverage,12,12,1.0,0.3,0
SCOPE_all_zh__mix_rel061_evt061,K200_seed3_random__fuse_r0.3,train,fuse,200,3,random,12,11,0.9166666666666666,0.3,0
SCOPE_all_zh__mix_rel061_evt061,K200_seed3_coverage__fuse_r0.3,train,fuse,200,3,coverage,12,12,1.0,0.3,0
SCOPE_all_zh__mix_rel061_evt061,K200_seed4_random__fuse_r0.3,train,fuse,200,4,random,12,12,1.0,0.3,0
SCOPE_all_zh__mix_rel061_evt061,K200_seed4_coverage__fuse_r0.6,train,fuse,200,4,coverage,12,10,0.8333333333333334,0.6,0
SCOPE_all_zh__mix_rel061_evt061,K200_seed5_random__fuse_r0.3,train,fuse,200,5,random,12,11,0.9166666666666666,0.3,0
SCOPE_all_zh__mix_rel061_evt061,K200_seed5_coverage__fuse_r0.3,train,fuse,200,5,coverage,12,12,1.0,0.3,0
SCOPE_all_zh__mix_rel061_evt061,K1000_seed1_random__fuse_r0.3,train,fuse,1000,1,random,12,12,1.0,0.3,0
SCOPE_all_zh__mix_rel061_evt061,K1000_seed1_coverage__fuse_r0.3,train,fuse,1000,1,coverage,12,12,1.0,0.3,0
SCOPE_all_zh__mix_rel061_evt061,K1000_seed2_random__fuse_r0.3,train,fuse,1000,2,random,12,12,1.0,0.3,0
SCOPE_all_zh__mix_rel061_evt061,K1000_seed2_coverage__fuse_r0.3,train,fuse,1000,2,coverage,12,12,1.0,0.3,0
SCOPE_all_zh__mix_rel061_evt061,K1000_seed3_random__fuse_r0.6,train,fuse,1000,3,random,12,10,0.8333333333333334,0.6,0
SCOPE_all_zh__mix_rel061_evt061,K1000_seed3_coverage__fuse_r0.3,train,fuse,1000,3,coverage,12,12,1.0,0.3,0
SCOPE_all_zh__mix_rel061_evt061,K1000_seed4_random__fuse_r0.3,train,fuse,1000,4,random,12,12,1.0,0.3,0
SCOPE_all_zh__mix_rel061_evt061,K1000_seed4_coverage__fuse_r0.3,train,fuse,1000,4,coverage,12,12,1.0,0.3,0
SCOPE_all_zh__mix_rel061_evt061,K1000_seed5_random__fuse_r0.3,train,fuse,1000,5,random,12,12,1.0,0.3,0
SCOPE_all_zh__mix_rel061_evt061,K1000_seed5_coverage__fuse_r0.6,train,fuse,1000,5,coverage,12,10,0.8333333333333334,0.6,0
SCOPE_all_zh__mix_rel061_evt061,K5000_seed1_random__fuse_r0.3,train,fuse,5000,1,random,12,12,1.0,0.3,0
SCOPE_all_zh__mix_rel061_evt061,K5000_seed1_coverage__fuse_r0.3,train,fuse,5000,1,coverage,12,12,1.0,0.3,0
SCOPE_all_zh__mix_rel061_evt061,K5000_seed2_random__fuse_r0.6,train,fuse,5000,2,random,12,10,0.8333333333333334,0.6,0
SCOPE_all_zh__mix_rel061_evt061,K5000_seed2_coverage__fuse_r0.6,train,fuse,5000,2,coverage,12,10,0.8333333333333334,0.6,0
SCOPE_all_zh__mix_rel061_evt061,K5000_seed3_random__fuse_r0.6,train,fuse,5000,3,random,12,10,0.8333333333333334,0.6,0
SCOPE_all_zh__mix_rel061_evt061,K5000_seed3_coverage__fuse_r0.6,train,fuse,5000,3,coverage,12,10,0.8333333333333334,0.6,0
SCOPE_all_zh__mix_rel061_evt061,K5000_seed4_random__fuse_r0.6,train,fuse,5000,4,random,12,10,0.8333333333333334,0.6,0
SCOPE_all_zh__mix_rel061_evt061,K5000_seed4_coverage__fuse_r0.6,train,fuse,5000,4,coverage,12,10,0.8333333333333334,0.6,0
SCOPE_all_zh__mix_rel061_evt061,K5000_seed5_random__fuse_r0.6,train,fuse,5000,5,random,12,10,0.8333333333333334,0.6,0
SCOPE_all_zh__mix_rel061_evt061,K5000_seed5_coverage__fuse_r0.6,train,fuse,5000,5,coverage,12,10,0.8333333333333334,0.6,0
SCOPE_all_en__mix_rel062_evt062,K200_seed1_random__fuse_r0.6,train,fuse,200,1,random,23,12,0.5217391304347826,0.6,0
SCOPE_all_en__mix_rel062_evt062,K200_seed1_coverage__fuse_r0.6,train,fuse,200,1,coverage,23,13,0.5652173913043478,0.6,0
SCOPE_all_en__mix_rel062_evt062,K200_seed2_random__fuse_r0.3,train,fuse,200,2,random,23,15,0.6521739130434783,0.3,0
SCOPE_all_en__mix_rel062_evt062,K200_seed2_coverage__fuse_r0.6,train,fuse,200,2,coverage,23,13,0.5652173913043478,0.6,0
SCOPE_all_en__mix_rel062_evt062,K200_seed3_random__fuse_r0.6,train,fuse,200,3,random,23,11,0.4782608695652174,0.6,0
SCOPE_all_en__mix_rel062_evt062,K200_seed3_coverage__fuse_r0.6,train,fuse,200,3,coverage,23,13,0.5652173913043478,0.6,0
SCOPE_all_en__mix_rel062_evt062,K200_seed4_random__fuse_r0.6,train,fuse,200,4,random,23,11,0.4782608695652174,0.6,0
SCOPE_all_en__mix_rel062_evt062,K200_seed4_coverage__fuse_r0.3,train,fuse,200,4,coverage,23,19,0.8260869565217391,0.3,0
SCOPE_all_en__mix_rel062_evt062,K200_seed5_random__fuse_r0.6,train,fuse,200,5,random,23,12,0.5217391304347826,0.6,0
SCOPE_all_en__mix_rel062_evt062,K200_seed5_coverage__fuse_r0.6,train,fuse,200,5,coverage,23,13,0.5652173913043478,0.6,0
SCOPE_all_en__mix_rel062_evt062,K1000_seed1_random__fuse_r0.6,train,fuse,1000,1,random,23,13,0.5652173913043478,0.6,0
SCOPE_all_en__mix_rel062_evt062,K1000_seed1_coverage__fuse_r0.3,train,fuse,1000,1,coverage,23,19,0.8260869565217391,0.3,0
SCOPE_all_en__mix_rel062_evt062,K1000_seed2_random__fuse_r0.3,train,fuse,1000,2,random,23,18,0.782608695652174,0.3,0
SCOPE_all_en__mix_rel062_evt062,K1000_seed2_coverage__fuse_r0.6,train,fuse,1000,2,coverage,23,13,0.5652173913043478,0.6,0
SCOPE_all_en__mix_rel062_evt062,K1000_seed3_random__fuse_r0.3,train,fuse,1000,3,random,23,19,0.8260869565217391,0.3,0
SCOPE_all_en__mix_rel062_evt062,K1000_seed3_coverage__fuse_r0.3,train,fuse,1000,3,coverage,23,19,0.8260869565217391,0.3,0
SCOPE_all_en__mix_rel062_evt062,K1000_seed4_random__fuse_r0.6,train,fuse,1000,4,random,23,13,0.5652173913043478,0.6,0
SCOPE_all_en__mix_rel062_evt062,K1000_seed4_coverage__fuse_r0.6,train,fuse,1000,4,coverage,23,13,0.5652173913043478,0.6,0
SCOPE_all_en__mix_rel062_evt062,K1000_seed5_random__fuse_r0.3,train,fuse,1000,5,random,23,18,0.782608695652174,0.3,0
SCOPE_all_en__mix_rel062_evt062,K1000_seed5_coverage__fuse_r0.6,train,fuse,1000,5,coverage,23,13,0.5652173913043478,0.6,0
SCOPE_all_en__mix_rel062_evt062,K5000_seed1_random__fuse_r0.3,train,fuse,5000,1,random,23,19,0.8260869565217391,0.3,0
SCOPE_all_en__mix_rel062_evt062,K5000_seed1_coverage__fuse_r0.3,train,fuse,5000,1,coverage,23,19,0.8260869565217391,0.3,0
SCOPE_all_en__mix_rel062_evt062,K5000_seed2_random__fuse_r0.3,train,fuse,5000,2,random,23,19,0.8260869565217391,0.3,0
SCOPE_all_en__mix_rel062_evt062,K5000_seed2_coverage__fuse_r0.3,train,fuse,5000,2,coverage,23,19,0.8260869565217391,0.3,0
SCOPE_all_en__mix_rel062_evt062,K5000_seed3_random__fuse_r0.3,train,fuse,5000,3,random,23,19,0.8260869565217391,0.3,0
SCOPE_all_en__mix_rel062_evt062,K5000_seed3_coverage__fuse_r0.6,train,fuse,5000,3,coverage,23,13,0.5652173913043478,0.6,0
SCOPE_all_en__mix_rel062_evt062,K5000_seed4_random__fuse_r0.6,train,fuse,5000,4,random,23,13,0.5652173913043478,0.6,0
SCOPE_all_en__mix_rel062_evt062,K5000_seed4_coverage__fuse_r0.6,train,fuse,5000,4,coverage,23,13,0.5652173913043478,0.6,0
SCOPE_all_en__mix_rel062_evt062,K5000_seed5_random__fuse_r0.3,train,fuse,5000,5,random,23,19,0.8260869565217391,0.3,0
SCOPE_all_en__mix_rel062_evt062,K5000_seed5_coverage__fuse_r0.6,train,fuse,5000,5,coverage,23,13,0.5652173913043478,0.6,0
SCOPE_all_zh__mix_rel063_evt063,K200_seed1_random__fuse_r0.3,train,fuse,200,1,random,27,16,0.5925925925925926,0.3,0
SCOPE_all_zh__mix_rel063_evt063,K200_seed1_coverage__fuse_r0.6,train,fuse,200,1,coverage,27,15,0.5555555555555556,0.6,0
SCOPE_all_zh__mix_rel063_evt063,K200_seed2_random__fuse_r0.6,train,fuse,200,2,random,27,14,0.5185185185185185,0.6,0
SCOPE_all_zh__mix_rel063_evt063,K200_seed2_coverage__fuse_r0.3,train,fuse,200,2,coverage,27,22,0.8148148148148148,0.3,0
SCOPE_all_zh__mix_rel063_evt063,K200_seed3_random__fuse_r0.6,train,fuse,200,3,random,27,14,0.5185185185185185,0.6,0
SCOPE_all_zh__mix_rel063_evt063,K200_seed3_coverage__fuse_r0.3,train,fuse,200,3,coverage,27,22,0.8148148148148148,0.3,0
SCOPE_all_zh__mix_rel063_evt063,K200_seed4_random__fuse_r0.6,train,fuse,200,4,random,27,13,0.48148148148148145,0.6,0
SCOPE_all_zh__mix_rel063_evt063,K200_seed4_coverage__fuse_r0.6,train,fuse,200,4,coverage,27,15,0.5555555555555556,0.6,0
SCOPE_all_zh__mix_rel063_evt063,K200_seed5_random__fuse_r0.3,train,fuse,200,5,random,27,18,0.6666666666666666,0.3,0
SCOPE_all_zh__mix_rel063_evt063,K200_seed5_coverage__fuse_r0.6,train,fuse,200,5,coverage,27,15,0.5555555555555556,0.6,0
SCOPE_all_zh__mix_rel063_evt063,K1000_seed1_random__fuse_r0.3,train,fuse,1000,1,random,27,22,0.8148148148148148,0.3,0
SCOPE_all_zh__mix_rel063_evt063,K1000_seed1_coverage__fuse_r0.3,train,fuse,1000,1,coverage,27,22,0.8148148148148148,0.3,0
SCOPE_all_zh__mix_rel063_evt063,K1000_seed2_random__fuse_r0.6,train,fuse,1000,2,random,27,15,0.5555555555555556,0.6,0
SCOPE_all_zh__mix_rel063_evt063,K1000_seed2_coverage__fuse_r0.6,train,fuse,1000,2,coverage,27,15,0.5555555555555556,0.6,0
SCOPE_all_zh__mix_rel063_evt063,K1000_seed3_random__fuse_r0.6,train,fuse,1000,3,random,27,14,0.5185185185185185,0.6,0
SCOPE_all_zh__mix_rel063_evt063,K1000_seed3_coverage__fuse_r0.3,train,fuse,1000,3,coverage,27,22,0.8148148148148148,0.3,0
SCOPE_all_zh__mix_rel063_evt063,K1000_seed4_random__fuse_r0.6,train,fuse,1000,4,random,27,14,0.5185185185185185,0.6,0
SCOPE_all_zh__mix_rel063_evt063,K1000_seed4_coverage__fuse_r0.3,train,fuse,1000,4,coverage,27,22,0.8148148148148148,0.3,0
SCOPE_all_zh__mix_rel063_evt063,K1000_seed5_random__fuse_r0.6,train,fuse,1000,5,random,27,15,0.5555555555555556,0.6,0
SCOPE_all_zh__mix_rel063_evt063,K1000_seed5_coverage__fuse_r0.3,train,fuse,1000,5,coverage,27,22,0.8148148148148148,0.3,0
SCOPE_all_zh__mix_rel063_evt063,K5000_seed1_random__fuse_r0.3,train,fuse,5000,1,random,27,22,0.8148148148148148,0.3,0
SCOPE_all_zh__mix_rel063_evt063,K5000_seed1_coverage__fuse_r0.6,train,fuse,5000,1,coverage,27,15,0.5555555555555556,0.6,0
SCOPE_all_zh__mix_rel063_evt063,K5000_seed2_random__fuse_r0.6,train,fuse,5000,2,random,27,15,0.5555555555555556,0.6,0
SCOPE_all_zh__mix_rel063_evt063,K5000_seed2_coverage__fuse_r0.6,train,fuse,5000,2,coverage,27,15,0.5555555555555556,0.6,0
SCOPE_all_zh__mix_rel063_evt063,K5000_seed3_random__fuse_r0.3,train,fuse,5000,3,random,27,22,0.8148148148148148,0.3,0
SCOPE_all_zh__mix_rel063_evt063,K5000_seed3_coverage__fuse_r0.3,train,fuse,5000,3,coverage,27,22,0.8148148148148148,0.3,0
SCOPE_all_zh__mix_rel063_evt063,K5000_seed4_random__fuse_r0.3,train,fuse,5000,4,random,27,22,0.8148148148148148,0.3,0
SCOPE_all_zh__mix_rel063_evt063,K5000_seed4_coverage__fuse_r0.3,train,fuse,5000,4,coverage,27,22,0.8148148148148148,0.3,0
SCOPE_all_zh__mix_rel063_evt063,K5000_seed5_random__fuse_r0.3,train,fuse,5000,5,random,27,22,0.8148148148148148,0.3,0
SCOPE_all_zh__mix_rel063_evt063,K5000_seed5_coverage__fuse_r0.3,train,fuse,5000,5,coverage,27,22,0.8148148148148148,0.3,0
SCOPE_all_zh__mix_rel064_evt064,K200_seed1_random__fuse_r0.6,train,fuse,200,1,random,13,9,0.6923076923076923,0.6,0
SCOPE_all_zh__mix_rel064_evt064,K200_seed1_coverage__fuse_r0.3,train,fuse,200,1,coverage,13,12,0.9230769230769231,0.3,0
SCOPE_all_zh__mix_rel064_evt064,K200_seed2_random__fuse_r0.3,train,fuse,200,2,random,13,11,0.8461538461538461,0.3,0
SCOPE_all_zh__mix_rel064_evt064,K200_seed2_coverage__fuse_r0.6,train,fuse,200,2,coverage,13,10,0.7692307692307693,0.6,0
SCOPE_all_zh__mix_rel064_evt064,K200_seed3_random__fuse_r0.6,train,fuse,200,3,random,13,9,0.6923076923076923,0.6,0
SCOPE_all_zh__mix_rel064_evt064,K200_seed3_coverage__fuse_r0.3,train,fuse,200,3,coverage,13,12,0.9230769230769231,0.3,0
SCOPE_all_zh__mix_rel064_evt064,K200_seed4_random__fuse_r0.6,train,fuse,200,4,random,13,9,0.6923076923076923,0.6,0
SCOPE_all_zh__mix_rel064_evt064,K200_seed4_coverage__fuse_r0.3,train,fuse,200,4,coverage,13,12,0.9230769230769231,0.3,0
SCOPE_all_zh__mix_rel064_evt064,K200_seed5_random__fuse_r0.6,train,fuse,200,5,random,13,9,0.6923076923076923,0.6,0
SCOPE_all_zh__mix_rel064_evt064,K200_seed5_coverage__fuse_r0.6,train,fuse,200,5,coverage,13,10,0.7692307692307693,0.6,0
SCOPE_all_zh__mix_rel064_evt064,K1000_seed1_random__fuse_r0.3,train,fuse,1000,1,random,13,11,0.8461538461538461,0.3,0
SCOPE_all_zh__mix_rel064_evt064,K1000_seed1_coverage__fuse_r0.3,train,fuse,1000,1,coverage,13,12,0.9230769230769231,0.3,0
SCOPE_all_zh__mix_rel064_evt064,K1000_seed2_random__fuse_r0.3,train,fuse,1000,2,random,13,12,0.9230769230769231,0.3,0
SCOPE_all_zh__mix_rel064_evt064,K1000_seed2_coverage__fuse_r0.3,train,fuse,1000,2,coverage,13,12,0.9230769230769231,0.3,0
SCOPE_all_zh__mix_rel064_evt064,K1000_seed3_random__fuse_r0.3,train,fuse,1000,3,random,13,12,0.9230769230769231,0.3,0
SCOPE_all_zh__mix_rel064_evt064,K1000_seed3_coverage__fuse_r0.6,train,fuse,1000,3,coverage,13,10,0.7692307692307693,0.6,0
SCOPE_all_zh__mix_rel064_evt064,K1000_seed4_random__fuse_r0.3,train,fuse,1000,4,random,13,12,0.9230769230769231,0.3,0
SCOPE_all_zh__mix_rel064_evt064,K1000_seed4_coverage__fuse_r0.6,train,fuse,1000,4,coverage,13,10,0.7692307692307693,0.6,0
SCOPE_all_zh__mix_rel064_evt064,K1000_seed5_random__fuse_r0.6,train,fuse,1000,5,random,13,10,0.7692307692307693,0.6,0
SCOPE_all_zh__mix_rel064_evt064,K1000_seed5_coverage__fuse_r0.6,train,fuse,1000,5,coverage,13,10,0.7692307692307693,0.6,0
SCOPE_all_zh__mix_rel064_evt064,K5000_seed1_random__fuse_r0.3,train,fuse,5000,1,random,13,12,0.9230769230769231,0.3,0
SCOPE_all_zh__mix_rel064_evt064,K5000_seed1_coverage__fuse_r0.3,train,fuse,5000,1,coverage,13,12,0.9230769230769231,0.3,0
SCOPE_all_zh__mix_rel064_evt064,K5000_seed2_random__fuse_r0.3,train,fuse,5000,2,random,13,12,0.9230769230769231,0.3,0
SCOPE_all_zh__mix_rel064_evt064,K5000_seed2_coverage__fuse_r0.3,train,fuse,5000,2,coverage,13,12,0.9230769230769231,0.3,0
SCOPE_all_zh__mix_rel064_evt064,K5000_seed3_random__fuse_r0.6,train,fuse,5000,3,random,13,10,0.7692307692307693,0.6,0
SCOPE_all_zh__mix_rel064_evt064,K5000_seed3_coverage__fuse_r0.3,train,fuse,5000,3,coverage,13,12,0.9230769230769231,0.3,0
SCOPE_all_zh__mix_rel064_evt064,K5000_seed4_random__fuse_r0.6,train,fuse,5000,4,random,13,10,0.7692307692307693,0.6,0
SCOPE_all_zh__mix_rel064_evt064,K5000_seed4_coverage__fuse_r0.3,train,fuse,5000,4,coverage,13,12,0.9230769230769231,0.3,0
SCOPE_all_zh__mix_rel064_evt064,K5000_seed5_random__fuse_r0.3,train,fuse,5000,5,random,13,12,0.9230769230769231,0.3,0
SCOPE_all_zh__mix_rel064_evt064,K5000_seed5_coverage__fuse_r0.6,train,fuse,5000,5,coverage,13,10,0.7692307692307693,0.6,0
SCOPE_all_zh__mix_rel065_evt065,K200_seed1_random__fuse_r0.6,train,fuse,200,1,random,23,11,0.4782608695652174,0.6,0
SCOPE_all_zh__mix_rel065_evt065,K200_seed1_coverage__fuse_r0.3,train,fuse,200,1,coverage,23,18,0.782608695652174,0.3,0
SCOPE_all_zh__mix_rel065_evt065,K200_seed2_random__fuse_r0.6,train,fuse,200,2,random,23,11,0.4782608695652174,0.6,0
SCOPE_all_zh__mix_rel065_evt065,K200_seed2_coverage__fuse_r0.3,train,fuse,200,2,coverage,23,18,0.782608695652174,0.3,0
SCOPE_all_zh__mix_rel065_evt065,K200_seed3_random__fuse_r0.6,train,fuse,200,3,random,23,11,0.4782608695652174,0.6,0
SCOPE_all_zh__mix_rel065_evt065,K200_seed3_coverage__fuse_r0.3,train,fuse,200,3,coverage,23,18,0.782608695652174,0.3,0
SCOPE_all_zh__mix_rel065_evt065,K200_seed4_random__fuse_r0.3,train,fuse,200,4,random,23,18,0.782608695652174,0.3,0
SCOPE_all_zh__mix_rel065_evt065,K200_seed4_coverage__fuse_r0.6,train,fuse,200,4,coverage,23,11,0.4782608695652174,0.6,0
SCOPE_all_zh__mix_rel065_evt065,K200_seed5_random__fuse_r0.3,train,fuse,200,5,random,23,17,0.7391304347826086,0.3,0
SCOPE_all_zh__mix_rel065_evt065,K200_seed5_coverage__fuse_r0.6,train,fuse,200,5,coverage,23,11,0.4782608695652174,0.6,0
SCOPE_all_zh__mix_rel065_evt065,K1000_seed1_random__fuse_r0.6,train,fuse,1000,1,random,23,11,0.4782608695652174,0.6,0
SCOPE_all_zh__mix_rel065_evt065,K1000_seed1_coverage__fuse_r0.6,train,fuse,1000,1,coverage,23,11,0.4782608695652174,0.6,0
SCOPE_all_zh__mix_rel065_evt065,K1000_seed2_random__fuse_r0.6,train,fuse,1000,2,random,23,11,0.4782608695652174,0.6,0
SCOPE_all_zh__mix_rel065_evt065,K1000_seed2_coverage__fuse_r0.3,train,fuse,1000,2,coverage,23,18,0.782608695652174,0.3,0
SCOPE_all_zh__mix_rel065_evt065,K1000_seed3_random__fuse_r0.6,train,fuse,1000,3,random,23,11,0.4782608695652174,0.6,0
SCOPE_all_zh__mix_rel065_evt065,K1000_seed3_coverage__fuse_r0.3,train,fuse,1000,3,coverage,23,18,0.782608695652174,0.3,0
SCOPE_all_zh__mix_rel065_evt065,K1000_seed4_random__fuse_r0.6,train,fuse,1000,4,random,23,11,0.4782608695652174,0.6,0
SCOPE_all_zh__mix_rel065_evt065,K1000_seed4_coverage__fuse_r0.6,train,fuse,1000,4,coverage,23,11,0.4782608695652174,0.6,0
SCOPE_all_zh__mix_rel065_evt065,K1000_seed5_random__fuse_r0.6,train,fuse,1000,5,random,23,11,0.4782608695652174,0.6,0
SCOPE_all_zh__mix_rel065_evt065,K1000_seed5_coverage__fuse_r0.3,train,fuse,1000,5,coverage,23,18,0.782608695652174,0.3,0
SCOPE_all_zh__mix_rel065_evt065,K5000_seed1_random__fuse_r0.6,train,fuse,5000,1,random,23,11,0.4782608695652174,0.6,0
SCOPE_all_zh__mix_rel065_evt065,K5000_seed1_coverage__fuse_r0.3,train,fuse,5000,1,coverage,23,18,0.782608695652174,0.3,0
SCOPE_all_zh__mix_rel065_evt065,K5000_seed2_random__fuse_r0.3,train,fuse,5000,2,random,23,18,0.782608695652174,0.3,0
SCOPE_all_zh__mix_rel065_evt065,K5000_seed2_coverage__fuse_r0.3,train,fuse,5000,2,coverage,23,18,0.782608695652174,0.3,0
SCOPE_all_zh__mix_rel065_evt065,K5000_seed3_random__fuse_r0.3,train,fuse,5000,3,random,23,18,0.782608695652174,0.3,0
SCOPE_all_zh__mix_rel065_evt065,K5000_seed3_coverage__fuse_r0.6,train,fuse,5000,3,coverage,23,11,0.4782608695652174,0.6,0
SCOPE_all_zh__mix_rel065_evt065,K5000_seed4_random__fuse_r0.3,train,fuse,5000,4,random,23,18,0.782608695652174,0.3,0
SCOPE_all_zh__mix_rel065_evt065,K5000_seed4_coverage__fuse_r0.6,train,fuse,5000,4,coverage,23,11,0.4782608695652174,0.6,0
SCOPE_all_zh__mix_rel065_evt065,K5000_seed5_random__fuse_r0.6,train,fuse,5000,5,random,23,11,0.4782608695652174,0.6,0
SCOPE_all_zh__mix_rel065_evt065,K5000_seed5_coverage__fuse_r0.6,train,fuse,5000,5,coverage,23,11,0.4782608695652174,0.6,0
SCOPE_all_zh__mix_rel066_evt066,K200_seed1_random__fuse_r0.3,train,fuse,200,1,random,28,23,0.8214285714285714,0.3,0
SCOPE_all_zh__mix_rel066_evt066,K200_seed1_coverage__fuse_r0.3,train,fuse,200,1,coverage,28,23,0.8214285714285714,0.3,0
SCOPE_all_zh__mix_rel066_evt066,K200_seed2_random__fuse_r0.3,train,fuse,200,2,random,28,23,0.8214285714285714,0.3,0
SCOPE_all_zh__mix_rel066_evt066,K200_seed2_coverage__fuse_r0.3,train,fuse,200,2,coverage,28,23,0.8214285714285714,0.3,0
SCOPE_all_zh__mix_rel066_evt066,K200_seed3_random__fuse_r0.3,train,fuse,200,3,random,28,23,0.8214285714285714,0.3,0
SCOPE_all_zh__mix_rel066_evt066,K200_seed3_coverage__fuse_r0.3,train,fuse,200,3,coverage,28,23,0.8214285714285714,0.3,0
SCOPE_all_zh__mix_rel066_evt066,K200_seed4_random__fuse_r0.3,train,fuse,200,4,random,28,23,0.8214285714285714,0.3,0
SCOPE_all_zh__mix_rel066_evt066,K200_seed4_coverage__fuse_r0.6,train,fuse,200,4,coverage,28,15,0.5357142857142857,0.6,0
SCOPE_all_zh__mix_rel066_evt066,K200_seed5_random__fuse_r0.6,train,fuse,200,5,random,28,15,0.5357142857142857,0.6,0
SCOPE_all_zh__mix_rel066_evt066,K200_seed5_coverage__fuse_r0.3,train,fuse,200,5,coverage,28,23,0.8214285714285714,0.3,0
SCOPE_all_zh__mix_rel066_evt066,K1000_seed1_random__fuse_r0.3,train,fuse,1000,1,random,28,23,0.8214285714285714,0.3,0
SCOPE_all_zh__mix_rel066_evt066,K1000_seed1_coverage__fuse_r0.3,train,fuse,1000,1,coverage,28,23,0.8214285714285714,0.3,0
SCOPE_all_zh__mix_rel066_evt066,K1000_seed2_random__fuse_r0.6,train,fuse,1000,2,random,28,15,0.5357142857142857,0.6,0
SCOPE_all_zh__mix_rel066_evt066,K1000_seed2_coverage__fuse_r0.3,train,fuse,1000,2,coverage,28,23,0.8214285714285714,0.3,0
SCOPE_all_zh__mix_rel066_evt066,K1000_seed3_random__fuse_r0.3,train,fuse,1000,3,random,28,23,0.8214285714285714,0.3,0
SCOPE_all_zh__mix_rel066_evt066,K1000_seed3_coverage__fuse_r0.6,train,fuse,1000,3,coverage,28,15,0.5357142857142857,0.6,0
SCOPE_all_zh__mix_rel066_evt066,K1000_seed4_random__fuse_r0.6,train,fuse,1000,4,random,28,15,0.5357142857142857,0.6,0
SCOPE_all_zh__mix_rel066_evt066,K1000_seed4_coverage__fuse_r0.3,train,fuse,1000,4,coverage,28,23,0.8214285714285714,0.3,0
SCOPE_all_zh__mix_rel066_evt066,K1000_seed5_random__fuse_r0.6,train,fuse,1000,5,random,28,15,0.5357142857142857,0.6,0
SCOPE_all_zh__mix_rel066_evt066,K1000_seed5_coverage__fuse_r0.6,train,fuse,1000,5,coverage,28,15,0.5357142857142857,0.6,0
SCOPE_all_zh__mix_rel066_evt066,K5000_seed1_random__fuse_r0.6,train,fuse,5000,1,random,28,15,0.5357142857142857,0.6,0
SCOPE_all_zh__mix_rel066_evt066,K5000_seed1_coverage__fuse_r0.3,train,fuse,5000,1,coverage,28,23,0.8214285714285714,0.3,0
SCOPE_all_zh__mix_rel066_evt066,K5000_seed2_random__fuse_r0.3,train,fuse,5000,2,random,28,23,0.8214285714285714,0.3,0
SCOPE_all_zh__mix_rel066_evt066,K5000_seed2_coverage__fuse_r0.6,train,fuse,5000,2,coverage,28,15,0.5357142857142857,0.6,0
SCOPE_all_zh__mix_rel066_evt066,K5000_seed3_random__fuse_r0.3,train,fuse,5000,3,random,28,23,0.8214285714285714,0.3,0
SCOPE_all_zh__mix_rel066_evt066,K5000_seed3_coverage__fuse_r0.6,train,fuse,5000,3,coverage,28,15,0.5357142857142857,0.6,0
SCOPE_all_zh__mix_rel066_evt066,K5000_seed4_random__fuse_r0.6,train,fuse,5000,4,random,28,15,0.5357142857142857,0.6,0
SCOPE_all_zh__mix_rel066_evt066,K5000_seed4_coverage__fuse_r0.3,train,fuse,5000,4,coverage,28,23,0.8214285714285714,0.3,0
SCOPE_all_zh__mix_rel066_evt066,K5000_seed5_random__fuse_r0.3,train,fuse,5000,5,random,28,23,0.8214285714285714,0.3,0
SCOPE_all_zh__mix_rel066_evt066,K5000_seed5_coverage__fuse_r0.6,train,fuse,5000,5,coverage,28,15,0.5357142857142857,0.6,0
SCOPE_all_zh__mix_rel067_evt067,K200_seed1_random__fuse_r0.6,train,fuse,200,1,random,25,11,0.44,0.6,0
SCOPE_all_zh__mix_rel067_evt067,K200_seed1_coverage__fuse_r0.3,train,fuse,200,1,coverage,25,19,0.76,0.3,0
SCOPE_all_zh__mix_rel067_evt067,K200_seed2_random__fuse_r0.3,train,fuse,200,2,random,25,19,0.76,0.3,0
SCOPE_all_zh__mix_rel067_evt067,K200_seed2_coverage__fuse_r0.6,train,fuse,200,2,coverage,25,12,0.48,0.6,0
SCOPE_all_zh__mix_rel067_evt067,K200_seed3_random__fuse_r0.6,train,fuse,200,3,random,25,12,0.48,0.6,0
SCOPE_all_zh__mix_rel067_evt067,K200_seed3_coverage__fuse_r0.6,train,fuse,200,3,coverage,25,12,0.48,0.6,0
SCOPE_all_zh__mix_rel067_evt067,K200_seed4_random__fuse_r0.3,train,fuse,200,4,random,25,19,0.76,0.3,0
SCOPE_all_zh__mix_rel067_evt067,K200_seed4_coverage__fuse_r0.6,train,fuse,200,4,coverage,25,12,0.48,0.6,0
SCOPE_all_zh__mix_rel067_evt067,K200_seed5_random__fuse_r0.6,train,fuse,200,5,random,25,12,0.48,0.6,0
SCOPE_all_zh__mix_rel067_evt067,K200_seed5_coverage__fuse_r0.6,train,fuse,200,5,coverage,25,12,0.48,0.6,0
SCOPE_all_zh__mix_rel067_evt067,K1000_seed1_random__fuse_r0.6,train,fuse,1000,1,random,25,12,0.48,0.6,0
SCOPE_all_zh__mix_rel067_evt067,K1000_seed1_coverage__fuse_r0.6,train,fuse,1000,1,coverage,25,12,0.48,0.6,0
SCOPE_all_zh__mix_rel067_evt067,K1000_seed2_random__fuse_r0.3,train,fuse,1000,2,random,25,19,0.76,0.3,0
SCOPE_all_zh__mix_rel067_evt067,K1000_seed2_coverage__fuse_r0.3,train,fuse,1000,2,coverage,25,19,0.76,0.3,0
SCOPE_all_zh__mix_rel067_evt067,K1000_seed3_random__fuse_r0.3,train,fuse,1000,3,random,25,19,0.76,0.3,0
SCOPE_all_zh__mix_rel067_evt067,K1000_seed3_coverage__fuse_r0.6,train,fuse,1000,3,coverage,25,12,0.48,0.6,0
SCOPE_all_zh__mix_rel067_evt067,K1000_seed4_random__fuse_r0.3,train,fuse,1000,4,random,25,19,0.76,0.3,0
SCOPE_all_zh__mix_rel067_evt067,K1000_seed4_coverage__fuse_r0.3,train,fuse,1000,4,coverage,25,19,0.76,0.3,0
SCOPE_all_zh__mix_rel067_evt067,K1000_seed5_random__fuse_r0.3,train,fuse,1000,5,random,25,19,0.76,0.3,0
SCOPE_all_zh__mix_rel067_evt067,K1000_seed5_coverage__fuse_r0.6,train,fuse,1000,5,coverage,25,12,0.48,0.6,0
SCOPE_all_zh__mix_rel067_evt067,K5000_seed1_random__fuse_r0.3,train,fuse,5000,1,random,25,19,0.76,0.3,0
SCOPE_all_zh__mix_rel067_evt067,K5000_seed1_coverage__fuse_r0.3,train,fuse,5000,1,coverage,25,19,0.76,0.3,0
SCOPE_all_zh__mix_rel067_evt067,K5000_seed2_random__fuse_r0.6,train,fuse,5000,2,random,25,12,0.48,0.6,0
SCOPE_all_zh__mix_rel067_evt067,K5000_seed2_coverage__fuse_r0.6,train,fuse,5000,2,coverage,25,12,0.48,0.6,0
SCOPE_all_zh__mix_rel067_evt067,K5000_seed3_random__fuse_r0.3,train,fuse,5000,3,random,25,19,0.76,0.3,0
SCOPE_all_zh__mix_rel067_evt067,K5000_seed3_coverage__fuse_r0.6,train,fuse,5000,3,coverage,25,12,0.48,0.6,0
SCOPE_all_zh__mix_rel067_evt067,K5000_seed4_random__fuse_r0.6,train,fuse,5000,4,random,25,12,0.48,0.6,0
SCOPE_all_zh__mix_rel067_evt067,K5000_seed4_coverage__fuse_r0.3,train,fuse,5000,4,coverage,25,19,0.76,0.3,0
SCOPE_all_zh__mix_rel067_evt067,K5000_seed5_random__fuse_r0.3,train,fuse,5000,5,random,25,19,0.76,0.3,0
SCOPE_all_zh__mix_rel067_evt067,K5000_seed5_coverage__fuse_r0.3,train,fuse,5000,5,coverage,25,19,0.76,0.3,0
SCOPE_all_zh__mix_rel068_evt068,K200_seed1_random__fuse_r0.6,train,fuse,200,1,random,32,18,0.5625,0.6,0
SCOPE_all_zh__mix_rel068_evt068,K200_seed1_coverage__fuse_r0.3,train,fuse,200,1,coverage,32,26,0.8125,0.3,0
SCOPE_all_zh__mix_rel068_evt068,K200_seed2_random__fuse_r0.6,train,fuse,200,2,random,32,17,0.53125,0.6,0
SCOPE_all_zh__mix_rel068_evt068,K200_seed2_coverage__fuse_r0.3,train,fuse,200,2,coverage,32,26,0.8125,0.3,0
SCOPE_all_zh__mix_rel068_evt068,K200_seed3_random__fuse_r0.6,train,fuse,200,3,random,32,17,0.53125,0.6,0
SCOPE_all_zh__mix_rel068_evt068,K200_seed3_coverage__fuse_r0.3,train,fuse,200,3,coverage,32,26,0.8125,0.3,0
SCOPE_all_zh__mix_rel068_evt068,K200_seed4_random__fuse_r0.3,train,fuse,200,4,random,32,23,0.71875,0.3,0
SCOPE_all_zh__mix_rel068_evt068,K200_seed4_coverage__fuse_r0.6,train,fuse,200,4,coverage,32,18,0.5625,0.6,0
SCOPE_all_zh__mix_rel068_evt068,K200_seed5_random__fuse_r0.6,train,fuse,200,5,random,32,17,0.53125,0.6,0
SCOPE_all_zh__mix_rel068_evt068,K200_seed5_coverage__fuse_r0.6,train,fuse,200,5,coverage,32,18,0.5625,0.6,0
SCOPE_all_zh__mix_rel068_evt068,K1000_seed1_random__fuse_r0.6,train,fuse,1000,1,random,32,18,0.5625,0.6,0
SCOPE_all_zh__mix_rel068_evt068,K1000_seed1_coverage__fuse_r0.3,train,fuse,1000,1,coverage,32,26,0.8125,0.3,0
SCOPE_all_zh__mix_rel068_evt068,K1000_seed2_random__fuse_r0.6,train,fuse,1000,2,random,32,18,0.5625,0.6,0
SCOPE_all_zh__mix_rel068_evt068,K1000_seed2_coverage__fuse_r0.6,train,fuse,1000,2,coverage,32,18,0.5625,0.6,0
SCOPE_all_zh__mix_rel068_evt068,K1000_seed3_random__fuse_r0.6,train,fuse,1000,3,random,32,18,0.5625,0.6,0
SCOPE_all_zh__mix_rel068_evt068,K1000_seed3_coverage__fuse_r0.6,train,fuse,1000,3,coverage,32,18,0.5625,0.6,0
SCOPE_all_zh__mix_rel068_evt068,K1000_seed4_random__fuse_r0.6,train,fuse,1000,4,random,32,18,0.5625,0.6,0
SCOPE_all_zh__mix_rel068_evt068,K1000_seed4_coverage__fuse_r0.6,train,fuse,1000,4,coverage,32,18,0.5625,0.6,0
SCOPE_all_zh__mix_rel068_evt068,K1000_seed5_random__fuse_r0.3,train,fuse,1000,5,random,32,26,0.8125,0.3,0
SCOPE_all_zh__mix_rel068_evt068,K1000_seed5_coverage__fuse_r0.3,train,fuse,1000,5,coverage,32,26,0.8125,0.3,0
SCOPE_all_zh__mix_rel068_evt068,K5000_seed1_random__fuse_r0.6,train,fuse,5000,1,random,32,18,0.5625,0.6,0
SCOPE_all_zh__mix_rel068_evt068,K5000_seed1_coverage__fuse_r0.3,train,fuse,5000,1,coverage,32,26,0.8125,0.3,0
SCOPE_all_zh__mix_rel068_evt068,K5000_seed2_random__fuse_r0.3,train,fuse,5000,2,random,32,26,0.8125,0.3,0
SCOPE_all_zh__mix_rel068_evt068,K5000_seed2_coverage__fuse_r0.3,train,fuse,5000,2,coverage,32,26,0.8125,0.3,0
SCOPE_all_zh__mix_rel068_evt068,K5000_seed3_random__fuse_r0.3,train,fuse,5000,3,random,32,26,0.8125,0.3,0
SCOPE_all_zh__mix_rel068_evt068,K5000_seed3_coverage__fuse_r0.3,train,fuse,5000,3,coverage,32,26,0.8125,0.3,0
SCOPE_all_zh__mix_rel068_evt068,K5000_seed4_random__fuse_r0.6,train,fuse,5000,4,random,32,18,0.5625,0.6,0
SCOPE_all_zh__mix_rel068_evt068,K5000_seed4_coverage__fuse_r0.6,train,fuse,5000,4,coverage,32,18,0.5625,0.6,0
SCOPE_all_zh__mix_rel068_evt068,K5000_seed5_random__fuse_r0.3,train,fuse,5000,5,random,32,26,0.8125,0.3,0
SCOPE_all_zh__mix_rel068_evt068,K5000_seed5_coverage__fuse_r0.3,train,fuse,5000,5,coverage,32,26,0.8125,0.3,0
SCOPE_all_en__mix_rel069_evt069,K200_seed1_random__fuse_r0.6,train,fuse,200,1,random,42,10,0.23809523809523808,0.6,0
SCOPE_all_en__mix_rel069_evt069,K200_seed1_coverage__fuse_r0.6,train,fuse,200,1,coverage,42,14,0.3333333333333333,0.6,0
SCOPE_all_en__mix_rel069_evt069,K200_seed2_random__fuse_r0.6,train,fuse,200,2,random,42,8,0.19047619047619047,0.6,0
SCOPE_all_en__mix_rel069_evt069,K200_seed2_coverage__fuse_r0.6,train,fuse,200,2,coverage,42,14,0.3333333333333333,0.6,0
SCOPE_all_en__mix_rel069_evt069,K200_seed3_random__fuse_r0.6,train,fuse,200,3,random,42,11,0.2619047619047619,0.6,0
SCOPE_all_en__mix_rel069_evt069,K200_seed3_coverage__fuse_r0.6,train,fuse,200,3,coverage,42,14,0.3333333333333333,0.6,0
SCOPE_all_en__mix_rel069_evt069,K200_seed4_random__fuse_r0.3,train,fuse,200,4,random,42,16,0.38095238095238093,0.3,0
SCOPE_all_en__mix_rel069_evt069,K200_seed4_coverage__fuse_r0.6,train,fuse,200,4,coverage,42,14,0.3333333333333333,0.6,0
SCOPE_all_en__mix_rel069_evt069,K200_seed5_random__fuse_r0.3,train,fuse,200,5,random,42,17,0.40476190476190477,0.3,0
SCOPE_all_en__mix_rel069_evt069,K200_seed5_coverage__fuse_r0.6,train,fuse,200,5,coverage,42,14,0.3333333333333333,0.6,0
SCOPE_all_en__mix_rel069_evt069,K1000_seed1_random__fuse_r0.6,train,fuse,1000,1,random,42,13,0.30952380952380953,0.6,0
SCOPE_all_en__mix_rel069_evt069,K1000_seed1_coverage__fuse_r0.6,train,fuse,1000,1,coverage,42,14,0.3333333333333333,0.6,0
SCOPE_all_en__mix_rel069_evt069,K1000_seed2_random__fuse_r0.6,train,fuse,1000,2,random,42,13,0.30952380952380953,0.6,0
SCOPE_all_en__mix_rel069_evt069,K1000_seed2_coverage__fuse_r0.3,train,fuse,1000,2,coverage,42,24,0.5714285714285714,0.3,0
SCOPE_all_en__mix_rel069_evt069,K1000_seed3_random__fuse_r0.6,train,fuse,1000,3,random,42,12,0.2857142857142857,0.6,0
SCOPE_all_en__mix_rel069_evt069,K1000_seed3_coverage__fuse_r0.3,train,fuse,1000,3,coverage,42,24,0.5714285714285714,0.3,0
SCOPE_all_en__mix_rel069_evt069,K1000_seed4_random__fuse_r0.3,train,fuse,1000,4,random,42,19,0.4523809523809524,0.3,0
SCOPE_all_en__mix_rel069_evt069,K1000_seed4_coverage__fuse_r0.3,train,fuse,1000,4,coverage,42,24,0.5714285714285714,0.3,0
SCOPE_all_en__mix_rel069_evt069,K1000_seed5_random__fuse_r0.3,train,fuse,1000,5,random,42,21,0.5,0.3,0
SCOPE_all_en__mix_rel069_evt069,K1000_seed5_coverage__fuse_r0.3,train,fuse,1000,5,coverage,42,24,0.5714285714285714,0.3,0
SCOPE_all_en__mix_rel069_evt069,K5000_seed1_random__fuse_r0.6,train,fuse,5000,1,random,42,13,0.30952380952380953,0.6,0
SCOPE_all_en__mix_rel069_evt069,K5000_seed1_coverage__fuse_r0.3,train,fuse,5000,1,coverage,42,24,0.5714285714285714,0.3,0
SCOPE_all_en__mix_rel069_evt069,K5000_seed2_random__fuse_r0.6,train,fuse,5000,2,random,42,14,0.3333333333333333,0.6,0
SCOPE_all_en__mix_rel069_evt069,K5000_seed2_coverage__fuse_r0.6,train,fuse,5000,2,coverage,42,14,0.3333333333333333,0.6,0
SCOPE_all_en__mix_rel069_evt069,K5000_seed3_random__fuse_r0.3,train,fuse,5000,3,random,42,24,0.5714285714285714,0.3,0
SCOPE_all_en__mix_rel069_evt069,K5000_seed3_coverage__fuse_r0.6,train,fuse,5000,3,coverage,42,14,0.3333333333333333,0.6,0
SCOPE_all_en__mix_rel069_evt069,K5000_seed4_random__fuse_r0.3,train,fuse,5000,4,random,42,24,0.5714285714285714,0.3,0
SCOPE_all_en__mix_rel069_evt069,K5000_seed4_coverage__fuse_r0.3,train,fuse,5000,4,coverage,42,24,0.5714285714285714,0.3,0
SCOPE_all_en__mix_rel069_evt069,K5000_seed5_random__fuse_r0.6,train,fuse,5000,5,random,42,14,0.3333333333333333,0.6,0
SCOPE_all_en__mix_rel069_evt069,K5000_seed5_coverage__fuse_r0.6,train,fuse,5000,5,coverage,42,14,0.3333333333333333,0.6,0
SCOPE_all_zh__mix_rel070_evt070,K200_seed1_random__fuse_r0.3,train,fuse,200,1,random,35,25,0.7142857142857143,0.3,0
SCOPE_all_zh__mix_rel070_evt070,K200_seed1_coverage__fuse_r0.6,train,fuse,200,1,coverage,35,15,0.42857142857142855,0.6,0
SCOPE_all_zh__mix_rel070_evt070,K200_seed2_random__fuse_r0.3,train,fuse,200,2,random,35,26,0.7428571428571429,0.3,0
SCOPE_all_zh__mix_rel070_evt070,K200_seed2_coverage__fuse_r0.6,train,fuse,200,2,coverage,35,15,0.42857142857142855,0.6,0
SCOPE_all_zh__mix_rel070_evt070,K200_seed3_random__fuse_r0.6,train,fuse,200,3,random,35,14,0.4,0.6,0
SCOPE_all_zh__mix_rel070_evt070,K200_seed3_coverage__fuse_r0.3,train,fuse,200,3,coverage,35,26,0.7428571428571429,0.3,0
SCOPE_all_zh__mix_rel070_evt070,K200_seed4_random__fuse_r0.6,train,fuse,200,4,random,35,15,0.42857142857142855,0.6,0
SCOPE_all_zh__mix_rel070_evt070,K200_seed4_coverage__fuse_r0.6,train,fuse,200,4,coverage,35,15,0.42857142857142855,0.6,0
SCOPE_all_zh__mix_rel070_evt070,K200_seed5_random__fuse_r0.6,train,fuse,200,5,random,35,15,0.42857142857142855,0.6,0
SCOPE_all_zh__mix_rel070_evt070,K200_seed5_coverage__fuse_r0.6,train,fuse,200,5,coverage,35,15,0.42857142857142855,0.6,0
SCOPE_all_zh__mix_rel070_evt070,K1000_seed1_random__fuse_r0.3,train,fuse,1000,1,random,35,26,0.7428571428571429,0.3,0
SCOPE_all_zh__mix_rel070_evt070,K1000_seed1_coverage__fuse_r0.6,train,fuse,1000,1,coverage,35,15,0.42857142857142855,0.6,0
SCOPE_all_zh__mix_rel070_evt070,K1000_seed2_random__fuse_r0.6,train,fuse,1000,2,random,35,15,0.42857142857142855,0.6,0
SCOPE_all_zh__mix_rel070_evt070,K1000_seed2_coverage__fuse_r0.6,train,fuse,1000,2,coverage,35,15,0.42857142857142855,0.6,0
SCOPE_all_zh__mix_rel070_evt070,K1000_seed3_random__fuse_r0.6,train,fuse,1000,3,random,35,15,0.42857142857142855,0.6,0
SCOPE_all_zh__mix_rel070_evt070,K1000_seed3_coverage__fuse_r0.3,train,fuse,1000,3,coverage,35,26,0.7428571428571429,0.3,0
SCOPE_all_zh__mix_rel070_evt070,K1000_seed4_random__fuse_r0.3,train,fuse,1000,4,random,35,26,0.7428571428571429,0.3,0
SCOPE_all_zh__mix_rel070_evt070,K1000_seed4_coverage__fuse_r0.3,train,fuse,1000,4,coverage,35,26,0.7428571428571429,0.3,0
SCOPE_all_zh__mix_rel070_evt070,K1000_seed5_random__fuse_r0.6,train,fuse,1000,5,random,35,15,0.42857142857142855,0.6,0
SCOPE_all_zh__mix_rel070_evt070,K1000_seed5_coverage__fuse_r0.6,train,fuse,1000,5,coverage,35,15,0.42857142857142855,0.6,0
SCOPE_all_zh__mix_rel070_evt070,K5000_seed1_random__fuse_r0.6,train,fuse,5000,1,random,35,15,0.42857142857142855,0.6,0
SCOPE_all_zh__mix_rel070_evt070,K5000_seed1_coverage__fuse_r0.6,train,fuse,5000,1,coverage,35,15,0.42857142857142855,0.6,0
SCOPE_all_zh__mix_rel070_evt070,K5000_seed2_random__fuse_r0.6,train,fuse,5000,2,random,35,15,0.42857142857142855,0.6,0
SCOPE_all_zh__mix_rel070_evt070,K5000_seed2_coverage__fuse_r0.3,train,fuse,5000,2,coverage,35,26,0.7428571428571429,0.3,0
SCOPE_all_zh__mix_rel070_evt070,K5000_seed3_random__fuse_r0.6,train,fuse,5000,3,random,35,15,0.42857142857142855,0.6,0
SCOPE_all_zh__mix_rel070_evt070,K5000_seed3_coverage__fuse_r0.6,train,fuse,5000,3,coverage,35,15,0.42857142857142855,0.6,0
SCOPE_all_zh__mix_rel070_evt070,K5000_seed4_random__fuse_r0.3,train,fuse,5000,4,random,35,26,0.7428571428571429,0.3,0
SCOPE_all_zh__mix_rel070_evt070,K5000_seed4_coverage__fuse_r0.3,train,fuse,5000,4,coverage,35,26,0.7428571428571429,0.3,0
SCOPE_all_zh__mix_rel070_evt070,K5000_seed5_random__fuse_r0.6,train,fuse,5000,5,random,35,15,0.42857142857142855,0.6,0
SCOPE_all_zh__mix_rel070_evt070,K5000_seed5_coverage__fuse_r0.6,train,fuse,5000,5,coverage,35,15,0.42857142857142855,0.6,0
SCOPE_all_zh__mix_rel071_evt071,K200_seed1_random__fuse_r0.6,train,fuse,200,1,random,37,19,0.5135135135135135,0.6,0
SCOPE_all_zh__mix_rel071_evt071,K200_seed1_coverage__fuse_r0.6,train,fuse,200,1,coverage,37,21,0.5675675675675675,0.6,0
SCOPE_all_zh__mix_rel071_evt071,K200_seed2_random__fuse_r0.3,train,fuse,200,2,random,37,27,0.7297297297297297,0.3,0
SCOPE_all_zh__mix_rel071_evt071,K200_seed2_coverage__fuse_r0.6,train,fuse,200,2,coverage,37,21,0.5675675675675675,0.6,0
SCOPE_all_zh__mix_rel071_evt071,K200_seed3_random__fuse_r0.3,train,fuse,200,3,random,37,25,0.6756756756756757,0.3,0
SCOPE_all_zh__mix_rel071_evt071,K200_seed3_coverage__fuse_r0.3,train,fuse,200,3,coverage,37,30,0.8108108108108109,0.3,0
SCOPE_all_zh__mix_rel071_evt071,K200_seed4_random__fuse_r0.3,train,fuse,200,4,random,37,27,0.7297297297297297,0.3,0
SCOPE_all_zh__mix_rel071_evt071,K200_seed4_coverage__fuse_r0.3,train,fuse,200,4,coverage,37,30,0.8108108108108109,0.3,0
SCOPE_all_zh__mix_rel071_evt071,K200_seed5_random__fuse_r0.6,train,fuse,200,5,random,37,20,0.5405405405405406,0.6,0
SCOPE_all_zh__mix_rel071_evt071,K200_seed5_coverage__fuse_r0.3,train,fuse,200,5,coverage,37,30,0.8108108108108109,0.3,0
SCOPE_all_zh__mix_rel071_evt071,K1000_seed1_random__fuse_r0.6,train,fuse,1000,1,random,37,21,0.5675675675675675,0.6,0
SCOPE_all_zh__mix_rel071_evt071,K1000_seed1_coverage__fuse_r0.6,train,fuse,1000,1,coverage,37,21,0.5675675675675675,0.6,0
SCOPE_all_zh__mix_rel071_evt071,K1000_seed2_random__fuse_r0.3,train,fuse,1000,2,random,37,29,0.7837837837837838,0.3,0
SCOPE_all_zh__mix_rel071_evt071,K1000_seed2_coverage__fuse_r0.6,train,fuse,1000,2,coverage,37,21,0.5675675675675675,0.6,0
SCOPE_all_zh__mix_rel071_evt071,K1000_seed3_random__fuse_r0.6,train,fuse,1000,3,random,37,20,0.5405405405405406,0.6,0
SCOPE_all_zh__mix_rel071_evt071,K1000_seed3_coverage__fuse_r0.3,train,fuse,1000,3,coverage,37,30,0.8108108108108109,0.3,0
SCOPE_all_zh__mix_rel071_evt071,K1000_seed4_random__fuse_r0.3,train,fuse,1000,4,random,37,29,0.7837837837837838,0.3,0
SCOPE_all_zh__mix_rel071_evt071,K1000_seed4_coverage__fuse_r0.6,train,fuse,1000,4,coverage,37,21,0.5675675675675675,0.6,0
SCOPE_all_zh__mix_rel071_evt071,K1000_seed5_random__fuse_r0.3,train,fuse,1000,5,random,37,30,0.8108108108108109,0.3,0
SCOPE_all_zh__mix_rel071_evt071,K1000_seed5_coverage__fuse_r0.3,train,fuse,1000,5,coverage,37,30,0.8108108108108109,0.3,0
SCOPE_all_zh__mix_rel071_evt071,K5000_seed1_random__fuse_r0.6,train,fuse,5000,1,random,37,21,0.5675675675675675,0.6,0
SCOPE_all_zh__mix_rel071_evt071,K5000_seed1_coverage__fuse_r0.6,train,fuse,5000,1,coverage,37,21,0.5675675675675675,0.6,0
SCOPE_all_zh__mix_rel071_evt071,K5000_seed2_random__fuse_r0.6,train,fuse,5000,2,random,37,21,0.5675675675675675,0.6,0
SCOPE_all_zh__mix_rel071_evt071,K5000_seed2_coverage__fuse_r0.6,train,fuse,5000,2,coverage,37,21,0.5675675675675675,0.6,0
SCOPE_all_zh__mix_rel071_evt071,K5000_seed3_random__fuse_r0.6,train,fuse,5000,3,random,37,21,0.5675675675675675,0.6,0
SCOPE_all_zh__mix_rel071_evt071,K5000_seed3_coverage__fuse_r0.3,train,fuse,5000,3,coverage,37,30,0.8108108108108109,0.3,0
SCOPE_all_zh__mix_rel071_evt071,K5000_seed4_random__fuse_r0.6,train,fuse,5000,4,random,37,21,0.5675675675675675,0.6,0
SCOPE_all_zh__mix_rel071_evt071,K5000_seed4_coverage__fuse_r0.6,train,fuse,5000,4,coverage,37,21,0.5675675675675675,0.6,0
SCOPE_all_zh__mix_rel071_evt071,K5000_seed5_random__fuse_r0.6,train,fuse,5000,5,random,37,21,0.5675675675675675,0.6,0
SCOPE_all_zh__mix_rel071_evt071,K5000_seed5_coverage__fuse_r0.6,train,fuse,5000,5,coverage,37,21,0.5675675675675675,0.6,0
SCOPE_all_zh__mix_rel072_evt072,K200_seed1_random__fuse_r0.6,train,fuse,200,1,random,16,12,0.75,0.6,0
SCOPE_all_zh__mix_rel072_evt072,K200_seed1_coverage__fuse_r0.3,train,fuse,200,1,coverage,16,15,0.9375,0.3,0
SCOPE_all_zh__mix_rel072_evt072,K200_seed2_random__fuse_r0.6,train,fuse,200,2,random,16,12,0.75,0.6,0
SCOPE_all_zh__mix_rel072_evt072,K200_seed2_coverage__fuse_r0.3,train,fuse,200,2,coverage,16,15,0.9375,0.3,0
SCOPE_all_zh__mix_rel072_evt072,K200_seed3_random__fuse_r0.6,train,fuse,200,3,random,16,12,0.75,0.6,0
SCOPE_all_zh__mix_rel072_evt072,K200_seed3_coverage__fuse_r0.3,train,fuse,200,3,coverage,16,15,0.9375,0.3,0
SCOPE_all_zh__mix_rel072_evt072,K200_seed4_random__fuse_r0.3,train,fuse,200,4,random,16,13,0.8125,0.3,0
SCOPE_all_zh__mix_rel072_evt072,K200_seed4_coverage__fuse_r0.6,train,fuse,200,4,coverage,16,12,0.75,0.6,0
SCOPE_all_zh__mix_rel072_evt072,K200_seed5_random__fuse_r0.6,train,fuse,200,5,random,16,12,0.75,0.6,0
SCOPE_all_zh__mix_rel072_evt072,K200_seed5_coverage__fuse_r0.3,train,fuse,200,5,coverage,16,15,0.9375,0.3,0
SCOPE_all_zh__mix_rel072_evt072,K1000_seed1_random__fuse_r0.3,train,fuse,1000,1,random,16,15,0.9375,0.3,0
SCOPE_all_zh__mix_rel072_evt072,K1000_seed1_coverage__fuse_r0.6,train,fuse,1000,1,coverage,16,12,0.75,0.6,0
SCOPE_all_zh__mix_rel072_evt072,K1000_seed2_random__fuse_r0.6,train,fuse,1000,2,random,16,12,0.75,0.6,0
SCOPE_all_zh__mix_rel072_evt072,K1000_seed2_coverage__fuse_r0.6,train,fuse,1000,2,coverage,16,12,0.75,0.6,0
SCOPE_all_zh__mix_rel072_evt072,K1000_seed3_random__fuse_r0.6,train,fuse,1000,3,random,16,12,0.75,0.6,0
SCOPE_all_zh__mix_rel072_evt072,K1000_seed3_coverage__fuse_r0.3,train,fuse,1000,3,coverage,16,15,0.9375,0.3,0
SCOPE_all_zh__mix_rel072_evt072,K1000_seed4_random__fuse_r0.6,train,fuse,1000,4,random,16,12,0.75,0.6,0
SCOPE_all_zh__mix_rel072_evt072,K1000_seed4_coverage__fuse_r0.6,train,fuse,1000,4,coverage,16,12,0.75,0.6,0
SCOPE_all_zh__mix_rel072_evt072,K1000_seed5_random__fuse_r0.6,train,fuse,1000,5,random,16,12,0.75,0.6,0
SCOPE_all_zh__mix_rel072_evt072,K1000_seed5_coverage__fuse_r0.3,train,fuse,1000,5,coverage,16,15,0.9375,0.3,0
SCOPE_all_zh__mix_rel072_evt072,K5000_seed1_random__fuse_r0.3,train,fuse,5000,1,random,16,15,0.9375,0.3,0
SCOPE_all_zh__mix_rel072_evt072,K5000_seed1_coverage__fuse_r0.3,train,fuse,5000,1,coverage,16,15,0.9375,0.3,0
SCOPE_all_zh__mix_rel072_evt072,K5000_seed2_random__fuse_r0.6,train,fuse,5000,2,random,16,12,0.75,0.6,0
SCOPE_all_zh__mix_rel072_evt072,K5000_seed2_coverage__fuse_r0.3,train,fuse,5000,2,coverage,16,15,0.9375,0.3,0
SCOPE_all_zh__mix_rel072_evt072,K5000_seed3_random__fuse_r0.6,train,fuse,5000,3,random,16,12,0.75,0.6,0
SCOPE_all_zh__mix_rel072_evt072,K5000_seed3_coverage__fuse_r0.6,train,fuse,5000,3,coverage,16,12,0.75,0.6,0
SCOPE_all_zh__mix_rel072_evt072,K5000_seed4_random__fuse_r0.6,train,fuse,5000,4,random,16,12,0.75,0.6,0
SCOPE_all_zh__mix_rel072_evt072,K5000_seed4_coverage__fuse_r0.3,train,fuse,5000,4,coverage,16,15,0.9375,0.3,0
SCOPE_all_zh__mix_rel072_evt072,K5000_seed5_random__fuse_r0.6,train,fuse,5000,5,random,16,12,0.75,0.6,0
SCOPE_all_zh__mix_rel072_evt072,K5000_seed5_coverage__fuse_r0.3,train,fuse,5000,5,coverage,16,15,0.9375,0.3,0
SCOPE_all_zh__mix_rel073_evt073,K200_seed1_random__fuse_r0.3,train,fuse,200,1,random,21,17,0.8095238095238095,0.3,0
SCOPE_all_zh__mix_rel073_evt073,K200_seed1_coverage__fuse_r0.3,train,fuse,200,1,coverage,21,17,0.8095238095238095,0.3,0
SCOPE_all_zh__mix_rel073_evt073,K200_seed2_random__fuse_r0.6,train,fuse,200,2,random,21,11,0.5238095238095238,0.6,0
SCOPE_all_zh__mix_rel073_evt073,K200_seed2_coverage__fuse_r0.3,train,fuse,200,2,coverage,21,17,0.8095238095238095,0.3,0
SCOPE_all_zh__mix_rel073_evt073,K200_seed3_random__fuse_r0.3,train,fuse,200,3,random,21,16,0.7619047619047619,0.3,0
SCOPE_all_zh__mix_rel073_evt073,K200_seed3_coverage__fuse_r0.3,train,fuse,200,3,coverage,21,17,0.8095238095238095,0.3,0
SCOPE_all_zh__mix_rel073_evt073,K200_seed4_random__fuse_r0.3,train,fuse,200,4,random,21,17,0.8095238095238095,0.3,0
SCOPE_all_zh__mix_rel073_evt073,K200_seed4_coverage__fuse_r0.6,train,fuse,200,4,coverage,21,11,0.5238095238095238,0.6,0
SCOPE_all_zh__mix_rel073_evt073,K200_seed5_random__fuse_r0.6,train,fuse,200,5,random,21,11,0.5238095238095238,0.6,0
SCOPE_all_zh__mix_rel073_evt073,K200_seed5_coverage__fuse_r0.3,train,fuse,200,5,coverage,21,17,0.8095238095238095,0.3,0
SCOPE_all_zh__mix_rel073_evt073,K1000_seed1_random__fuse_r0.3,train,fuse,1000,1,random,21,17,0.8095238095238095,0.3,0
SCOPE_all_zh__mix_rel073_evt073,K1000_seed1_coverage__fuse_r0.6,train,fuse,1000,1,coverage,21,11,0.5238095238095238,0.6,0
SCOPE_all_zh__mix_rel073_evt073,K1000_seed2_random__fuse_r0.6,train,fuse,1000,2,random,21,11,0.5238095238095238,0.6,0
SCOPE_all_zh__mix_rel073_evt073,K1000_seed2_coverage__fuse_r0.6,train,fuse,1000,2,coverage,21,11,0.5238095238095238,0.6,0
SCOPE_all_zh__mix_rel073_evt073,K1000_seed3_random__fuse_r0.3,train,fuse,1000,3,random,21,17,0.8095238095238095,0.3,0
SCOPE_all_zh__mix_rel073_evt073,K1000_seed3_coverage__fuse_r0.6,train,fuse,1000,3,coverage,21,11,0.5238095238095238,0.6,0
SCOPE_all_zh__mix_rel073_evt073,K1000_seed4_random__fuse_r0.3,train,fuse,1000,4,random,21,17,0.8095238095238095,0.3,0
SCOPE_all_zh__mix_rel073_evt073,K1000_seed4_coverage__fuse_r0.6,train,fuse,1000,4,coverage,21,11,0.5238095238095238,0.6,0
SCOPE_all_zh__mix_rel073_evt073,K1000_seed5_random__fuse_r0.3,train,fuse,1000,5,random,21,17,0.8095238095238095,0.3,0
SCOPE_all_zh__mix_rel073_evt073,K1000_seed5_coverage__fuse_r0.3,train,fuse,1000,5,coverage,21,17,0.8095238095238095,0.3,0
SCOPE_all_zh__mix_rel073_evt073,K5000_seed1_random__fuse_r0.6,train,fuse,5000,1,random,21,11,0.5238095238095238,0.6,0
SCOPE_all_zh__mix_rel073_evt073,K5000_seed1_coverage__fuse_r0.6,train,fuse,5000,1,coverage,21,11,0.5238095238095238,0.6,0
SCOPE_all_zh__mix_rel073_evt073,K5000_seed2_random__fuse_r0.3,train,fuse,5000,2,random,21,17,0.8095238095238095,0.3,0
SCOPE_all_zh__mix_rel073_evt073,K5000_seed2_coverage__fuse_r0.3,train,fuse,5000,2,coverage,21,17,0.8095238095238095,0.3,0
SCOPE_all_zh__mix_rel073_evt073,K5000_seed3_random__fuse_r0.6,train,fuse,5000,3,random,21,11,0.5238095238095238,0.6,0
SCOPE_all_zh__mix_rel073_evt073,K5000_seed3_coverage__fuse_r0.3,train,fuse,5000,3,coverage,21,17,0.8095238095238095,0.3,0
SCOPE_all_zh__mix_rel073_evt073,K5000_seed4_random__fuse_r0.3,train,fuse,5000,4,random,21,17,0.8095238095238095,0.3,0
SCOPE_all_zh__mix_rel073_evt073,K5000_seed4_coverage__fuse_r0.3,train,fuse,5000,4,coverage,21,17,0.8095238095238095,0.3,0
SCOPE_all_zh__mix_rel073_evt073,K5000_seed5_random__fuse_r0.3,train,fuse,5000,5,random,21,17,0.8095238095238095,0.3,0
SCOPE_all_zh__mix_rel073_evt073,K5000_seed5_coverage__fuse_r0.6,train,fuse,5000,5,coverage,21,11,0.5238095238095238,0.6,0
SCOPE_all_zh__mix_rel074_evt074,K200_seed1_random__fuse_r0.3,train,fuse,200,1,random,27,22,0.8148148148148148,0.3,0
SCOPE_all_zh__mix_rel074_evt074,K200_seed1_coverage__fuse_r0.3,train,fuse,200,1,coverage,27,23,0.8518518518518519,0.3,0
SCOPE_all_zh__mix_rel074_evt074,K200_seed2_random__fuse_r0.3,train,fuse,200,2,random,27,22,0.8148148148148148,0.3,0
SCOPE_all_zh__mix_rel074_evt074,K200_seed2_coverage__fuse_r0.6,train,fuse,200,2,coverage,27,17,0.6296296296296297,0.6,0
SCOPE_all_zh__mix_rel074_evt074,K200_seed3_random__fuse_r0.6,train,fuse,200,3,random,27,17,0.6296296296296297,0.6,0
SCOPE_all_zh__mix_rel074_evt074,K200_seed3_coverage__fuse_r0.6,train,fuse,200,3,coverage,27,17,0.6296296296296297,0.6,0
SCOPE_all_zh__mix_rel074_evt074,K200_seed4_random__fuse_r0.6,train,fuse,200,4,random,27,15,0.5555555555555556,0.6,0
SCOPE_all_zh__mix_rel074_evt074,K200_seed4_coverage__fuse_r0.6,train,fuse,200,4,coverage,27,17,0.6296296296296297,0.6,0
SCOPE_all_zh__mix_rel074_evt074,K200_seed5_random__fuse_r0.6,train,fuse,200,5,random,27,17,0.6296296296296297,0.6,0
SCOPE_all_zh__mix_rel074_evt074,K200_seed5_coverage__fuse_r0.3,train,fuse,200,5,coverage,27,23,0.8518518518518519,0.3,0
SCOPE_all_zh__mix_rel074_evt074,K1000_seed1_random__fuse_r0.3,train,fuse,1000,1,random,27,23,0.8518518518518519,0.3,0
SCOPE_all_zh__mix_rel074_evt074,K1000_seed1_coverage__fuse_r0.6,train,fuse,1000,1,coverage,27,17,0.6296296296296297,0.6,0
SCOPE_all_zh__mix_rel074_evt074,K1000_seed2_random__fuse_r0.6,train,fuse,1000,2,random,27,17,0.6296296296296297,0.6,0
SCOPE_all_zh__mix_rel074_evt074,K1000_seed2_coverage__fuse_r0.3,train,fuse,1000,2,coverage,27,23,0.8518518518518519,0.3,0
SCOPE_all_zh__mix_rel074_evt074,K1000_seed3_random__fuse_r0.3,train,fuse,1000,3,random,27,23,0.8518518518518519,0.3,0
SCOPE_all_zh__mix_rel074_evt074,K1000_seed3_coverage__fuse_r0.6,train,fuse,1000,3,coverage,27,17,0.6296296296296297,0.6,0
SCOPE_all_zh__mix_rel074_evt074,K1000_seed4_random__fuse_r0.6,train,fuse,1000,4,random,27,17,0.6296296296296297,0.6,0
SCOPE_all_zh__mix_rel074_evt074,K1000_seed4_coverage__fuse_r0.6,train,fuse,1000,4,coverage,27,17,0.6296296296296297,0.6,0
SCOPE_all_zh__mix_rel074_evt074,K1000_seed5_random__fuse_r0.3,train,fuse,1000,5,random,27,23,0.8518518518518519,0.3,0
SCOPE_all_zh__mix_rel074_evt074,K1000_seed5_coverage__fuse_r0.3,train,fuse,1000,5,coverage,27,23,0.8518518518518519,0.3,0
SCOPE_all_zh__mix_rel074_evt074,K5000_seed1_random__fuse_r0.3,train,fuse,5000,1,random,27,23,0.8518518518518519,0.3,0
SCOPE_all_zh__mix_rel074_evt074,K5000_seed1_coverage__fuse_r0.6,train,fuse,5000,1,coverage,27,17,0.6296296296296297,0.6,0
SCOPE_all_zh__mix_rel074_evt074,K5000_seed2_random__fuse_r0.6,train,fuse,5000,2,random,27,17,0.6296296296296297,0.6,0
SCOPE_all_zh__mix_rel074_evt074,K5000_seed2_coverage__fuse_r0.6,train,fuse,5000,2,coverage,27,17,0.6296296296296297,0.6,0
SCOPE_all_zh__mix_rel074_evt074,K5000_seed3_random__fuse_r0.3,train,fuse,5000,3,random,27,23,0.8518518518518519,0.3,0
SCOPE_all_zh__mix_rel074_evt074,K5000_seed3_coverage__fuse_r0.3,train,fuse,5000,3,coverage,27,23,0.8518518518518519,0.3,0
SCOPE_all_zh__mix_rel074_evt074,K5000_seed4_random__fuse_r0.3,train,fuse,5000,4,random,27,23,0.8518518518518519,0.3,0
SCOPE_all_zh__mix_rel074_evt074,K5000_seed4_coverage__fuse_r0.3,train,fuse,5000,4,coverage,27,23,0.8518518518518519,0.3,0
SCOPE_all_zh__mix_rel074_evt074,K5000_seed5_random__fuse_r0.6,train,fuse,5000,5,random,27,17,0.6296296296296297,0.6,0
SCOPE_all_zh__mix_rel074_evt074,K5000_seed5_coverage__fuse_r0.6,train,fuse,5000,5,coverage,27,17,0.6296296296296297,0.6,0
SCOPE_all_zh__mix_rel075_evt075,K200_seed1_random__fuse_r0.3,train,fuse,200,1,random,27,19,0.7037037037037037,0.3,0
SCOPE_all_zh__mix_rel075_evt075,K200_seed1_coverage__fuse_r0.6,train,fuse,200,1,coverage,27,18,0.6666666666666666,0.6,0
SCOPE_all_zh__mix_rel075_evt075,K200_seed2_random__fuse_r0.3,train,fuse,200,2,random,27,14,0.5185185185185185,0.3,0
SCOPE_all_zh__mix_rel075_evt075,K200_seed2_coverage__fuse_r0.6,train,fuse,200,2,coverage,27,18,0.6666666666666666,0.6,0
SCOPE_all_zh__mix_rel075_evt075,K200_seed3_random__fuse_r0.6,train,fuse,200,3,random,27,15,0.5555555555555556,0.6,0
SCOPE_all_zh__mix_rel075_evt075,K200_seed3_coverage__fuse_r0.6,train,fuse,200,3,coverage,27,18,0.6666666666666666,0.6,0
SCOPE_all_zh__mix_rel075_evt075,K200_seed4_random__fuse_r0.3,train,fuse,200,4,random,27,17,0.6296296296296297,0.3,0
SCOPE_all_zh__mix_rel075_evt075,K200_seed4_coverage__fuse_r0.6,train,fuse,200,4,coverage,27,18,0.6666666666666666,0.6,0
SCOPE_all_zh__mix_rel075_evt075,K200_seed5_random__fuse_r0.6,train,fuse,200,5,random,27,12,0.4444444444444444,0.6,0
SCOPE_all_zh__mix_rel075_evt075,K200_seed5_coverage__fuse_r0.3,train,fuse,200,5,coverage,27,25,0.9259259259259259,0.3,0
SCOPE_all_zh__mix_rel075_evt075,K1000_seed1_random__fuse_r0.3,train,fuse,1000,1,random,27,24,0.8888888888888888,0.3,0
SCOPE_all_zh__mix_rel075_evt075,K1000_seed1_coverage__fuse_r0.6,train,fuse,1000,1,coverage,27,18,0.6666666666666666,0.6,0
SCOPE_all_zh__mix_rel075_evt075,K1000_seed2_random__fuse_r0.3,train,fuse,1000,2,random,27,24,0.8888888888888888,0.3,0
SCOPE_all_zh__mix_rel075_evt075,K1000_seed2_coverage__fuse_r0.3,train,fuse,1000,2,coverage,27,25,0.9259259259259259,0.3,0
SCOPE_all_zh__mix_rel075_evt075,K1000_seed3_random__fuse_r0.6,train,fuse,1000,3,random,27,17,0.6296296296296297,0.6,0
SCOPE_all_zh__mix_rel075_evt075,K1000_seed3_coverage__fuse_r0.3,train,fuse,1000,3,coverage,27,25,0.9259259259259259,0.3,0
SCOPE_all_zh__mix_rel075_evt075,K1000_seed4_random__fuse_r0.6,train,fuse,1000,4,random,27,16,0.5925925925925926,0.6,0
SCOPE_all_zh__mix_rel075_evt075,K1000_seed4_coverage__fuse_r0.6,train,fuse,1000,4,coverage,27,18,0.6666666666666666,0.6,0
SCOPE_all_zh__mix_rel075_evt075,K1000_seed5_random__fuse_r0.6,train,fuse,1000,5,random,27,16,0.5925925925925926,0.6,0
SCOPE_all_zh__mix_rel075_evt075,K1000_seed5_coverage__fuse_r0.6,train,fuse,1000,5,coverage,27,18,0.6666666666666666,0.6,0
SCOPE_all_zh__mix_rel075_evt075,K5000_seed1_random__fuse_r0.3,train,fuse,5000,1,random,27,25,0.9259259259259259,0.3,0
SCOPE_all_zh__mix_rel075_evt075,K5000_seed1_coverage__fuse_r0.3,train,fuse,5000,1,coverage,27,25,0.9259259259259259,0.3,0
SCOPE_all_zh__mix_rel075_evt075,K5000_seed2_random__fuse_r0.3,train,fuse,5000,2,random,27,25,0.9259259259259259,0.3,0
SCOPE_all_zh__mix_rel075_evt075,K5000_seed2_coverage__fuse_r0.3,train,fuse,5000,2,coverage,27,25,0.9259259259259259,0.3,0
SCOPE_all_zh__mix_rel075_evt075,K5000_seed3_random__fuse_r0.3,train,fuse,5000,3,random,27,24,0.8888888888888888,0.3,0
SCOPE_all_zh__mix_rel075_evt075,K5000_seed3_coverage__fuse_r0.6,train,fuse,5000,3,coverage,27,18,0.6666666666666666,0.6,0
SCOPE_all_zh__mix_rel075_evt075,K5000_seed4_random__fuse_r0.3,train,fuse,5000,4,random,27,25,0.9259259259259259,0.3,0
SCOPE_all_zh__mix_rel075_evt075,K5000_seed4_coverage__fuse_r0.6,train,fuse,5000,4,coverage,27,18,0.6666666666666666,0.6,0
SCOPE_all_zh__mix_rel075_evt075,K5000_seed5_random__fuse_r0.6,train,fuse,5000,5,random,27,18,0.6666666666666666,0.6,0
SCOPE_all_zh__mix_rel075_evt075,K5000_seed5_coverage__fuse_r0.6,train,fuse,5000,5,coverage,27,18,0.6666666666666666,0.6,0
SCOPE_all_zh__mix_rel076_evt076,K200_seed1_random__fuse_r0.3,train,fuse,200,1,random,30,24,0.8,0.3,0
SCOPE_all_zh__mix_rel076_evt076,K200_seed1_coverage__fuse_r0.6,train,fuse,200,1,coverage,30,17,0.5666666666666667,0.6,0
SCOPE_all_zh__mix_rel076_evt076,K200_seed2_random__fuse_r0.3,train,fuse,200,2,random,30,16,0.5333333333333333,0.3,0
SCOPE_all_zh__mix_rel076_evt076,K200_seed2_coverage__fuse_r0.6,train,fuse,200,2,coverage,30,17,0.5666666666666667,0.6,0
SCOPE_all_zh__mix_rel076_evt076,K200_seed3_random__fuse_r0.6,train,fuse,200,3,random,30,14,0.4666666666666667,0.6,0
SCOPE_all_zh__mix_rel076_evt076,K200_seed3_coverage__fuse_r0.6,train,fuse,200,3,coverage,30,17,0.5666666666666667,0.6,0
SCOPE_all_zh__mix_rel076_evt076,K200_seed4_random__fuse_r0.3,train,fuse,200,4,random,30,19,0.6333333333333333,0.3,0
SCOPE_all_zh__mix_rel076_evt076,K200_seed4_coverage__fuse_r0.3,train,fuse,200,4,coverage,30,25,0.8333333333333334,0.3,0
SCOPE_all_zh__mix_rel076_evt076,K200_seed5_random__fuse_r0.6,train,fuse,200,5,random,30,12,0.4,0.6,0
SCOPE_all_zh__mix_rel076_evt076,K200_seed5_coverage__fuse_r0.3,train,fuse,200,5,coverage,30,25,0.8333333333333334,0.3,0
SCOPE_all_zh__mix_rel076_evt076,K1000_seed1_random__fuse_r0.3,train,fuse,1000,1,random,30,25,0.8333333333333334,0.3,0
SCOPE_all_zh__mix_rel076_evt076,K1000_seed1_coverage__fuse_r0.3,train,fuse,1000,1,coverage,30,25,0.8333333333333334,0.3,0
SCOPE_all_zh__mix_rel076_evt076,K1000_seed2_random__fuse_r0.3,train,fuse,1000,2,random,30,25,0.8333333333333334,0.3,0
SCOPE_all_zh__mix_rel076_evt076,K1000_seed2_coverage__fuse_r0.6,train,fuse,1000,2,coverage,30,17,0.5666666666666667,0.6,0
SCOPE_all_zh__mix_rel076_evt076,K1000_seed3_random__fuse_r0.6,train,fuse,1000,3,random,30,17,0.5666666666666667,0.6,0
SCOPE_all_zh__mix_rel076_evt076,K1000_seed3_coverage__fuse_r0.3,train,fuse,1000,3,coverage,30,25,0.8333333333333334,0.3,0
SCOPE_all_zh__mix_rel076_evt076,K1000_seed4_random__fuse_r0.3,train,fuse,1000,4,random,30,25,0.8333333333333334,0.3,0
SCOPE_all_zh__mix_rel076_evt076,K1000_seed4_coverage__fuse_r0.3,train,fuse,1000,4,coverage,30,25,0.8333333333333334,0.3,0
SCOPE_all_zh__mix_rel076_evt076,K1000_seed5_random__fuse_r0.3,train,fuse,1000,5,random,30,25,0.8333333333333334,0.3,0
SCOPE_all_zh__mix_rel076_evt076,K1000_seed5_coverage__fuse_r0.6,train,fuse,1000,5,coverage,30,17,0.5666666666666667,0.6,0
SCOPE_all_zh__mix_rel076_evt076,K5000_seed1_random__fuse_r0.3,train,fuse,5000,1,random,30,25,0.8333333333333334,0.3,0
SCOPE_all_zh__mix_rel076_evt076,K5000_seed1_coverage__fuse_r0.6,train,fuse,5000,1,coverage,30,17,0.5666666666666667,0.6,0
SCOPE_all_zh__mix_rel076_evt076,K5000_seed2_random__fuse_r0.6,train,fuse,5000,2,random,30,17,0.5666666666666667,0.6,0
SCOPE_all_zh__mix_rel076_evt076,K5000_seed2_coverage__fuse_r0.6,train,fuse,5000,2,coverage,30,17,0.5666666666666667,0.6,0
SCOPE_all_zh__mix_rel076_evt076,K5000_seed3_random__fuse_r0.6,train,fuse,5000,3,random,30,17,0.5666666666666667,0.6,0
SCOPE_all_zh__mix_rel076_evt076,K5000_seed3_coverage__fuse_r0.3,train,fuse,5000,3,coverage,30,25,0.8333333333333334,0.3,0
SCOPE_all_zh__mix_rel076_evt076,K5000_seed4_random__fuse_r0.3,train,fuse,5000,4,random,30,25,0.8333333333333334,0.3,0
SCOPE_all_zh__mix_rel076_evt076,K5000_seed4_coverage__fuse_r0.3,train,fuse,5000,4,coverage,30,25,0.8333333333333334,0.3,0
SCOPE_all_zh__mix_rel076_evt076,K5000_seed5_random__fuse_r0.3,train,fuse,5000,5,random,30,25,0.8333333333333334,0.3,0
SCOPE_all_zh__mix_rel076_evt076,K5000_seed5_coverage__fuse_r0.6,train,fuse,5000,5,coverage,30,17,0.5666666666666667,0.6,0
SCOPE_all_zh__mix_rel077_evt077,K200_seed1_random__fuse_r0.3,train,fuse,200,1,random,17,12,0.7058823529411765,0.3,0
SCOPE_all_zh__mix_rel077_evt077,K200_seed1_coverage__fuse_r0.6,train,fuse,200,1,coverage,17,8,0.47058823529411764,0.6,0
SCOPE_all_zh__mix_rel077_evt077,K200_seed2_random__fuse_r0.3,train,fuse,200,2,random,17,13,0.7647058823529411,0.3,0
SCOPE_all_zh__mix_rel077_evt077,K200_seed2_coverage__fuse_r0.6,train,fuse,200,2,coverage,17,8,0.47058823529411764,0.6,0
SCOPE_all_zh__mix_rel077_evt077,K200_seed3_random__fuse_r0.6,train,fuse,200,3,random,17,8,0.47058823529411764,0.6,0
SCOPE_all_zh__mix_rel077_evt077,K200_seed3_coverage__fuse_r0.3,train,fuse,200,3,coverage,17,13,0.7647058823529411,0.3,0
SCOPE_all_zh__mix_rel077_evt077,K200_seed4_random__fuse_r0.6,train,fuse,200,4,random,17,8,0.47058823529411764,0.6,0
SCOPE_all_zh__mix_rel077_evt077,K200_seed4_coverage__fuse_r0.3,train,fuse,200,4,coverage,17,13,0.7647058823529411,0.3,0
SCOPE_all_zh__mix_rel077_evt077,K200_seed5_random__fuse_r0.3,train,fuse,200,5,random,17,12,0.7058823529411765,0.3,0
SCOPE_all_zh__mix_rel077_evt077,K200_seed5_coverage__fuse_r0.3,train,fuse,200,5,coverage,17,13,0.7647058823529411,0.3,0
SCOPE_all_zh__mix_rel077_evt077,K1000_seed1_random__fuse_r0.3,train,fuse,1000,1,random,17,13,0.7647058823529411,0.3,0
SCOPE_all_zh__mix_rel077_evt077,K1000_seed1_coverage__fuse_r0.6,train,fuse,1000,1,coverage,17,8,0.47058823529411764,0.6,0
SCOPE_all_zh__mix_rel077_evt077,K1000_seed2_random__fuse_r0.3,train,fuse,1000,2,random,17,13,0.7647058823529411,0.3,0
SCOPE_all_zh__mix_rel077_evt077,K1000_seed2_coverage__fuse_r0.6,train,fuse,1000,2,coverage,17,8,0.47058823529411764,0.6,0
SCOPE_all_zh__mix_rel077_evt077,K1000_seed3_random__fuse_r0.6,train,fuse,1000,3,random,17,8,0.47058823529411764,0.6,0
SCOPE_all_zh__mix_rel077_evt077,K1000_seed3_coverage__fuse_r0.3,train,fuse,1000,3,coverage,17,13,0.7647058823529411,0.3,0
SCOPE_all_zh__mix_rel077_evt077,K1000_seed4_random__fuse_r0.3,train,fuse,1000,4,random,17,13,0.7647058823529411,0.3,0
SCOPE_all_zh__mix_rel077_evt077,K1000_seed4_coverage__fuse_r0.3,train,fuse,1000,4,coverage,17,13,0.7647058823529411,0.3,0
SCOPE_all_zh__mix_rel077_evt077,K1000_seed5_random__fuse_r0.3,train,fuse,1000,5,random,17,13,0.7647058823529411,0.3,0
SCOPE_all_zh__mix_rel077_evt077,K1000_seed5_coverage__fuse_r0.3,train,fuse,1000,5,coverage,17,13,0.7647058823529411,0.3,0
SCOPE_all_zh__mix_rel077_evt077,K5000_seed1_random__fuse_r0.6,train,fuse,5000,1,random,17,8,0.47058823529411764,0.6,0
SCOPE_all_zh__mix_rel077_evt077,K5000_seed1_coverage__fuse_r0.6,train,fuse,5000,1,coverage,17,8,0.47058823529411764,0.6,0
SCOPE_all_zh__mix_rel077_evt077,K5000_seed2_random__fuse_r0.3,train,fuse,5000,2,random,17,13,0.7647058823529411,0.3,0
SCOPE_all_zh__mix_rel077_evt077,K5000_seed2_coverage__fuse_r0.6,train,fuse,5000,2,coverage,17,8,0.47058823529411764,0.6,0
SCOPE_all_zh__mix_rel077_evt077,K5000_seed3_random__fuse_r0.3,train,fuse,5000,3,random,17,13,0.7647058823529411,0.3,0
SCOPE_all_zh__mix_rel077_evt077,K5000_seed3_coverage__fuse_r0.3,train,fuse,5000,3,coverage,17,13,0.7647058823529411,0.3,0
SCOPE_all_zh__mix_rel077_evt077,K5000_seed4_random__fuse_r0.3,train,fuse,5000,4,random,17,13,0.7647058823529411,0.3,0
SCOPE_all_zh__mix_rel077_evt077,K5000_seed4_coverage__fuse_r0.3,train,fuse,5000,4,coverage,17,13,0.7647058823529411,0.3,0
SCOPE_all_zh__mix_rel077_evt077,K5000_seed5_random__fuse_r0.6,train,fuse,5000,5,random,17,8,0.47058823529411764,0.6,0
SCOPE_all_zh__mix_rel077_evt077,K5000_seed5_coverage__fuse_r0.3,train,fuse,5000,5,coverage,17,13,0.7647058823529411,0.3,0
SCOPE_all_zh__mix_rel078_evt078,K200_seed1_random__fuse_r0.3,train,fuse,200,1,random,13,12,0.9230769230769231,0.3,0
SCOPE_all_zh__mix_rel078_evt078,K200_seed1_coverage__fuse_r0.6,train,fuse,200,1,coverage,13,10,0.7692307692307693,0.6,0
SCOPE_all_zh__mix_rel078_evt078,K200_seed2_random__fuse_r0.6,train,fuse,200,2,random,13,10,0.7692307692307693,0.6,0
SCOPE_all_zh__mix_rel078_evt078,K200_seed2_coverage__fuse_r0.3,train,fuse,200,2,coverage,13,12,0.9230769230769231,0.3,0
SCOPE_all_zh__mix_rel078_evt078,K200_seed3_random__fuse_r0.6,train,fuse,200,3,random,13,10,0.7692307692307693,0.6,0
SCOPE_all_zh__mix_rel078_evt078,K200_seed3_coverage__fuse_r0.3,train,fuse,200,3,coverage,13,12,0.9230769230769231,0.3,0
SCOPE_all_zh__mix_rel078_evt078,K200_seed4_random__fuse_r0.3,train,fuse,200,4,random,13,12,0.9230769230769231,0.3,0
SCOPE_all_zh__mix_rel078_evt078,K200_seed4_coverage__fuse_r0.6,train,fuse,200,4,coverage,13,10,0.7692307692307693,0.6,0
SCOPE_all_zh__mix_rel078_evt078,K200_seed5_random__fuse_r0.6,train,fuse,200,5,random,13,9,0.6923076923076923,0.6,0
SCOPE_all_zh__mix_rel078_evt078,K200_seed5_coverage__fuse_r0.3,train,fuse,200,5,coverage,13,12,0.9230769230769231,0.3,0
SCOPE_all_zh__mix_rel078_evt078,K1000_seed1_random__fuse_r0.3,train,fuse,1000,1,random,13,12,0.9230769230769231,0.3,0
SCOPE_all_zh__mix_rel078_evt078,K1000_seed1_coverage__fuse_r0.3,train,fuse,1000,1,coverage,13,12,0.9230769230769231,0.3,0
SCOPE_all_zh__mix_rel078_evt078,K1000_seed2_random__fuse_r0.6,train,fuse,1000,2,random,13,10,0.7692307692307693,0.6,0
SCOPE_all_zh__mix_rel078_evt078,K1000_seed2_coverage__fuse_r0.3,train,fuse,1000,2,coverage,13,12,0.9230769230769231,0.3,0
SCOPE_all_zh__mix_rel078_evt078,K1000_seed3_random__fuse_r0.6,train,fuse,1000,3,random,13,10,0.7692307692307693,0.6,0
SCOPE_all_zh__mix_rel078_evt078,K1000_seed3_coverage__fuse_r0.6,train,fuse,1000,3,coverage,13,10,0.7692307692307693,0.6,0
SCOPE_all_zh__mix_rel078_evt078,K1000_seed4_random__fuse_r0.6,train,fuse,1000,4,random,13,10,0.7692307692307693,0.6,0
SCOPE_all_zh__mix_rel078_evt078,K1000_seed4_coverage__fuse_r0.3,train,fuse,1000,4,coverage,13,12,0.9230769230769231,0.3,0
SCOPE_all_zh__mix_rel078_evt078,K1000_seed5_random__fuse_r0.3,train,fuse,1000,5,random,13,12,0.9230769230769231,0.3,0
SCOPE_all_zh__mix_rel078_evt078,K1000_seed5_coverage__fuse_r0.3,train,fuse,1000,5,coverage,13,12,0.9230769230769231,0.3,0
SCOPE_all_zh__mix_rel078_evt078,K5000_seed1_random__fuse_r0.3,train,fuse,5000,1,random,13,12,0.9230769230769231,0.3,0
SCOPE_all_zh__mix_rel078_evt078,K5000_seed1_coverage__fuse_r0.6,train,fuse,5000,1,coverage,13,10,0.7692307692307693,0.6,0
SCOPE_all_zh__mix_rel078_evt078,K5000_seed2_random__fuse_r0.6,train,fuse,5000,2,random,13,10,0.7692307692307693,0.6,0
SCOPE_all_zh__mix_rel078_evt078,K5000_seed2_coverage__fuse_r0.3,train,fuse,5000,2,coverage,13,12,0.9230769230769231,0.3,0
SCOPE_all_zh__mix_rel078_evt078,K5000_seed3_random__fuse_r0.6,train,fuse,5000,3,random,13,10,0.7692307692307693,0.6,0
SCOPE_all_zh__mix_rel078_evt078,K5000_seed3_coverage__fuse_r0.3,train,fuse,5000,3,coverage,13,12,0.9230769230769231,0.3,0
SCOPE_all_zh__mix_rel078_evt078,K5000_seed4_random__fuse_r0.3,train,fuse,5000,4,random,13,12,0.9230769230769231,0.3,0
SCOPE_all_zh__mix_rel078_evt078,K5000_seed4_coverage__fuse_r0.3,train,fuse,5000,4,coverage,13,12,0.9230769230769231,0.3,0
SCOPE_all_zh__mix_rel078_evt078,K5000_seed5_random__fuse_r0.6,train,fuse,5000,5,random,13,10,0.7692307692307693,0.6,0
SCOPE_all_zh__mix_rel078_evt078,K5000_seed5_coverage__fuse_r0.6,train,fuse,5000,5,coverage,13,10,0.7692307692307693,0.6,0
SCOPE_all_zh__mix_rel079_evt079,K200_seed1_random__fuse_r0.6,train,fuse,200,1,random,15,11,0.7333333333333333,0.6,0
SCOPE_all_zh__mix_rel079_evt079,K200_seed1_coverage__fuse_r0.6,train,fuse,200,1,coverage,15,12,0.8,0.6,0
SCOPE_all_zh__mix_rel079_evt079,K200_seed2_random__fuse_r0.3,train,fuse,200,2,random,15,13,0.8666666666666667,0.3,0
SCOPE_all_zh__mix_rel079_evt079,K200_seed2_coverage__fuse_r0.3,train,fuse,200,2,coverage,15,14,0.9333333333333333,0.3,0
SCOPE_all_zh__mix_rel079_evt079,K200_seed3_random__fuse_r0.3,train,fuse,200,3,random,15,13,0.8666666666666667,0.3,0
SCOPE_all_zh__mix_rel079_evt079,K200_seed3_coverage__fuse_r0.3,train,fuse,200,3,coverage,15,14,0.9333333333333333,0.3,0
SCOPE_all_zh__mix_rel079_evt079,K200_seed4_random__fuse_r0.6,train,fuse,200,4,random,15,11,0.7333333333333333,0.6,0
SCOPE_all_zh__mix_rel079_evt079,K200_seed4_coverage__fuse_r0.6,train,fuse,200,4,coverage,15,12,0.8,0.6,0
SCOPE_all_zh__mix_rel079_evt079,K200_seed5_random__fuse_r0.6,train,fuse,200,5,random,15,11,0.7333333333333333,0.6,0
SCOPE_all_zh__mix_rel079_evt079,K200_seed5_coverage__fuse_r0.6,train,fuse,200,5,coverage,15,12,0.8,0.6,0
SCOPE_all_zh__mix_rel079_evt079,K1000_seed1_random__fuse_r0.3,train,fuse,1000,1,random,15,13,0.8666666666666667,0.3,0
SCOPE_all_zh__mix_rel079_evt079,K1000_seed1_coverage__fuse_r0.3,train,fuse,1000,1,coverage,15,14,0.9333333333333333,0.3,0
SCOPE_all_zh__mix_rel079_evt079,K1000_seed2_random__fuse_r0.6,train,fuse,1000,2,random,15,11,0.7333333333333333,0.6,0
SCOPE_all_zh__mix_rel079_evt079,K1000_seed2_coverage__fuse_r0.6,train,fuse,1000,2,coverage,15,12,0.8,0.6,0
SCOPE_all_zh__mix_rel079_evt079,K1000_seed3_random__fuse_r0.3,train,fuse,1000,3,random,15,13,0.8666666666666667,0.3,0
SCOPE_all_zh__mix_rel079_evt079,K1000_seed3_coverage__fuse_r0.6,train,fuse,1000,3,coverage,15,12,0.8,0.6,0
SCOPE_all_zh__mix_rel079_evt079,K1000_seed4_random__fuse_r0.6,train,fuse,1000,4,random,15,11,0.7333333333333333,0.6,0
SCOPE_all_zh__mix_rel079_evt079,K1000_seed4_coverage__fuse_r0.6,train,fuse,1000,4,coverage,15,12,0.8,0.6,0
SCOPE_all_zh__mix_rel079_evt079,K1000_seed5_random__fuse_r0.3,train,fuse,1000,5,random,15,13,0.8666666666666667,0.3,0
SCOPE_all_zh__mix_rel079_evt079,K1000_seed5_coverage__fuse_r0.6,train,fuse,1000,5,coverage,15,12,0.8,0.6,0
SCOPE_all_zh__mix_rel079_evt079,K5000_seed1_random__fuse_r0.3,train,fuse,5000,1,random,15,14,0.9333333333333333,0.3,0
SCOPE_all_zh__mix_rel079_evt079,K5000_seed1_coverage__fuse_r0.3,train,fuse,5000,1,coverage,15,14,0.9333333333333333,0.3,0
SCOPE_all_zh__mix_rel079_evt079,K5000_seed2_random__fuse_r0.6,train,fuse,5000,2,random,15,12,0.8,0.6,0
SCOPE_all_zh__mix_rel079_evt079,K5000_seed2_coverage__fuse_r0.6,train,fuse,5000,2,coverage,15,12,0.8,0.6,0
SCOPE_all_zh__mix_rel079_evt079,K5000_seed3_random__fuse_r0.3,train,fuse,5000,3,random,15,14,0.9333333333333333,0.3,0
SCOPE_all_zh__mix_rel079_evt079,K5000_seed3_coverage__fuse_r0.3,train,fuse,5000,3,coverage,15,14,0.9333333333333333,0.3,0
SCOPE_all_zh__mix_rel079_evt079,K5000_seed4_random__fuse_r0.3,train,fuse,5000,4,random,15,14,0.9333333333333333,0.3,0
SCOPE_all_zh__mix_rel079_evt079,K5000_seed4_coverage__fuse_r0.3,train,fuse,5000,4,coverage,15,14,0.9333333333333333,0.3,0
SCOPE_all_zh__mix_rel079_evt079,K5000_seed5_random__fuse_r0.6,train,fuse,5000,5,random,15,12,0.8,0.6,0
SCOPE_all_zh__mix_rel079_evt079,K5000_seed5_coverage__fuse_r0.3,train,fuse,5000,5,coverage,15,14,0.9333333333333333,0.3,0
SCOPE_all_zh__mix_rel080_evt080,K200_seed1_random__fuse_r0.3,train,fuse,200,1,random,21,18,0.8571428571428571,0.3,0
SCOPE_all_zh__mix_rel080_evt080,K200_seed1_coverage__fuse_r0.6,train,fuse,200,1,coverage,21,14,0.6666666666666666,0.6,0
SCOPE_all_zh__mix_rel080_evt080,K200_seed2_random__fuse_r0.3,train,fuse,200,2,random,21,17,0.8095238095238095,0.3,0
SCOPE_all_zh__mix_rel080_evt080,K200_seed2_coverage__fuse_r0.3,train,fuse,200,2,coverage,21,20,0.9523809523809523,0.3,0
SCOPE_all_zh__mix_rel080_evt080,K200_seed3_random__fuse_r0.6,train,fuse,200,3,random,21,12,0.5714285714285714,0.6,0
SCOPE_all_zh__mix_rel080_evt080,K200_seed3_coverage__fuse_r0.6,train,fuse,200,3,coverage,21,14,0.6666666666666666,0.6,0
SCOPE_all_zh__mix_rel080_evt080,K200_seed4_random__fuse_r0.6,train,fuse,200,4,random,21,12,0.5714285714285714,0.6,0
SCOPE_all_zh__mix_rel080_evt080,K200_seed4_coverage__fuse_r0.3,train,fuse,200,4,coverage,21,20,0.9523809523809523,0.3,0
SCOPE_all_zh__mix_rel080_evt080,K200_seed5_random__fuse_r0.3,train,fuse,200,5,random,21,19,0.9047619047619048,0.3,0
SCOPE_all_zh__mix_rel080_evt080,K200_seed5_coverage__fuse_r0.6,train,fuse,200,5,coverage,21,14,0.6666666666666666,0.6,0
SCOPE_all_zh__mix_rel080_evt080,K1000_seed1_random__fuse_r0.3,train,fuse,1000,1,random,21,20,0.9523809523809523,0.3,0
SCOPE_all_zh__mix_rel080_evt080,K1000_seed1_coverage__fuse_r0.3,train,fuse,1000,1,coverage,21,20,0.9523809523809523,0.3,0
SCOPE_all_zh__mix_rel080_evt080,K1000_seed2_random__fuse_r0.6,train,fuse,1000,2,random,21,13,0.6190476190476191,0.6,0
SCOPE_all_zh__mix_rel080_evt080,K1000_seed2_coverage__fuse_r0.6,train,fuse,1000,2,coverage,21,14,0.6666666666666666,0.6,0
SCOPE_all_zh__mix_rel080_evt080,K1000_seed3_random__fuse_r0.6,train,fuse,1000,3,random,21,13,0.6190476190476191,0.6,0
SCOPE_all_zh__mix_rel080_evt080,K1000_seed3_coverage__fuse_r0.6,train,fuse,1000,3,coverage,21,14,0.6666666666666666,0.6,0
SCOPE_all_zh__mix_rel080_evt080,K1000_seed4_random__fuse_r0.6,train,fuse,1000,4,random,21,13,0.6190476190476191,0.6,0
SCOPE_all_zh__mix_rel080_evt080,K1000_seed4_coverage__fuse_r0.3,train,fuse,1000,4,coverage,21,20,0.9523809523809523,0.3,0
SCOPE_all_zh__mix_rel080_evt080,K1000_seed5_random__fuse_r0.6,train,fuse,1000,5,random,21,13,0.6190476190476191,0.6,0
SCOPE_all_zh__mix_rel080_evt080,K1000_seed5_coverage__fuse_r0.3,train,fuse,1000,5,coverage,21,20,0.9523809523809523,0.3,0
SCOPE_all_zh__mix_rel080_evt080,K5000_seed1_random__fuse_r0.6,train,fuse,5000,1,random,21,14,0.6666666666666666,0.6,0
SCOPE_all_zh__mix_rel080_evt080,K5000_seed1_coverage__fuse_r0.6,train,fuse,5000,1,coverage,21,14,0.6666666666666666,0.6,0
SCOPE_all_zh__mix_rel080_evt080,K5000_seed2_random__fuse_r0.6,train,fuse,5000,2,random,21,14,0.6666666666666666,0.6,0
SCOPE_all_zh__mix_rel080_evt080,K5000_seed2_coverage__fuse_r0.3,train,fuse,5000,2,coverage,21,20,0.9523809523809523,0.3,0
SCOPE_all_zh__mix_rel080_evt080,K5000_seed3_random__fuse_r0.6,train,fuse,5000,3,random,21,14,0.6666666666666666,0.6,0
SCOPE_all_zh__mix_rel080_evt080,K5000_seed3_coverage__fuse_r0.6,train,fuse,5000,3,coverage,21,14,0.6666666666666666,0.6,0
SCOPE_all_zh__mix_rel080_evt080,K5000_seed4_random__fuse_r0.3,train,fuse,5000,4,random,21,20,0.9523809523809523,0.3,0
SCOPE_all_zh__mix_rel080_evt080,K5000_seed4_coverage__fuse_r0.3,train,fuse,5000,4,coverage,21,20,0.9523809523809523,0.3,0
SCOPE_all_zh__mix_rel080_evt080,K5000_seed5_random__fuse_r0.6,train,fuse,5000,5,random,21,14,0.6666666666666666,0.6,0
SCOPE_all_zh__mix_rel080_evt080,K5000_seed5_coverage__fuse_r0.6,train,fuse,5000,5,coverage,21,14,0.6666666666666666,0.6,0
SCOPE_all_en__mix_rel081_evt081,K200_seed1_random__fuse_r0.6,train,fuse,200,1,random,25,15,0.6,0.6,0
SCOPE_all_en__mix_rel081_evt081,K200_seed1_coverage__fuse_r0.6,train,fuse,200,1,coverage,25,15,0.6,0.6,0
SCOPE_all_en__mix_rel081_evt081,K200_seed2_random__fuse_r0.3,train,fuse,200,2,random,25,18,0.72,0.3,0
SCOPE_all_en__mix_rel081_evt081,K200_seed2_coverage__fuse_r0.6,train,fuse,200,2,coverage,25,15,0.6,0.6,0
SCOPE_all_en__mix_rel081_evt081,K200_seed3_random__fuse_r0.6,train,fuse,200,3,random,25,15,0.6,0.6,0
SCOPE_all_en__mix_rel081_evt081,K200_seed3_coverage__fuse_r0.3,train,fuse,200,3,coverage,25,21,0.84,0.3,0
SCOPE_all_en__mix_rel081_evt081,K200_seed4_random__fuse_r0.3,train,fuse,200,4,random,25,20,0.8,0.3,0
SCOPE_all_en__mix_rel081_evt081,K200_seed4_coverage__fuse_r0.6,train,fuse,200,4,coverage,25,15,0.6,0.6,0
SCOPE_all_en__mix_rel081_evt081,K200_seed5_random__fuse_r0.6,train,fuse,200,5,random,25,14,0.56,0.6,0
SCOPE_all_en__mix_rel081_evt081,K200_seed5_coverage__fuse_r0.3,train,fuse,200,5,coverage,25,21,0.84,0.3,0
SCOPE_all_en__mix_rel081_evt081,K1000_seed1_random__fuse_r0.3,train,fuse,1000,1,random,25,21,0.84,0.3,0
SCOPE_all_en__mix_rel081_evt081,K1000_seed1_coverage__fuse_r0.6,train,fuse,1000,1,coverage,25,15,0.6,0.6,0
SCOPE_all_en__mix_rel081_evt081,K1000_seed2_random__fuse_r0.3,train,fuse,1000,2,random,25,21,0.84,0.3,0
SCOPE_all_en__mix_rel081_evt081,K1000_seed2_coverage__fuse_r0.3,train,fuse,1000,2,coverage,25,21,0.84,0.3,0
SCOPE_all_en__mix_rel081_evt081,K1000_seed3_random__fuse_r0.3,train,fuse,1000,3,random,25,21,0.84,0.3,0
SCOPE_all_en__mix_rel081_evt081,K1000_seed3_coverage__fuse_r0.6,train,fuse,1000,3,coverage,25,15,0.6,0.6,0
SCOPE_all_en__mix_rel081_evt081,K1000_seed4_random__fuse_r0.3,train,fuse,1000,4,random,25,21,0.84,0.3,0
SCOPE_all_en__mix_rel081_evt081,K1000_seed4_coverage__fuse_r0.6,train,fuse,1000,4,coverage,25,15,0.6,0.6,0
SCOPE_all_en__mix_rel081_evt081,K1000_seed5_random__fuse_r0.3,train,fuse,1000,5,random,25,21,0.84,0.3,0
SCOPE_all_en__mix_rel081_evt081,K1000_seed5_coverage__fuse_r0.3,train,fuse,1000,5,coverage,25,21,0.84,0.3,0
SCOPE_all_en__mix_rel081_evt081,K5000_seed1_random__fuse_r0.6,train,fuse,5000,1,random,25,15,0.6,0.6,0
SCOPE_all_en__mix_rel081_evt081,K5000_seed1_coverage__fuse_r0.6,train,fuse,5000,1,coverage,25,15,0.6,0.6,0
SCOPE_all_en__mix_rel081_evt081,K5000_seed2_random__fuse_r0.6,train,fuse,5000,2,random,25,15,0.6,0.6,0
SCOPE_all_en__mix_rel081_evt081,K5000_seed2_coverage__fuse_r0.6,train,fuse,5000,2,coverage,25,15,0.6,0.6,0
SCOPE_all_en__mix_rel081_evt081,K5000_seed3_random__fuse_r0.6,train,fuse,5000,3,random,25,15,0.6,0.6,0
SCOPE_all_en__mix_rel081_evt081,K5000_seed3_coverage__fuse_r0.3,train,fuse,5000,3,coverage,25,21,0.84,0.3,0
SCOPE_all_en__mix_rel081_evt081,K5000_seed4_random__fuse_r0.6,train,fuse,5000,4,random,25,15,0.6,0.6,0
SCOPE_all_en__mix_rel081_evt081,K5000_seed4_coverage__fuse_r0.6,train,fuse,5000,4,coverage,25,15,0.6,0.6,0
SCOPE_all_en__mix_rel081_evt081,K5000_seed5_random__fuse_r0.6,train,fuse,5000,5,random,25,15,0.6,0.6,0
SCOPE_all_en__mix_rel081_evt081,K5000_seed5_coverage__fuse_r0.6,train,fuse,5000,5,coverage,25,15,0.6,0.6,0
SCOPE_all_zh__mix_rel082_evt082,K200_seed1_random__fuse_r0.6,train,fuse,200,1,random,15,11,0.7333333333333333,0.6,0
SCOPE_all_zh__mix_rel082_evt082,K200_seed1_coverage__fuse_r0.6,train,fuse,200,1,coverage,15,11,0.7333333333333333,0.6,0
SCOPE_all_zh__mix_rel082_evt082,K200_seed2_random__fuse_r0.3,train,fuse,200,2,random,15,14,0.9333333333333333,0.3,0
SCOPE_all_zh__mix_rel082_evt082,K200_seed2_coverage__fuse_r0.6,train,fuse,200,2,coverage,15,11,0.7333333333333333,0.6,0
SCOPE_all_zh__mix_rel082_evt082,K200_seed3_random__fuse_r0.3,train,fuse,200,3,random,15,14,0.9333333333333333,0.3,0
SCOPE_all_zh__mix_rel082_evt082,K200_seed3_coverage__fuse_r0.6,train,fuse,200,3,coverage,15,11,0.7333333333333333,0.6,0
SCOPE_all_zh__mix_rel082_evt082,K200_seed4_random__fuse_r0.3,train,fuse,200,4,random,15,14,0.9333333333333333,0.3,0
SCOPE_all_zh__mix_rel082_evt082,K200_seed4_coverage__fuse_r0.6,train,fuse,200,4,coverage,15,11,0.7333333333333333,0.6,0
SCOPE_all_zh__mix_rel082_evt082,K200_seed5_random__fuse_r0.6,train,fuse,200,5,random,15,11,0.7333333333333333,0.6,0
SCOPE_all_zh__mix_rel082_evt082,K200_seed5_coverage__fuse_r0.6,train,fuse,200,5,coverage,15,11,0.7333333333333333,0.6,0
SCOPE_all_zh__mix_rel082_evt082,K1000_seed1_random__fuse_r0.3,train,fuse,1000,1,random,15,14,0.9333333333333333,0.3,0
SCOPE_all_zh__mix_rel082_evt082,K1000_seed1_coverage__fuse_r0.3,train,fuse,1000,1,coverage,15,14,0.9333333333333333,0.3,0
SCOPE_all_zh__mix_rel082_evt082,K1000_seed2_random__fuse_r0.6,train,fuse,1000,2,random,15,11,0.7333333333333333,0.6,0
SCOPE_all_zh__mix_rel082_evt082,K1000_seed2_coverage__fuse_r0.3,train,fuse,1000,2,coverage,15,14,0.9333333333333333,0.3,0
SCOPE_all_zh__mix_rel082_evt082,K1000_seed3_random__fuse_r0.3,train,fuse,1000,3,random,15,14,0.9333333333333333,0.3,0
SCOPE_all_zh__mix_rel082_evt082,K1000_seed3_coverage__fuse_r0.3,train,fuse,1000,3,coverage,15,14,0.9333333333333333,0.3,0
SCOPE_all_zh__mix_rel082_evt082,K1000_seed4_random__fuse_r0.3,train,fuse,1000,4,random,15,14,0.9333333333333333,0.3,0
SCOPE_all_zh__mix_rel082_evt082,K1000_seed4_coverage__fuse_r0.3,train,fuse,1000,4,coverage,15,14,0.9333333333333333,0.3,0
SCOPE_all_zh__mix_rel082_evt082,K1000_seed5_random__fuse_r0.6,train,fuse,1000,5,random,15,11,0.7333333333333333,0.6,0
SCOPE_all_zh__mix_rel082_evt082,K1000_seed5_coverage__fuse_r0.3,train,fuse,1000,5,coverage,15,14,0.9333333333333333,0.3,0
SCOPE_all_zh__mix_rel082_evt082,K5000_seed1_random__fuse_r0.6,train,fuse,5000,1,random,15,11,0.7333333333333333,0.6,0
SCOPE_all_zh__mix_rel082_evt082,K5000_seed1_coverage__fuse_r0.6,train,fuse,5000,1,coverage,15,11,0.7333333333333333,0.6,0
SCOPE_all_zh__mix_rel082_evt082,K5000_seed2_random__fuse_r0.6,train,fuse,5000,2,random,15,11,0.7333333333333333,0.6,0
SCOPE_all_zh__mix_rel082_evt082,K5000_seed2_coverage__fuse_r0.6,train,fuse,5000,2,coverage,15,11,0.7333333333333333,0.6,0
SCOPE_all_zh__mix_rel082_evt082,K5000_seed3_random__fuse_r0.3,train,fuse,5000,3,random,15,14,0.9333333333333333,0.3,0
SCOPE_all_zh__mix_rel082_evt082,K5000_seed3_coverage__fuse_r0.6,train,fuse,5000,3,coverage,15,11,0.7333333333333333,0.6,0
SCOPE_all_zh__mix_rel082_evt082,K5000_seed4_random__fuse_r0.6,train,fuse,5000,4,random,15,11,0.7333333333333333,0.6,0
SCOPE_all_zh__mix_rel082_evt082,K5000_seed4_coverage__fuse_r0.6,train,fuse,5000,4,coverage,15,11,0.7333333333333333,0.6,0
SCOPE_all_zh__mix_rel082_evt082,K5000_seed5_random__fuse_r0.3,train,fuse,5000,5,random,15,14,0.9333333333333333,0.3,0
SCOPE_all_zh__mix_rel082_evt082,K5000_seed5_coverage__fuse_r0.6,train,fuse,5000,5,coverage,15,11,0.7333333333333333,0.6,0
SCOPE_all_zh__mix_rel083_evt083,K200_seed1_random__fuse_r0.6,train,fuse,200,1,random,24,13,0.5416666666666666,0.6,0
SCOPE_all_zh__mix_rel083_evt083,K200_seed1_coverage__fuse_r0.3,train,fuse,200,1,coverage,24,21,0.875,0.3,0
SCOPE_all_zh__mix_rel083_evt083,K200_seed2_random__fuse_r0.6,train,fuse,200,2,random,24,13,0.5416666666666666,0.6,0
SCOPE_all_zh__mix_rel083_evt083,K200_seed2_coverage__fuse_r0.3,train,fuse,200,2,coverage,24,21,0.875,0.3,0
SCOPE_all_zh__mix_rel083_evt083,K200_seed3_random__fuse_r0.3,train,fuse,200,3,random,24,16,0.6666666666666666,0.3,0
SCOPE_all_zh__mix_rel083_evt083,K200_seed3_coverage__fuse_r0.3,train,fuse,200,3,coverage,24,21,0.875,0.3,0
SCOPE_all_zh__mix_rel083_evt083,K200_seed4_random__fuse_r0.3,train,fuse,200,4,random,24,19,0.7916666666666666,0.3,0
SCOPE_all_zh__mix_rel083_evt083,K200_seed4_coverage__fuse_r0.6,train,fuse,200,4,coverage,24,15,0.625,0.6,0
SCOPE_all_zh__mix_rel083_evt083,K200_seed5_random__fuse_r0.3,train,fuse,200,5,random,24,18,0.75,0.3,0
SCOPE_all_zh__mix_rel083_evt083,K200_seed5_coverage__fuse_r0.3,train,fuse,200,5,coverage,24,21,0.875,0.3,0
SCOPE_all_zh__mix_rel083_evt083,K1000_seed1_random__fuse_r0.3,train,fuse,1000,1,random,24,20,0.8333333333333334,0.3,0
SCOPE_all_zh__mix_rel083_evt083,K1000_seed1_coverage__fuse_r0.6,train,fuse,1000,1,coverage,24,15,0.625,0.6,0
SCOPE_all_zh__mix_rel083_evt083,K1000_seed2_random__fuse_r0.6,train,fuse,1000,2,random,24,14,0.5833333333333334,0.6,0
SCOPE_all_zh__mix_rel083_evt083,K1000_seed2_coverage__fuse_r0.3,train,fuse,1000,2,coverage,24,21,0.875,0.3,0
SCOPE_all_zh__mix_rel083_evt083,K1000_seed3_random__fuse_r0.3,train,fuse,1000,3,random,24,21,0.875,0.3,0
SCOPE_all_zh__mix_rel083_evt083,K1000_seed3_coverage__fuse_r0.3,train,fuse,1000,3,coverage,24,21,0.875,0.3,0
SCOPE_all_zh__mix_rel083_evt083,K1000_seed4_random__fuse_r0.3,train,fuse,1000,4,random,24,20,0.8333333333333334,0.3,0
SCOPE_all_zh__mix_rel083_evt083,K1000_seed4_coverage__fuse_r0.6,train,fuse,1000,4,coverage,24,15,0.625,0.6,0
SCOPE_all_zh__mix_rel083_evt083,K1000_seed5_random__fuse_r0.6,train,fuse,1000,5,random,24,14,0.5833333333333334,0.6,0
SCOPE_all_zh__mix_rel083_evt083,K1000_seed5_coverage__fuse_r0.3,train,fuse,1000,5,coverage,24,21,0.875,0.3,0
SCOPE_all_zh__mix_rel083_evt083,K5000_seed1_random__fuse_r0.6,train,fuse,5000,1,random,24,15,0.625,0.6,0
SCOPE_all_zh__mix_rel083_evt083,K5000_seed1_coverage__fuse_r0.3,train,fuse,5000,1,coverage,24,21,0.875,0.3,0
SCOPE_all_zh__mix_rel083_evt083,K5000_seed2_random__fuse_r0.3,train,fuse,5000,2,random,24,21,0.875,0.3,0
SCOPE_all_zh__mix_rel083_evt083,K5000_seed2_coverage__fuse_r0.6,train,fuse,5000,2,coverage,24,15,0.625,0.6,0
SCOPE_all_zh__mix_rel083_evt083,K5000_seed3_random__fuse_r0.6,train,fuse,5000,3,random,24,15,0.625,0.6,0
SCOPE_all_zh__mix_rel083_evt083,K5000_seed3_coverage__fuse_r0.3,train,fuse,5000,3,coverage,24,21,0.875,0.3,0
SCOPE_all_zh__mix_rel083_evt083,K5000_seed4_random__fuse_r0.6,train,fuse,5000,4,random,24,15,0.625,0.6,0
SCOPE_all_zh__mix_rel083_evt083,K5000_seed4_coverage__fuse_r0.3,train,fuse,5000,4,coverage,24,21,0.875,0.3,0
SCOPE_all_zh__mix_rel083_evt083,K5000_seed5_random__fuse_r0.3,train,fuse,5000,5,random,24,21,0.875,0.3,0
SCOPE_all_zh__mix_rel083_evt083,K5000_seed5_coverage__fuse_r0.6,train,fuse,5000,5,coverage,24,15,0.625,0.6,0
SCOPE_all_zh__mix_rel084_evt084,K200_seed1_random__fuse_r0.3,train,fuse,200,1,random,18,14,0.7777777777777778,0.3,0
SCOPE_all_zh__mix_rel084_evt084,K200_seed1_coverage__fuse_r0.3,train,fuse,200,1,coverage,18,17,0.9444444444444444,0.3,0
SCOPE_all_zh__mix_rel084_evt084,K200_seed2_random__fuse_r0.3,train,fuse,200,2,random,18,12,0.6666666666666666,0.3,0
SCOPE_all_zh__mix_rel084_evt084,K200_seed2_coverage__fuse_r0.3,train,fuse,200,2,coverage,18,17,0.9444444444444444,0.3,0
SCOPE_all_zh__mix_rel084_evt084,K200_seed3_random__fuse_r0.6,train,fuse,200,3,random,18,12,0.6666666666666666,0.6,0
SCOPE_all_zh__mix_rel084_evt084,K200_seed3_coverage__fuse_r0.3,train,fuse,200,3,coverage,18,17,0.9444444444444444,0.3,0
SCOPE_all_zh__mix_rel084_evt084,K200_seed4_random__fuse_r0.6,train,fuse,200,4,random,18,11,0.6111111111111112,0.6,0
SCOPE_all_zh__mix_rel084_evt084,K200_seed4_coverage__fuse_r0.3,train,fuse,200,4,coverage,18,17,0.9444444444444444,0.3,0
SCOPE_all_zh__mix_rel084_evt084,K200_seed5_random__fuse_r0.3,train,fuse,200,5,random,18,12,0.6666666666666666,0.3,0
SCOPE_all_zh__mix_rel084_evt084,K200_seed5_coverage__fuse_r0.3,train,fuse,200,5,coverage,18,17,0.9444444444444444,0.3,0
SCOPE_all_zh__mix_rel084_evt084,K1000_seed1_random__fuse_r0.3,train,fuse,1000,1,random,18,17,0.9444444444444444,0.3,0
SCOPE_all_zh__mix_rel084_evt084,K1000_seed1_coverage__fuse_r0.6,train,fuse,1000,1,coverage,18,13,0.7222222222222222,0.6,0
SCOPE_all_zh__mix_rel084_evt084,K1000_seed2_random__fuse_r0.6,train,fuse,1000,2,random,18,13,0.7222222222222222,0.6,0
SCOPE_all_zh__mix_rel084_evt084,K1000_seed2_coverage__fuse_r0.3,train,fuse,1000,2,coverage,18,17,0.9444444444444444,0.3,0
SCOPE_all_zh__mix_rel084_evt084,K1000_seed3_random__fuse_r0.6,train,fuse,1000,3,random,18,13,0.7222222222222222,0.6,0
SCOPE_all_zh__mix_rel084_evt084,K1000_seed3_coverage__fuse_r0.6,train,fuse,1000,3,coverage,18,13,0.7222222222222222,0.6,0
SCOPE_all_zh__mix_rel084_evt084,K1000_seed4_random__fuse_r0.6,train,fuse,1000,4,random,18,13,0.7222222222222222,0.6,0
SCOPE_all_zh__mix_rel084_evt084,K1000_seed4_coverage__fuse_r0.6,train,fuse,1000,4,coverage,18,13,0.7222222222222222,0.6,0
SCOPE_all_zh__mix_rel084_evt084,K1000_seed5_random__fuse_r0.3,train,fuse,1000,5,random,18,16,0.8888888888888888,0.3,0
SCOPE_all_zh__mix_rel084_evt084,K1000_seed5_coverage__fuse_r0.3,train,fuse,1000,5,coverage,18,17,0.9444444444444444,0.3,0
SCOPE_all_zh__mix_rel084_evt084,K5000_seed1_random__fuse_r0.3,train,fuse,5000,1,random,18,17,0.9444444444444444,0.3,0
SCOPE_all_zh__mix_rel084_evt084,K5000_seed1_coverage__fuse_r0.3,train,fuse,5000,1,coverage,18,17,0.9444444444444444,0.3,0
SCOPE_all_zh__mix_rel084_evt084,K5000_seed2_random__fuse_r0.6,train,fuse,5000,2,random,18,13,0.7222222222222222,0.6,0
SCOPE_all_zh__mix_rel084_evt084,K5000_seed2_coverage__fuse_r0.3,train,fuse,5000,2,coverage,18,17,0.9444444444444444,0.3,0
SCOPE_all_zh__mix_rel084_evt084,K5000_seed3_random__fuse_r0.3,train,fuse,5000,3,random,18,17,0.9444444444444444,0.3,0
SCOPE_all_zh__mix_rel084_evt084,K5000_seed3_coverage__fuse_r0.6,train,fuse,5000,3,coverage,18,13,0.7222222222222222,0.6,0
SCOPE_all_zh__mix_rel084_evt084,K5000_seed4_random__fuse_r0.3,train,fuse,5000,4,random,18,17,0.9444444444444444,0.3,0
SCOPE_all_zh__mix_rel084_evt084,K5000_seed4_coverage__fuse_r0.6,train,fuse,5000,4,coverage,18,13,0.7222222222222222,0.6,0
SCOPE_all_zh__mix_rel084_evt084,K5000_seed5_random__fuse_r0.6,train,fuse,5000,5,random,18,13,0.7222222222222222,0.6,0
SCOPE_all_zh__mix_rel084_evt084,K5000_seed5_coverage__fuse_r0.6,train,fuse,5000,5,coverage,18,13,0.7222222222222222,0.6,0
SCOPE_all_zh__mix_rel085_evt085,K200_seed1_random__fuse_r0.3,train,fuse,200,1,random,25,23,0.92,0.3,0
SCOPE_all_zh__mix_rel085_evt085,K200_seed1_coverage__fuse_r0.3,train,fuse,200,1,coverage,25,23,0.92,0.3,0
SCOPE_all_zh__mix_rel085_evt085,K200_seed2_random__fuse_r0.3,train,fuse,200,2,random,25,23,0.92,0.3,0
SCOPE_all_zh__mix_rel085_evt085,K200_seed2_coverage__fuse_r0.3,train,fuse,200,2,coverage,25,23,0.92,0.3,0
SCOPE_all_zh__mix_rel085_evt085,K200_seed3_random__fuse_r0.3,train,fuse,200,3,random,25,23,0.92,0.3,0
SCOPE_all_zh__mix_rel085_evt085,K200_seed3_coverage__fuse_r0.3,train,fuse,200,3,coverage,25,23,0.92,0.3,0
SCOPE_all_zh__mix_rel085_evt085,K200_seed4_random__fuse_r0.6,train,fuse,200,4,random,25,15,0.6,0.6,0
SCOPE_all_zh__mix_rel085_evt085,K200_seed4_coverage__fuse_r0.6,train,fuse,200,4,coverage,25,16,0.64,0.6,0
SCOPE_all_zh__mix_rel085_evt085,K200_seed5_random__fuse_r0.6,train,fuse,200,5,random,25,15,0.6,0.6,0
SCOPE_all_zh__mix_rel085_evt085,K200_seed5_coverage__fuse_r0.6,train,fuse,200,5,coverage,25,16,0.64,0.6,0
SCOPE_all_zh__mix_rel085_evt085,K1000_seed1_random__fuse_r0.6,train,fuse,1000,1,random,25,16,0.64,0.6,0
SCOPE_all_zh__mix_rel085_evt085,K1000_seed1_coverage__fuse_r0.6,train,fuse,1000,1,coverage,25,16,0.64,0.6,0
SCOPE_all_zh__mix_rel085_evt085,K1000_seed2_random__fuse_r0.3,train,fuse,1000,2,random,25,23,0.92,0.3,0
SCOPE_all_zh__mix_rel085_evt085,K1000_seed2_coverage__fuse_r0.6,train,fuse,1000,2,coverage,25,16,0.64,0.6,0
SCOPE_all_zh__mix_rel085_evt085,K1000_seed3_random__fuse_r0.6,train,fuse,1000,3,random,25,16,0.64,0.6,0
SCOPE_all_zh__mix_rel085_evt085,K1000_seed3_coverage__fuse_r0.3,train,fuse,1000,3,coverage,25,23,0.92,0.3,0
SCOPE_all_zh__mix_rel085_evt085,K1000_seed4_random__fuse_r0.3,train,fuse,1000,4,random,25,23,0.92,0.3,0
SCOPE_all_zh__mix_rel085_evt085,K1000_seed4_coverage__fuse_r0.3,train,fuse,1000,4,coverage,25,23,0.92,0.3,0
SCOPE_all_zh__mix_rel085_evt085,K1000_seed5_random__fuse_r0.6,train,fuse,1000,5,random,25,16,0.64,0.6,0
SCOPE_all_zh__mix_rel085_evt085,K1000_seed5_coverage__fuse_r0.3,train,fuse,1000,5,coverage,25,23,0.92,0.3,0
SCOPE_all_zh__mix_rel085_evt085,K5000_seed1_random__fuse_r0.3,train,fuse,5000,1,random,25,23,0.92,0.3,0
SCOPE_all_zh__mix_rel085_evt085,K5000_seed1_coverage__fuse_r0.6,train,fuse,5000,1,coverage,25,16,0.64,0.6,0
SCOPE_all_zh__mix_rel085_evt085,K5000_seed2_random__fuse_r0.3,train,fuse,5000,2,random,25,23,0.92,0.3,0
SCOPE_all_zh__mix_rel085_evt085,K5000_seed2_coverage__fuse_r0.6,train,fuse,5000,2,coverage,25,16,0.64,0.6,0
SCOPE_all_zh__mix_rel085_evt085,K5000_seed3_random__fuse_r0.3,train,fuse,5000,3,random,25,23,0.92,0.3,0
SCOPE_all_zh__mix_rel085_evt085,K5000_seed3_coverage__fuse_r0.6,train,fuse,5000,3,coverage,25,16,0.64,0.6,0
SCOPE_all_zh__mix_rel085_evt085,K5000_seed4_random__fuse_r0.3,train,fuse,5000,4,random,25,23,0.92,0.3,0
SCOPE_all_zh__mix_rel085_evt085,K5000_seed4_coverage__fuse_r0.6,train,fuse,5000,4,coverage,25,16,0.64,0.6,0
SCOPE_all_zh__mix_rel085_evt085,K5000_seed5_random__fuse_r0.3,train,fuse,5000,5,random,25,23,0.92,0.3,0
SCOPE_all_zh__mix_rel085_evt085,K5000_seed5_coverage__fuse_r0.3,train,fuse,5000,5,coverage,25,23,0.92,0.3,0
SCOPE_all_zh__mix_rel086_evt086,K200_seed1_random__fuse_r0.3,train,fuse,200,1,random,22,19,0.8636363636363636,0.3,0
SCOPE_all_zh__mix_rel086_evt086,K200_seed1_coverage__fuse_r0.3,train,fuse,200,1,coverage,22,19,0.8636363636363636,0.3,0
SCOPE_all_zh__mix_rel086_evt086,K200_seed2_random__fuse_r0.6,train,fuse,200,2,random,22,13,0.5909090909090909,0.6,0
SCOPE_all_zh__mix_rel086_evt086,K200_seed2_coverage__fuse_r0.6,train,fuse,200,2,coverage,22,13,0.5909090909090909,0.6,0
SCOPE_all_zh__mix_rel086_evt086,K200_seed3_random__fuse_r0.3,train,fuse,200,3,random,22,19,0.8636363636363636,0.3,0
SCOPE_all_zh__mix_rel086_evt086,K200_seed3_coverage__fuse_r0.6,train,fuse,200,3,coverage,22,13,0.5909090909090909,0.6,0
SCOPE_all_zh__mix_rel086_evt086,K200_seed4_random__fuse_r0.3,train,fuse,200,4,random,22,19,0.8636363636363636,0.3,0
SCOPE_all_zh__mix_rel086_evt086,K200_seed4_coverage__fuse_r0.6,train,fuse,200,4,coverage,22,13,0.5909090909090909,0.6,0
SCOPE_all_zh__mix_rel086_evt086,K200_seed5_random__fuse_r0.6,train,fuse,200,5,random,22,12,0.5454545454545454,0.6,0
SCOPE_all_zh__mix_rel086_evt086,K200_seed5_coverage__fuse_r0.6,train,fuse,200,5,coverage,22,13,0.5909090909090909,0.6,0
SCOPE_all_zh__mix_rel086_evt086,K1000_seed1_random__fuse_r0.6,train,fuse,1000,1,random,22,13,0.5909090909090909,0.6,0
SCOPE_all_zh__mix_rel086_evt086,K1000_seed1_coverage__fuse_r0.3,train,fuse,1000,1,coverage,22,19,0.8636363636363636,0.3,0
SCOPE_all_zh__mix_rel086_evt086,K1000_seed2_random__fuse_r0.6,train,fuse,1000,2,random,22,13,0.5909090909090909,0.6,0
SCOPE_all_zh__mix_rel086_evt086,K1000_seed2_coverage__fuse_r0.6,train,fuse,1000,2,coverage,22,13,0.5909090909090909,0.6,0
SCOPE_all_zh__mix_rel086_evt086,K1000_seed3_random__fuse_r0.3,train,fuse,1000,3,random,22,19,0.8636363636363636,0.3,0
SCOPE_all_zh__mix_rel086_evt086,K1000_seed3_coverage__fuse_r0.6,train,fuse,1000,3,coverage,22,13,0.5909090909090909,0.6,0
SCOPE_all_zh__mix_rel086_evt086,K1000_seed4_random__fuse_r0.3,train,fuse,1000,4,random,22,19,0.8636363636363636,0.3,0
SCOPE_all_zh__mix_rel086_evt086,K1000_seed4_coverage__fuse_r0.6,train,fuse,1000,4,coverage,22,13,0.5909090909090909,0.6,0
SCOPE_all_zh__mix_rel086_evt086,K1000_seed5_random__fuse_r0.3,train,fuse,1000,5,random,22,19,0.8636363636363636,0.3,0
SCOPE_all_zh__mix_rel086_evt086,K1000_seed5_coverage__fuse_r0.3,train,fuse,1000,5,coverage,22,19,0.8636363636363636,0.3,0
SCOPE_all_zh__mix_rel086_evt086,K5000_seed1_random__fuse_r0.3,train,fuse,5000,1,random,22,19,0.8636363636363636,0.3,0
SCOPE_all_zh__mix_rel086_evt086,K5000_seed1_coverage__fuse_r0.3,train,fuse,5000,1,coverage,22,19,0.8636363636363636,0.3,0
SCOPE_all_zh__mix_rel086_evt086,K5000_seed2_random__fuse_r0.6,train,fuse,5000,2,random,22,13,0.5909090909090909,0.6,0
SCOPE_all_zh__mix_rel086_evt086,K5000_seed2_coverage__fuse_r0.3,train,fuse,5000,2,coverage,22,19,0.8636363636363636,0.3,0
SCOPE_all_zh__mix_rel086_evt086,K5000_seed3_random__fuse_r0.6,train,fuse,5000,3,random,22,13,0.5909090909090909,0.6,0
SCOPE_all_zh__mix_rel086_evt086,K5000_seed3_coverage__fuse_r0.6,train,fuse,5000,3,coverage,22,13,0.5909090909090909,0.6,0
SCOPE_all_zh__mix_rel086_evt086,K5000_seed4_random__fuse_r0.3,train,fuse,5000,4,random,22,19,0.8636363636363636,0.3,0
SCOPE_all_zh__mix_rel086_evt086,K5000_seed4_coverage__fuse_r0.6,train,fuse,5000,4,coverage,22,13,0.5909090909090909,0.6,0
SCOPE_all_zh__mix_rel086_evt086,K5000_seed5_random__fuse_r0.6,train,fuse,5000,5,random,22,13,0.5909090909090909,0.6,0
SCOPE_all_zh__mix_rel086_evt086,K5000_seed5_coverage__fuse_r0.3,train,fuse,5000,5,coverage,22,19,0.8636363636363636,0.3,0
SCOPE_all_en__mix_rel087_evt087,K200_seed1_random__fuse_r0.3,train,fuse,200,1,random,32,20,0.625,0.3,0
SCOPE_all_en__mix_rel087_evt087,K200_seed1_coverage__fuse_r0.6,train,fuse,200,1,coverage,32,14,0.4375,0.6,0
SCOPE_all_en__mix_rel087_evt087,K200_seed2_random__fuse_r0.6,train,fuse,200,2,random,32,14,0.4375,0.6,0
SCOPE_all_en__mix_rel087_evt087,K200_seed2_coverage__fuse_r0.6,train,fuse,200,2,coverage,32,14,0.4375,0.6,0
SCOPE_all_en__mix_rel087_evt087,K200_seed3_random__fuse_r0.6,train,fuse,200,3,random,32,13,0.40625,0.6,0
SCOPE_all_en__mix_rel087_evt087,K200_seed3_coverage__fuse_r0.3,train,fuse,200,3,coverage,32,24,0.75,0.3,0
SCOPE_all_en__mix_rel087_evt087,K200_seed4_random__fuse_r0.3,train,fuse,200,4,random,32,24,0.75,0.3,0
SCOPE_all_en__mix_rel087_evt087,K200_seed4_coverage__fuse_r0.3,train,fuse,200,4,coverage,32,24,0.75,0.3,0
SCOPE_all_en__mix_rel087_evt087,K200_seed5_random__fuse_r0.6,train,fuse,200,5,random,32,14,0.4375,0.6,0
SCOPE_all_en__mix_rel087_evt087,K200_seed5_coverage__fuse_r0.3,train,fuse,200,5,coverage,32,24,0.75,0.3,0
SCOPE_all_en__mix_rel087_evt087,K1000_seed1_random__fuse_r0.3,train,fuse,1000,1,random,32,24,0.75,0.3,0
SCOPE_all_en__mix_rel087_evt087,K1000_seed1_coverage__fuse_r0.6,train,fuse,1000,1,coverage,32,14,0.4375,0.6,0
SCOPE_all_en__mix_rel087_evt087,K1000_seed2_random__fuse_r0.6,train,fuse,1000,2,random,32,14,0.4375,0.6,0
SCOPE_all_en__mix_rel087_evt087,K1000_seed2_coverage__fuse_r0.3,train,fuse,1000,2,coverage,32,24,0.75,0.3,0
SCOPE_all_en__mix_rel087_evt087,K1000_seed3_random__fuse_r0.6,train,fuse,1000,3,random,32,14,0.4375,0.6,0
SCOPE_all_en__mix_rel087_evt087,K1000_seed3_coverage__fuse_r0.3,train,fuse,1000,3,coverage,32,24,0.75,0.3,0
SCOPE_all_en__mix_rel087_evt087,K1000_seed4_random__fuse_r0.3,train,fuse,1000,4,random,32,24,0.75,0.3,0
SCOPE_all_en__mix_rel087_evt087,K1000_seed4_coverage__fuse_r0.3,train,fuse,1000,4,coverage,32,24,0.75,0.3,0
SCOPE_all_en__mix_rel087_evt087,K1000_seed5_random__fuse_r0.3,train,fuse,1000,5,random,32,24,0.75,0.3,0
SCOPE_all_en__mix_rel087_evt087,K1000_seed5_coverage__fuse_r0.6,train,fuse,1000,5,coverage,32,14,0.4375,0.6,0
SCOPE_all_en__mix_rel087_evt087,K5000_seed1_random__fuse_r0.6,train,fuse,5000,1,random,32,14,0.4375,0.6,0
SCOPE_all_en__mix_rel087_evt087,K5000_seed1_coverage__fuse_r0.3,train,fuse,5000,1,coverage,32,24,0.75,0.3,0
SCOPE_all_en__mix_rel087_evt087,K5000_seed2_random__fuse_r0.3,train,fuse,5000,2,random,32,24,0.75,0.3,0
SCOPE_all_en__mix_rel087_evt087,K5000_seed2_coverage__fuse_r0.6,train,fuse,5000,2,coverage,32,14,0.4375,0.6,0
SCOPE_all_en__mix_rel087_evt087,K5000_seed3_random__fuse_r0.6,train,fuse,5000,3,random,32,14,0.4375,0.6,0
SCOPE_all_en__mix_rel087_evt087,K5000_seed3_coverage__fuse_r0.3,train,fuse,5000,3,coverage,32,24,0.75,0.3,0
SCOPE_all_en__mix_rel087_evt087,K5000_seed4_random__fuse_r0.6,train,fuse,5000,4,random,32,14,0.4375,0.6,0
SCOPE_all_en__mix_rel087_evt087,K5000_seed4_coverage__fuse_r0.6,train,fuse,5000,4,coverage,32,14,0.4375,0.6,0
SCOPE_all_en__mix_rel087_evt087,K5000_seed5_random__fuse_r0.6,train,fuse,5000,5,random,32,14,0.4375,0.6,0
SCOPE_all_en__mix_rel087_evt087,K5000_seed5_coverage__fuse_r0.3,train,fuse,5000,5,coverage,32,24,0.75,0.3,0
SCOPE_all_zh__mix_rel088_evt088,K200_seed1_random__fuse_r0.6,train,fuse,200,1,random,4,3,0.75,0.6,0
SCOPE_all_zh__mix_rel088_evt088,K200_seed1_coverage__fuse_r0.3,train,fuse,200,1,coverage,4,4,1.0,0.3,0
SCOPE_all_zh__mix_rel088_evt088,K200_seed2_random__fuse_r0.6,train,fuse,200,2,random,4,3,0.75,0.6,0
SCOPE_all_zh__mix_rel088_evt088,K200_seed2_coverage__fuse_r0.6,train,fuse,200,2,coverage,4,3,0.75,0.6,0
SCOPE_all_zh__mix_rel088_evt088,K200_seed3_random__fuse_r0.6,train,fuse,200,3,random,4,3,0.75,0.6,0
SCOPE_all_zh__mix_rel088_evt088,K200_seed3_coverage__fuse_r0.3,train,fuse,200,3,coverage,4,4,1.0,0.3,0
SCOPE_all_zh__mix_rel088_evt088,K200_seed4_random__fuse_r0.6,train,fuse,200,4,random,4,3,0.75,0.6,0
SCOPE_all_zh__mix_rel088_evt088,K200_seed4_coverage__fuse_r0.6,train,fuse,200,4,coverage,4,3,0.75,0.6,0
SCOPE_all_zh__mix_rel088_evt088,K200_seed5_random__fuse_r0.3,train,fuse,200,5,random,4,4,1.0,0.3,0
SCOPE_all_zh__mix_rel088_evt088,K200_seed5_coverage__fuse_r0.3,train,fuse,200,5,coverage,4,4,1.0,0.3,0
SCOPE_all_zh__mix_rel088_evt088,K1000_seed1_random__fuse_r0.3,train,fuse,1000,1,random,4,4,1.0,0.3,0
SCOPE_all_zh__mix_rel088_evt088,K1000_seed1_coverage__fuse_r0.6,train,fuse,1000,1,coverage,4,3,0.75,0.6,0
SCOPE_all_zh__mix_rel088_evt088,K1000_seed2_random__fuse_r0.6,train,fuse,1000,2,random,4,3,0.75,0.6,0
SCOPE_all_zh__mix_rel088_evt088,K1000_seed2_coverage__fuse_r0.6,train,fuse,1000,2,coverage,4,3,0.75,0.6,0
SCOPE_all_zh__mix_rel088_evt088,K1000_seed3_random__fuse_r0.3,train,fuse,1000,3,random,4,4,1.0,0.3,0
SCOPE_all_zh__mix_rel088_evt088,K1000_seed3_coverage__fuse_r0.6,train,fuse,1000,3,coverage,4,3,0.75,0.6,0
SCOPE_all_zh__mix_rel088_evt088,K1000_seed4_random__fuse_r0.6,train,fuse,1000,4,random,4,3,0.75,0.6,0
SCOPE_all_zh__mix_rel088_evt088,K1000_seed4_coverage__fuse_r0.6,train,fuse,1000,4,coverage,4,3,0.75,0.6,0
SCOPE_all_zh__mix_rel088_evt088,K1000_seed5_random__fuse_r0.3,train,fuse,1000,5,random,4,4,1.0,0.3,0
SCOPE_all_zh__mix_rel088_evt088,K1000_seed5_coverage__fuse_r0.3,train,fuse,1000,5,coverage,4,4,1.0,0.3,0
SCOPE_all_zh__mix_rel088_evt088,K5000_seed1_random__fuse_r0.6,train,fuse,5000,1,random,4,3,0.75,0.6,0
SCOPE_all_zh__mix_rel088_evt088,K5000_seed1_coverage__fuse_r0.3,train,fuse,5000,1,coverage,4,4,1.0,0.3,0
SCOPE_all_zh__mix_rel088_evt088,K5000_seed2_random__fuse_r0.3,train,fuse,5000,2,random,4,4,1.0,0.3,0
SCOPE_all_zh__mix_rel088_evt088,K5000_seed2_coverage__fuse_r0.6,train,fuse,5000,2,coverage,4,3,0.75,0.6,0
SCOPE_all_zh__mix_rel088_evt088,K5000_seed3_random__fuse_r0.3,train,fuse,5000,3,random,4,4,1.0,0.3,0
SCOPE_all_zh__mix_rel088_evt088,K5000_seed3_coverage__fuse_r0.6,train,fuse,5000,3,coverage,4,3,0.75,0.6,0
SCOPE_all_zh__mix_rel088_evt088,K5000_seed4_random__fuse_r0.6,train,fuse,5000,4,random,4,3,0.75,0.6,0
SCOPE_all_zh__mix_rel088_evt088,K5000_seed4_coverage__fuse_r0.3,train,fuse,5000,4,coverage,4,4,1.0,0.3,0
SCOPE_all_zh__mix_rel088_evt088,K5000_seed5_random__fuse_r0.3,train,fuse,5000,5,random,4,4,1.0,0.3,0
SCOPE_all_zh__mix_rel088_evt088,K5000_seed5_coverage__fuse_r0.3,train,fuse,5000,5,coverage,4,4,1.0,0.3,0
SCOPE_all_zh__mix_rel089_evt089,K200_seed1_random__fuse_r0.3,train,fuse,200,1,random,25,21,0.84,0.3,0
SCOPE_all_zh__mix_rel089_evt089,K200_seed1_coverage__fuse_r0.6,train,fuse,200,1,coverage,25,15,0.6,0.6,0
SCOPE_all_zh__mix_rel089_evt089,K200_seed2_random__fuse_r0.3,train,fuse,200,2,random,25,18,0.72,0.3,0
SCOPE_all_zh__mix_rel089_evt089,K200_seed2_coverage__fuse_r0.3,train,fuse,200,2,coverage,25,22,0.88,0.3,0
SCOPE_all_zh__mix_rel089_evt089,K200_seed3_random__fuse_r0.6,train,fuse,200,3,random,25,15,0.6,0.6,0
SCOPE_all_zh__mix_rel089_evt089,K200_seed3_coverage__fuse_r0.3,train,fuse,200,3,coverage,25,22,0.88,0.3,0
SCOPE_all_zh__mix_rel089_evt089,K200_seed4_random__fuse_r0.6,train,fuse,200,4,random,25,15,0.6,0.6,0
SCOPE_all_zh__mix_rel089_evt089,K200_seed4_coverage__fuse_r0.3,train,fuse,200,4,coverage,25,22,0.88,0.3,0
SCOPE_all_zh__mix_rel089_evt089,K200_seed5_random__fuse_r0.3,train,fuse,200,5,random,25,18,0.72,0.3,0
SCOPE_all_zh__mix_rel089_evt089,K200_seed5_coverage__fuse_r0.6,train,fuse,200,5,coverage,25,15,0.6,0.6,0
SCOPE_all_zh__mix_rel089_evt089,K1000_seed1_random__fuse_r0.3,train,fuse,1000,1,random,25,21,0.84,0.3,0
SCOPE_all_zh__mix_rel089_evt089,K1000_seed1_coverage__fuse_r0.6,train,fuse,1000,1,coverage,25,15,0.6,0.6,0
SCOPE_all_zh__mix_rel089_evt089,K1000_seed2_random__fuse_r0.6,train,fuse,1000,2,random,25,15,0.6,0.6,0
SCOPE_all_zh__mix_rel089_evt089,K1000_seed2_coverage__fuse_r0.3,train,fuse,1000,2,coverage,25,22,0.88,0.3,0
SCOPE_all_zh__mix_rel089_evt089,K1000_seed3_random__fuse_r0.3,train,fuse,1000,3,random,25,21,0.84,0.3,0
SCOPE_all_zh__mix_rel089_evt089,K1000_seed3_coverage__fuse_r0.3,train,fuse,1000,3,coverage,25,22,0.88,0.3,0
SCOPE_all_zh__mix_rel089_evt089,K1000_seed4_random__fuse_r0.3,train,fuse,1000,4,random,25,21,0.84,0.3,0
SCOPE_all_zh__mix_rel089_evt089,K1000_seed4_coverage__fuse_r0.6,train,fuse,1000,4,coverage,25,15,0.6,0.6,0
SCOPE_all_zh__mix_rel089_evt089,K1000_seed5_random__fuse_r0.6,train,fuse,1000,5,random,25,14,0.56,0.6,0
SCOPE_all_zh__mix_rel089_evt089,K1000_seed5_coverage__fuse_r0.3,train,fuse,1000,5,coverage,25,22,0.88,0.3,0
SCOPE_all_zh__mix_rel089_evt089,K5000_seed1_random__fuse_r0.3,train,fuse,5000,1,random,25,22,0.88,0.3,0
SCOPE_all_zh__mix_rel089_evt089,K5000_seed1_coverage__fuse_r0.3,train,fuse,5000,1,coverage,25,22,0.88,0.3,0
SCOPE_all_zh__mix_rel089_evt089,K5000_seed2_random__fuse_r0.3,train,fuse,5000,2,random,25,22,0.88,0.3,0
SCOPE_all_zh__mix_rel089_evt089,K5000_seed2_coverage__fuse_r0.6,train,fuse,5000,2,coverage,25,15,0.6,0.6,0
SCOPE_all_zh__mix_rel089_evt089,K5000_seed3_random__fuse_r0.3,train,fuse,5000,3,random,25,21,0.84,0.3,0
SCOPE_all_zh__mix_rel089_evt089,K5000_seed3_coverage__fuse_r0.3,train,fuse,5000,3,coverage,25,22,0.88,0.3,0
SCOPE_all_zh__mix_rel089_evt089,K5000_seed4_random__fuse_r0.6,train,fuse,5000,4,random,25,15,0.6,0.6,0
SCOPE_all_zh__mix_rel089_evt089,K5000_seed4_coverage__fuse_r0.6,train,fuse,5000,4,coverage,25,15,0.6,0.6,0
SCOPE_all_zh__mix_rel089_evt089,K5000_seed5_random__fuse_r0.6,train,fuse,5000,5,random,25,15,0.6,0.6,0
SCOPE_all_zh__mix_rel089_evt089,K5000_seed5_coverage__fuse_r0.3,train,fuse,5000,5,coverage,25,22,0.88,0.3,0
SCOPE_all_zh__mix_rel090_evt090,K200_seed1_random__fuse_r0.3,train,fuse,200,1,random,19,19,1.0,0.3,0
SCOPE_all_zh__mix_rel090_evt090,K200_seed1_coverage__fuse_r0.6,train,fuse,200,1,coverage,19,14,0.7368421052631579,0.6,0
SCOPE_all_zh__mix_rel090_evt090,K200_seed2_random__fuse_r0.6,train,fuse,200,2,random,19,14,0.7368421052631579,0.6,0
SCOPE_all_zh__mix_rel090_evt090,K200_seed2_coverage__fuse_r0.3,train,fuse,200,2,coverage,19,19,1.0,0.3,0
SCOPE_all_zh__mix_rel090_evt090,K200_seed3_random__fuse_r0.3,train,fuse,200,3,random,19,18,0.9473684210526315,0.3,0
SCOPE_all_zh__mix_rel090_evt090,K200_seed3_coverage__fuse_r0.3,train,fuse,200,3,coverage,19,19,1.0,0.3,0
SCOPE_all_zh__mix_rel090_evt090,K200_seed4_random__fuse_r0.6,train,fuse,200,4,random,19,14,0.7368421052631579,0.6,0
SCOPE_all_zh__mix_rel090_evt090,K200_seed4_coverage__fuse_r0.6,train,fuse,200,4,coverage,19,14,0.7368421052631579,0.6,0
SCOPE_all_zh__mix_rel090_evt090,K200_seed5_random__fuse_r0.3,train,fuse,200,5,random,19,19,1.0,0.3,0
SCOPE_all_zh__mix_rel090_evt090,K200_seed5_coverage__fuse_r0.6,train,fuse,200,5,coverage,19,14,0.7368421052631579,0.6,0
SCOPE_all_zh__mix_rel090_evt090,K1000_seed1_random__fuse_r0.3,train,fuse,1000,1,random,19,19,1.0,0.3,0
SCOPE_all_zh__mix_rel090_evt090,K1000_seed1_coverage__fuse_r0.6,train,fuse,1000,1,coverage,19,14,0.7368421052631579,0.6,0
SCOPE_all_zh__mix_rel090_evt090,K1000_seed2_random__fuse_r0.3,train,fuse,1000,2,random,19,19,1.0,0.3,0
SCOPE_all_zh__mix_rel090_evt090,K1000_seed2_coverage__fuse_r0.3,train,fuse,1000,2,coverage,19,19,1.0,0.3,0
SCOPE_all_zh__mix_rel090_evt090,K1000_seed3_random__fuse_r0.6,train,fuse,1000,3,random,19,14,0.7368421052631579,0.6,0
SCOPE_all_zh__mix_rel090_evt090,K1000_seed3_coverage__fuse_r0.3,train,fuse,1000,3,coverage,19,19,1.0,0.3,0
SCOPE_all_zh__mix_rel090_evt090,K1000_seed4_random__fuse_r0.6,train,fuse,1000,4,random,19,14,0.7368421052631579,0.6,0
SCOPE_all_zh__mix_rel090_evt090,K1000_seed4_coverage__fuse_r0.3,train,fuse,1000,4,coverage,19,19,1.0,0.3,0
SCOPE_all_zh__mix_rel090_evt090,K1000_seed5_random__fuse_r0.3,train,fuse,1000,5,random,19,19,1.0,0.3,0
SCOPE_all_zh__mix_rel090_evt090,K1000_seed5_coverage__fuse_r0.3,train,fuse,1000,5,coverage,19,19,1.0,0.3,0
SCOPE_all_zh__mix_rel090_evt090,K5000_seed1_random__fuse_r0.6,train,fuse,5000,1,random,19,14,0.7368421052631579,0.6,0
SCOPE_all_zh__mix_rel090_evt090,K5000_seed1_coverage__fuse_r0.6,train,fuse,5000,1,coverage,19,14,0.7368421052631579,0.6,0
SCOPE_all_zh__mix_rel090_evt090,K5000_seed2_random__fuse_r0.6,train,fuse,5000,2,random,19,14,0.7368421052631579,0.6,0
SCOPE_all_zh__mix_rel090_evt090,K5000_seed2_coverage__fuse_r0.6,train,fuse,5000,2,coverage,19,14,0.7368421052631579,0.6,0
SCOPE_all_zh__mix_rel090_evt090,K5000_seed3_random__fuse_r0.3,train,fuse,5000,3,random,19,19,1.0,0.3,0
SCOPE_all_zh__mix_rel090_evt090,K5000_seed3_coverage__fuse_r0.3,train,fuse,5000,3,coverage,19,19,1.0,0.3,0
SCOPE_all_zh__mix_rel090_evt090,K5000_seed4_random__fuse_r0.6,train,fuse,5000,4,random,19,14,0.7368421052631579,0.6,0
SCOPE_all_zh__mix_rel090_evt090,K5000_seed4_coverage__fuse_r0.3,train,fuse,5000,4,coverage,19,19,1.0,0.3,0
SCOPE_all_zh__mix_rel090_evt090,K5000_seed5_random__fuse_r0.3,train,fuse,5000,5,random,19,19,1.0,0.3,0
SCOPE_all_zh__mix_rel090_evt090,K5000_seed5_coverage__fuse_r0.6,train,fuse,5000,5,coverage,19,14,0.7368421052631579,0.6,0
SCOPE_all_zh__mix_rel091_evt091,K200_seed1_random__fuse_r0.3,train,fuse,200,1,random,29,21,0.7241379310344828,0.3,0
SCOPE_all_zh__mix_rel091_evt091,K200_seed1_coverage__fuse_r0.6,train,fuse,200,1,coverage,29,18,0.6206896551724138,0.6,0
SCOPE_all_zh__mix_rel091_evt091,K200_seed2_random__fuse_r0.6,train,fuse,200,2,random,29,14,0.4827586206896552,0.6,0
SCOPE_all_zh__mix_rel091_evt091,K200_seed2_coverage__fuse_r0.3,train,fuse,200,2,coverage,29,25,0.8620689655172413,0.3,0
SCOPE_all_zh__mix_rel091_evt091,K200_seed3_random__fuse_r0.3,train,fuse,200,3,random,29,22,0.7586206896551724,0.3,0
SCOPE_all_zh__mix_rel091_evt091,K200_seed3_coverage__fuse_r0.3,train,fuse,200,3,coverage,29,25,0.8620689655172413,0.3,0
SCOPE_all_zh__mix_rel091_evt091,K200_seed4_random__fuse_r0.6,train,fuse,200,4,random,29,13,0.4482758620689655,0.6,0
SCOPE_all_zh__mix_rel091_evt091,K200_seed4_coverage__fuse_r0.3,train,fuse,200,4,coverage,29,25,0.8620689655172413,0.3,0
SCOPE_all_zh__mix_rel091_evt091,K200_seed5_random__fuse_r0.3,train,fuse,200,5,random,29,16,0.5517241379310345,0.3,0
SCOPE_all_zh__mix_rel091_evt091,K200_seed5_coverage__fuse_r0.6,train,fuse,200,5,coverage,29,18,0.6206896551724138,0.6,0
SCOPE_all_zh__mix_rel091_evt091,K1000_seed1_random__fuse_r0.6,train,fuse,1000,1,random,29,17,0.5862068965517241,0.6,0
SCOPE_all_zh__mix_rel091_evt091,K1000_seed1_coverage__fuse_r0.3,train,fuse,1000,1,coverage,29,25,0.8620689655172413,0.3,0
SCOPE_all_zh__mix_rel091_evt091,K1000_seed2_random__fuse_r0.6,train,fuse,1000,2,random,29,18,0.6206896551724138,0.6,0
SCOPE_all_zh__mix_rel091_evt091,K1000_seed2_coverage__fuse_r0.6,train,fuse,1000,2,coverage,29,18,0.6206896551724138,0.6,0
SCOPE_all_zh__mix_rel091_evt091,K1000_seed3_random__fuse_r0.6,train,fuse,1000,3,random,29,17,0.5862068965517241,0.6,0
SCOPE_all_zh__mix_rel091_evt091,K1000_seed3_coverage__fuse_r0.3,train,fuse,1000,3,coverage,29,25,0.8620689655172413,0.3,0
SCOPE_all_zh__mix_rel091_evt091,K1000_seed4_random__fuse_r0.6,train,fuse,1000,4,random,29,17,0.5862068965517241,0.6,0
SCOPE_all_zh__mix_rel091_evt091,K1000_seed4_coverage__fuse_r0.6,train,fuse,1000,4,coverage,29,18,0.6206896551724138,0.6,0
SCOPE_all_zh__mix_rel091_evt091,K1000_seed5_random__fuse_r0.3,train,fuse,1000,5,random,29,23,0.7931034482758621,0.3,0
SCOPE_all_zh__mix_rel091_evt091,K1000_seed5_coverage__fuse_r0.3,train,fuse,1000,5,coverage,29,25,0.8620689655172413,0.3,0
SCOPE_all_zh__mix_rel091_evt091,K5000_seed1_random__fuse_r0.6,train,fuse,5000,1,random,29,18,0.6206896551724138,0.6,0
SCOPE_all_zh__mix_rel091_evt091,K5000_seed1_coverage__fuse_r0.3,train,fuse,5000,1,coverage,29,25,0.8620689655172413,0.3,0
SCOPE_all_zh__mix_rel091_evt091,K5000_seed2_random__fuse_r0.3,train,fuse,5000,2,random,29,25,0.8620689655172413,0.3,0
SCOPE_all_zh__mix_rel091_evt091,K5000_seed2_coverage__fuse_r0.3,train,fuse,5000,2,coverage,29,25,0.8620689655172413,0.3,0
SCOPE_all_zh__mix_rel091_evt091,K5000_seed3_random__fuse_r0.6,train,fuse,5000,3,random,29,18,0.6206896551724138,0.6,0
SCOPE_all_zh__mix_rel091_evt091,K5000_seed3_coverage__fuse_r0.3,train,fuse,5000,3,coverage,29,25,0.8620689655172413,0.3,0
SCOPE_all_zh__mix_rel091_evt091,K5000_seed4_random__fuse_r0.6,train,fuse,5000,4,random,29,18,0.6206896551724138,0.6,0
SCOPE_all_zh__mix_rel091_evt091,K5000_seed4_coverage__fuse_r0.6,train,fuse,5000,4,coverage,29,18,0.6206896551724138,0.6,0
SCOPE_all_zh__mix_rel091_evt091,K5000_seed5_random__fuse_r0.6,train,fuse,5000,5,random,29,18,0.6206896551724138,0.6,0
SCOPE_all_zh__mix_rel091_evt091,K5000_seed5_coverage__fuse_r0.6,train,fuse,5000,5,coverage,29,18,0.6206896551724138,0.6,0
SCOPE_all_zh__mix_rel092_evt092,K200_seed1_random__fuse_r0.6,train,fuse,200,1,random,15,11,0.7333333333333333,0.6,0
SCOPE_all_zh__mix_rel092_evt092,K200_seed1_coverage__fuse_r0.3,train,fuse,200,1,coverage,15,14,0.9333333333333333,0.3,0
SCOPE_all_zh__mix_rel092_evt092,K200_seed2_random__fuse_r0.6,train,fuse,200,2,random,15,11,0.7333333333333333,0.6,0
SCOPE_all_zh__mix_rel092_evt092,K200_seed2_coverage__fuse_r0.6,train,fuse,200,2,coverage,15,11,0.7333333333333333,0.6,0
SCOPE_all_zh__mix_rel092_evt092,K200_seed3_random__fuse_r0.3,train,fuse,200,3,random,15,14,0.9333333333333333,0.3,0
SCOPE_all_zh__mix_rel092_evt092,K200_seed3_coverage__fuse_r0.6,train,fuse,200,3,coverage,15,11,0.7333333333333333,0.6,0
SCOPE_all_zh__mix_rel092_evt092,K200_seed4_random__fuse_r0.3,train,fuse,200,4,random,15,14,0.9333333333333333,0.3,0
SCOPE_all_zh__mix_rel092_evt092,K200_seed4_coverage__fuse_r0.6,train,fuse,200,4,coverage,15,11,0.7333333333333333,0.6,0
SCOPE_all_zh__mix_rel092_evt092,K200_seed5_random__fuse_r0.6,train,fuse,200,5,random,15,11,0.7333333333333333,0.6,0
SCOPE_all_zh__mix_rel092_evt092,K200_seed5_coverage__fuse_r0.6,train,fuse,200,5,coverage,15,11,0.7333333333333333,0.6,0
SCOPE_all_zh__mix_rel092_evt092,K1000_seed1_random__fuse_r0.6,train,fuse,1000,1,random,15,11,0.7333333333333333,0.6,0
SCOPE_all_zh__mix_rel092_evt092,K1000_seed1_coverage__fuse_r0.3,train,fuse,1000,1,coverage,15,14,0.9333333333333333,0.3,0
SCOPE_all_zh__mix_rel092_evt092,K1000_seed2_random__fuse_r0.3,train,fuse,1000,2,random,15,14,0.9333333333333333,0.3,0
SCOPE_all_zh__mix_rel092_evt092,K1000_seed2_coverage__fuse_r0.3,train,fuse,1000,2,coverage,15,14,0.9333333333333333,0.3,0
SCOPE_all_zh__mix_rel092_evt092,K1000_seed3_random__fuse_r0.3,train,fuse,1000,3,random,15,14,0.9333333333333333,0.3,0
SCOPE_all_zh__mix_rel092_evt092,K1000_seed3_coverage__fuse_r0.3,train,fuse,1000,3,coverage,15,14,0.9333333333333333,0.3,0
SCOPE_all_zh__mix_rel092_evt092,K1000_seed4_random__fuse_r0.6,train,fuse,1000,4,random,15,11,0.7333333333333333,0.6,0
SCOPE_all_zh__mix_rel092_evt092,K1000_seed4_coverage__fuse_r0.6,train,fuse,1000,4,coverage,15,11,0.7333333333333333,0.6,0
SCOPE_all_zh__mix_rel092_evt092,K1000_seed5_random__fuse_r0.6,train,fuse,1000,5,random,15,11,0.7333333333333333,0.6,0
SCOPE_all_zh__mix_rel092_evt092,K1000_seed5_coverage__fuse_r0.6,train,fuse,1000,5,coverage,15,11,0.7333333333333333,0.6,0
SCOPE_all_zh__mix_rel092_evt092,K5000_seed1_random__fuse_r0.6,train,fuse,5000,1,random,15,11,0.7333333333333333,0.6,0
SCOPE_all_zh__mix_rel092_evt092,K5000_seed1_coverage__fuse_r0.6,train,fuse,5000,1,coverage,15,11,0.7333333333333333,0.6,0
SCOPE_all_zh__mix_rel092_evt092,K5000_seed2_random__fuse_r0.6,train,fuse,5000,2,random,15,11,0.7333333333333333,0.6,0
SCOPE_all_zh__mix_rel092_evt092,K5000_seed2_coverage__fuse_r0.3,train,fuse,5000,2,coverage,15,14,0.9333333333333333,0.3,0
SCOPE_all_zh__mix_rel092_evt092,K5000_seed3_random__fuse_r0.6,train,fuse,5000,3,random,15,11,0.7333333333333333,0.6,0
SCOPE_all_zh__mix_rel092_evt092,K5000_seed3_coverage__fuse_r0.3,train,fuse,5000,3,coverage,15,14,0.9333333333333333,0.3,0
SCOPE_all_zh__mix_rel092_evt092,K5000_seed4_random__fuse_r0.3,train,fuse,5000,4,random,15,14,0.9333333333333333,0.3,0
SCOPE_all_zh__mix_rel092_evt092,K5000_seed4_coverage__fuse_r0.3,train,fuse,5000,4,coverage,15,14,0.9333333333333333,0.3,0
SCOPE_all_zh__mix_rel092_evt092,K5000_seed5_random__fuse_r0.6,train,fuse,5000,5,random,15,11,0.7333333333333333,0.6,0
SCOPE_all_zh__mix_rel092_evt092,K5000_seed5_coverage__fuse_r0.3,train,fuse,5000,5,coverage,15,14,0.9333333333333333,0.3,0
SCOPE_all_en__mix_rel093_evt093,K200_seed1_random__fuse_r0.6,train,fuse,200,1,random,44,17,0.38636363636363635,0.6,0
SCOPE_all_en__mix_rel093_evt093,K200_seed1_coverage__fuse_r0.6,train,fuse,200,1,coverage,44,19,0.4318181818181818,0.6,0
SCOPE_all_en__mix_rel093_evt093,K200_seed2_random__fuse_r0.3,train,fuse,200,2,random,44,31,0.7045454545454546,0.3,0
SCOPE_all_en__mix_rel093_evt093,K200_seed2_coverage__fuse_r0.3,train,fuse,200,2,coverage,44,32,0.7272727272727273,0.3,0
SCOPE_all_en__mix_rel093_evt093,K200_seed3_random__fuse_r0.3,train,fuse,200,3,random,44,30,0.6818181818181818,0.3,0
SCOPE_all_en__mix_rel093_evt093,K200_seed3_coverage__fuse_r0.3,train,fuse,200,3,coverage,44,32,0.7272727272727273,0.3,0
SCOPE_all_en__mix_rel093_evt093,K200_seed4_random__fuse_r0.6,train,fuse,200,4,random,44,18,0.4090909090909091,0.6,0
SCOPE_all_en__mix_rel093_evt093,K200_seed4_coverage__fuse_r0.6,train,fuse,200,4,coverage,44,19,0.4318181818181818,0.6,0
SCOPE_all_en__mix_rel093_evt093,K200_seed5_random__fuse_r0.3,train,fuse,200,5,random,44,30,0.6818181818181818,0.3,0
SCOPE_all_en__mix_rel093_evt093,K200_seed5_coverage__fuse_r0.3,train,fuse,200,5,coverage,44,32,0.7272727272727273,0.3,0
SCOPE_all_en__mix_rel093_evt093,K1000_seed1_random__fuse_r0.6,train,fuse,1000,1,random,44,19,0.4318181818181818,0.6,0
SCOPE_all_en__mix_rel093_evt093,K1000_seed1_coverage__fuse_r0.3,train,fuse,1000,1,coverage,44,32,0.7272727272727273,0.3,0
SCOPE_all_en__mix_rel093_evt093,K1000_seed2_random__fuse_r0.3,train,fuse,1000,2,random,44,31,0.7045454545454546,0.3,0
SCOPE_all_en__mix_rel093_evt093,K1000_seed2_coverage__fuse_r0.3,train,fuse,1000,2,coverage,44,32,0.7272727272727273,0.3,0
SCOPE_all_en__mix_rel093_evt093,K1000_seed3_random__fuse_r0.3,train,fuse,1000,3,random,44,32,0.7272727272727273,0.3,0
SCOPE_all_en__mix_rel093_evt093,K1000_seed3_coverage__fuse_r0.6,train,fuse,1000,3,coverage,44,19,0.4318181818181818,0.6,0
SCOPE_all_en__mix_rel093_evt093,K1000_seed4_random__fuse_r0.6,train,fuse,1000,4,random,44,19,0.4318181818181818,0.6,0
SCOPE_all_en__mix_rel093_evt093,K1000_seed4_coverage__fuse_r0.6,train,fuse,1000,4,coverage,44,19,0.4318181818181818,0.6,0
SCOPE_all_en__mix_rel093_evt093,K1000_seed5_random__fuse_r0.3,train,fuse,1000,5,random,44,31,0.7045454545454546,0.3,0
SCOPE_all_en__mix_rel093_evt093,K1000_seed5_coverage__fuse_r0.3,train,fuse,1000,5,coverage,44,32,0.7272727272727273,0.3,0
SCOPE_all_en__mix_rel093_evt093,K5000_seed1_random__fuse_r0.3,train,fuse,5000,1,random,44,32,0.7272727272727273,0.3,0
SCOPE_all_en__mix_rel093_evt093,K5000_seed1_coverage__fuse_r0.6,train,fuse,5000,1,coverage,44,19,0.4318181818181818,0.6,0
SCOPE_all_en__mix_rel093_evt093,K5000_seed2_random__fuse_r0.6,train,fuse,5000,2,random,44,19,0.4318181818181818,0.6,0
SCOPE_all_en__mix_rel093_evt093,K5000_seed2_coverage__fuse_r0.6,train,fuse,5000,2,coverage,44,19,0.4318181818181818,0.6,0
SCOPE_all_en__mix_rel093_evt093,K5000_seed3_random__fuse_r0.3,train,fuse,5000,3,random,44,32,0.7272727272727273,0.3,0
SCOPE_all_en__mix_rel093_evt093,K5000_seed3_coverage__fuse_r0.3,train,fuse,5000,3,coverage,44,32,0.7272727272727273,0.3,0
SCOPE_all_en__mix_rel093_evt093,K5000_seed4_random__fuse_r0.3,train,fuse,5000,4,random,44,32,0.7272727272727273,0.3,0
SCOPE_all_en__mix_rel093_evt093,K5000_seed4_coverage__fuse_r0.3,train,fuse,5000,4,coverage,44,32,0.7272727272727273,0.3,0
SCOPE_all_en__mix_rel093_evt093,K5000_seed5_random__fuse_r0.6,train,fuse,5000,5,random,44,19,0.4318181818181818,0.6,0
SCOPE_all_en__mix_rel093_evt093,K5000_seed5_coverage__fuse_r0.6,train,fuse,5000,5,coverage,44,19,0.4318181818181818,0.6,0
SCOPE_all_zh__mix_rel094_evt094,K200_seed1_random__fuse_r0.6,train,fuse,200,1,random,33,17,0.5151515151515151,0.6,0
SCOPE_all_zh__mix_rel094_evt094,K200_seed1_coverage__fuse_r0.6,train,fuse,200,1,coverage,33,18,0.5454545454545454,0.6,0
SCOPE_all_zh__mix_rel094_evt094,K200_seed2_random__fuse_r0.6,train,fuse,200,2,random,33,17,0.5151515151515151,0.6,0
SCOPE_all_zh__mix_rel094_evt094,K200_seed2_coverage__fuse_r0.6,train,fuse,200,2,coverage,33,18,0.5454545454545454,0.6,0
SCOPE_all_zh__mix_rel094_evt094,K200_seed3_random__fuse_r0.3,train,fuse,200,3,random,33,27,0.8181818181818182,0.3,0
SCOPE_all_zh__mix_rel094_evt094,K200_seed3_coverage__fuse_r0.6,train,fuse,200,3,coverage,33,18,0.5454545454545454,0.6,0
SCOPE_all_zh__mix_rel094_evt094,K200_seed4_random__fuse_r0.3,train,fuse,200,4,random,33,25,0.7575757575757576,0.3,0
SCOPE_all_zh__mix_rel094_evt094,K200_seed4_coverage__fuse_r0.6,train,fuse,200,4,coverage,33,18,0.5454545454545454,0.6,0
SCOPE_all_zh__mix_rel094_evt094,K200_seed5_random__fuse_r0.3,train,fuse,200,5,random,33,26,0.7878787878787878,0.3,0
SCOPE_all_zh__mix_rel094_evt094,K200_seed5_coverage__fuse_r0.3,train,fuse,200,5,coverage,33,27,0.8181818181818182,0.3,0
SCOPE_all_zh__mix_rel094_evt094,K1000_seed1_random__fuse_r0.3,train,fuse,1000,1,random,33,27,0.8181818181818182,0.3,0
SCOPE_all_zh__mix_rel094_evt094,K1000_seed1_coverage__fuse_r0.6,train,fuse,1000,1,coverage,33,18,0.5454545454545454,0.6,0
SCOPE_all_zh__mix_rel094_evt094,K1000_seed2_random__fuse_r0.6,train,fuse,1000,2,random,33,18,0.5454545454545454,0.6,0
SCOPE_all_zh__mix_rel094_evt094,K1000_seed2_coverage__fuse_r0.6,train,fuse,1000,2,coverage,33,18,0.5454545454545454,0.6,0
SCOPE_all_zh__mix_rel094_evt094,K1000_seed3_random__fuse_r0.6,train,fuse,1000,3,random,33,18,0.5454545454545454,0.6,0
SCOPE_all_zh__mix_rel094_evt094,K1000_seed3_coverage__fuse_r0.6,train,fuse,1000,3,coverage,33,18,0.5454545454545454,0.6,0
SCOPE_all_zh__mix_rel094_evt094,K1000_seed4_random__fuse_r0.6,train,fuse,1000,4,random,33,18,0.5454545454545454,0.6,0
SCOPE_all_zh__mix_rel094_evt094,K1000_seed4_coverage__fuse_r0.3,train,fuse,1000,4,coverage,33,27,0.8181818181818182,0.3,0
SCOPE_all_zh__mix_rel094_evt094,K1000_seed5_random__fuse_r0.3,train,fuse,1000,5,random,33,27,0.8181818181818182,0.3,0
SCOPE_all_zh__mix_rel094_evt094,K1000_seed5_coverage__fuse_r0.3,train,fuse,1000,5,coverage,33,27,0.8181818181818182,0.3,0
SCOPE_all_zh__mix_rel094_evt094,K5000_seed1_random__fuse_r0.6,train,fuse,5000,1,random,33,18,0.5454545454545454,0.6,0
SCOPE_all_zh__mix_rel094_evt094,K5000_seed1_coverage__fuse_r0.6,train,fuse,5000,1,coverage,33,18,0.5454545454545454,0.6,0
SCOPE_all_zh__mix_rel094_evt094,K5000_seed2_random__fuse_r0.3,train,fuse,5000,2,random,33,27,0.8181818181818182,0.3,0
SCOPE_all_zh__mix_rel094_evt094,K5000_seed2_coverage__fuse_r0.6,train,fuse,5000,2,coverage,33,18,0.5454545454545454,0.6,0
SCOPE_all_zh__mix_rel094_evt094,K5000_seed3_random__fuse_r0.6,train,fuse,5000,3,random,33,18,0.5454545454545454,0.6,0
SCOPE_all_zh__mix_rel094_evt094,K5000_seed3_coverage__fuse_r0.6,train,fuse,5000,3,coverage,33,18,0.5454545454545454,0.6,0
SCOPE_all_zh__mix_rel094_evt094,K5000_seed4_random__fuse_r0.6,train,fuse,5000,4,random,33,18,0.5454545454545454,0.6,0
SCOPE_all_zh__mix_rel094_evt094,K5000_seed4_coverage__fuse_r0.6,train,fuse,5000,4,coverage,33,18,0.5454545454545454,0.6,0
SCOPE_all_zh__mix_rel094_evt094,K5000_seed5_random__fuse_r0.3,train,fuse,5000,5,random,33,27,0.8181818181818182,0.3,0
SCOPE_all_zh__mix_rel094_evt094,K5000_seed5_coverage__fuse_r0.3,train,fuse,5000,5,coverage,33,27,0.8181818181818182,0.3,0
SCOPE_all_zh__mix_rel095_evt095,K200_seed1_random__fuse_r0.3,train,fuse,200,1,random,19,14,0.7368421052631579,0.3,0
SCOPE_all_zh__mix_rel095_evt095,K200_seed1_coverage__fuse_r0.6,train,fuse,200,1,coverage,19,15,0.7894736842105263,0.6,0
SCOPE_all_zh__mix_rel095_evt095,K200_seed2_random__fuse_r0.6,train,fuse,200,2,random,19,11,0.5789473684210527,0.6,0
SCOPE_all_zh__mix_rel095_evt095,K200_seed2_coverage__fuse_r0.6,train,fuse,200,2,coverage,19,15,0.7894736842105263,0.6,0
SCOPE_all_zh__mix_rel095_evt095,K200_seed3_random__fuse_r0.6,train,fuse,200,3,random,19,13,0.6842105263157895,0.6,0
SCOPE_all_zh__mix_rel095_evt095,K200_seed3_coverage__fuse_r0.6,train,fuse,200,3,coverage,19,15,0.7894736842105263,0.6,0
SCOPE_all_zh__mix_rel095_evt095,K200_seed4_random__fuse_r0.3,train,fuse,200,4,random,19,17,0.8947368421052632,0.3,0
SCOPE_all_zh__mix_rel095_evt095,K200_seed4_coverage__fuse_r0.3,train,fuse,200,4,coverage,19,19,1.0,0.3,0
SCOPE_all_zh__mix_rel095_evt095,K200_seed5_random__fuse_r0.6,train,fuse,200,5,random,19,10,0.5263157894736842,0.6,0
SCOPE_all_zh__mix_rel095_evt095,K200_seed5_coverage__fuse_r0.6,train,fuse,200,5,coverage,19,15,0.7894736842105263,0.6,0
SCOPE_all_zh__mix_rel095_evt095,K1000_seed1_random__fuse_r0.3,train,fuse,1000,1,random,19,18,0.9473684210526315,0.3,0
SCOPE_all_zh__mix_rel095_evt095,K1000_seed1_coverage__fuse_r0.6,train,fuse,1000,1,coverage,19,15,0.7894736842105263,0.6,0
SCOPE_all_zh__mix_rel095_evt095,K1000_seed2_random__fuse_r0.3,train,fuse,1000,2,random,19,19,1.0,0.3,0
SCOPE_all_zh__mix_rel095_evt095,K1000_seed2_coverage__fuse_r0.3,train,fuse,1000,2,coverage,19,19,1.0,0.3,0
SCOPE_all_zh__mix_rel095_evt095,K1000_seed3_random__fuse_r0.3,train,fuse,1000,3,random,19,19,1.0,0.3,0
SCOPE_all_zh__mix_rel095_evt095,K1000_seed3_coverage__fuse_r0.6,train,fuse,1000,3,coverage,19,15,0.7894736842105263,0.6,0
SCOPE_all_zh__mix_rel095_evt095,K1000_seed4_random__fuse_r0.3,train,fuse,1000,4,random,19,18,0.9473684210526315,0.3,0
SCOPE_all_zh__mix_rel095_evt095,K1000_seed4_coverage__fuse_r0.6,train,fuse,1000,4,coverage,19,15,0.7894736842105263,0.6,0
SCOPE_all_zh__mix_rel095_evt095,K1000_seed5_random__fuse_r0.3,train,fuse,1000,5,random,19,18,0.9473684210526315,0.3,0
SCOPE_all_zh__mix_rel095_evt095,K1000_seed5_coverage__fuse_r0.6,train,fuse,1000,5,coverage,19,15,0.7894736842105263,0.6,0
SCOPE_all_zh__mix_rel095_evt095,K5000_seed1_random__fuse_r0.6,train,fuse,5000,1,random,19,15,0.7894736842105263,0.6,0
SCOPE_all_zh__mix_rel095_evt095,K5000_seed1_coverage__fuse_r0.6,train,fuse,5000,1,coverage,19,15,0.7894736842105263,0.6,0
SCOPE_all_zh__mix_rel095_evt095,K5000_seed2_random__fuse_r0.3,train,fuse,5000,2,random,19,19,1.0,0.3,0
SCOPE_all_zh__mix_rel095_evt095,K5000_seed2_coverage__fuse_r0.6,train,fuse,5000,2,coverage,19,15,0.7894736842105263,0.6,0
SCOPE_all_zh__mix_rel095_evt095,K5000_seed3_random__fuse_r0.3,train,fuse,5000,3,random,19,19,1.0,0.3,0
SCOPE_all_zh__mix_rel095_evt095,K5000_seed3_coverage__fuse_r0.3,train,fuse,5000,3,coverage,19,19,1.0,0.3,0
SCOPE_all_zh__mix_rel095_evt095,K5000_seed4_random__fuse_r0.6,train,fuse,5000,4,random,19,15,0.7894736842105263,0.6,0
SCOPE_all_zh__mix_rel095_evt095,K5000_seed4_coverage__fuse_r0.6,train,fuse,5000,4,coverage,19,15,0.7894736842105263,0.6,0
SCOPE_all_zh__mix_rel095_evt095,K5000_seed5_random__fuse_r0.6,train,fuse,5000,5,random,19,15,0.7894736842105263,0.6,0
SCOPE_all_zh__mix_rel095_evt095,K5000_seed5_coverage__fuse_r0.6,train,fuse,5000,5,coverage,19,15,0.7894736842105263,0.6,0
SCOPE_all_zh__mix_rel096_evt096,K200_seed1_random__fuse_r0.6,train,fuse,200,1,random,21,14,0.6666666666666666,0.6,0
SCOPE_all_zh__mix_rel096_evt096,K200_seed1_coverage__fuse_r0.6,train,fuse,200,1,coverage,21,14,0.6666666666666666,0.6,0
SCOPE_all_zh__mix_rel096_evt096,K200_seed2_random__fuse_r0.6,train,fuse,200,2,random,21,12,0.5714285714285714,0.6,0
SCOPE_all_zh__mix_rel096_evt096,K200_seed2_coverage__fuse_r0.3,train,fuse,200,2,coverage,21,19,0.9047619047619048,0.3,0
SCOPE_all_zh__mix_rel096_evt096,K200_seed3_random__fuse_r0.6,train,fuse,200,3,random,21,10,0.47619047619047616,0.6,0
SCOPE_all_zh__mix_rel096_evt096,K200_seed3_coverage__fuse_r0.3,train,fuse,200,3,coverage,21,19,0.9047619047619048,0.3,0
SCOPE_all_zh__mix_rel096_evt096,K200_seed4_random__fuse_r0.3,train,fuse,200,4,random,21,14,0.6666666666666666,0.3,0
SCOPE_all_zh__mix_rel096_evt096,K200_seed4_coverage__fuse_r0.6,train,fuse,200,4,coverage,21,14,0.6666666666666666,0.6,0
SCOPE_all_zh__mix_rel096_evt096,K200_seed5_random__fuse_r0.3,train,fuse,200,5,random,21,12,0.5714285714285714,0.3,0
SCOPE_all_zh__mix_rel096_evt096,K200_seed5_coverage__fuse_r0.6,train,fuse,200,5,coverage,21,14,0.6666666666666666,0.6,0
SCOPE_all_zh__mix_rel096_evt096,K1000_seed1_random__fuse_r0.6,train,fuse,1000,1,random,21,14,0.6666666666666666,0.6,0
SCOPE_all_zh__mix_rel096_evt096,K1000_seed1_coverage__fuse_r0.6,train,fuse,1000,1,coverage,21,14,0.6666666666666666,0.6,0
SCOPE_all_zh__mix_rel096_evt096,K1000_seed2_random__fuse_r0.3,train,fuse,1000,2,random,21,17,0.8095238095238095,0.3,0
SCOPE_all_zh__mix_rel096_evt096,K1000_seed2_coverage__fuse_r0.6,train,fuse,1000,2,coverage,21,14,0.6666666666666666,0.6,0
SCOPE_all_zh__mix_rel096_evt096,K1000_seed3_random__fuse_r0.6,train,fuse,1000,3,random,21,13,0.6190476190476191,0.6,0
SCOPE_all_zh__mix_rel096_evt096,K1000_seed3_coverage__fuse_r0.6,train,fuse,1000,3,coverage,21,14,0.6666666666666666,0.6,0
SCOPE_all_zh__mix_rel096_evt096,K1000_seed4_random__fuse_r0.6,train,fuse,1000,4,random,21,13,0.6190476190476191,0.6,0
SCOPE_all_zh__mix_rel096_evt096,K1000_seed4_coverage__fuse_r0.3,train,fuse,1000,4,coverage,21,19,0.9047619047619048,0.3,0
SCOPE_all_zh__mix_rel096_evt096,K1000_seed5_random__fuse_r0.3,train,fuse,1000,5,random,21,17,0.8095238095238095,0.3,0
SCOPE_all_zh__mix_rel096_evt096,K1000_seed5_coverage__fuse_r0.6,train,fuse,1000,5,coverage,21,14,0.6666666666666666,0.6,0
SCOPE_all_zh__mix_rel096_evt096,K5000_seed1_random__fuse_r0.6,train,fuse,5000,1,random,21,14,0.6666666666666666,0.6,0
SCOPE_all_zh__mix_rel096_evt096,K5000_seed1_coverage__fuse_r0.3,train,fuse,5000,1,coverage,21,19,0.9047619047619048,0.3,0
SCOPE_all_zh__mix_rel096_evt096,K5000_seed2_random__fuse_r0.3,train,fuse,5000,2,random,21,19,0.9047619047619048,0.3,0
SCOPE_all_zh__mix_rel096_evt096,K5000_seed2_coverage__fuse_r0.6,train,fuse,5000,2,coverage,21,14,0.6666666666666666,0.6,0
SCOPE_all_zh__mix_rel096_evt096,K5000_seed3_random__fuse_r0.6,train,fuse,5000,3,random,21,14,0.6666666666666666,0.6,0
SCOPE_all_zh__mix_rel096_evt096,K5000_seed3_coverage__fuse_r0.3,train,fuse,5000,3,coverage,21,19,0.9047619047619048,0.3,0
SCOPE_all_zh__mix_rel096_evt096,K5000_seed4_random__fuse_r0.3,train,fuse,5000,4,random,21,19,0.9047619047619048,0.3,0
SCOPE_all_zh__mix_rel096_evt096,K5000_seed4_coverage__fuse_r0.6,train,fuse,5000,4,coverage,21,14,0.6666666666666666,0.6,0
SCOPE_all_zh__mix_rel096_evt096,K5000_seed5_random__fuse_r0.6,train,fuse,5000,5,random,21,14,0.6666666666666666,0.6,0
SCOPE_all_zh__mix_rel096_evt096,K5000_seed5_coverage__fuse_r0.3,train,fuse,5000,5,coverage,21,19,0.9047619047619048,0.3,0
SCOPE_all_zh__mix_rel097_evt097,K200_seed1_random__fuse_r0.3,train,fuse,200,1,random,22,19,0.8636363636363636,0.3,0
SCOPE_all_zh__mix_rel097_evt097,K200_seed1_coverage__fuse_r0.6,train,fuse,200,1,coverage,22,16,0.7272727272727273,0.6,0
SCOPE_all_zh__mix_rel097_evt097,K200_seed2_random__fuse_r0.3,train,fuse,200,2,random,22,17,0.7727272727272727,0.3,0
SCOPE_all_zh__mix_rel097_evt097,K200_seed2_coverage__fuse_r0.3,train,fuse,200,2,coverage,22,21,0.9545454545454546,0.3,0
SCOPE_all_zh__mix_rel097_evt097,K200_seed3_random__fuse_r0.3,train,fuse,200,3,random,22,16,0.7272727272727273,0.3,0
SCOPE_all_zh__mix_rel097_evt097,K200_seed3_coverage__fuse_r0.3,train,fuse,200,3,coverage,22,21,0.9545454545454546,0.3,0
SCOPE_all_zh__mix_rel097_evt097,K200_seed4_random__fuse_r0.6,train,fuse,200,4,random,22,13,0.5909090909090909,0.6,0
SCOPE_all_zh__mix_rel097_evt097,K200_seed4_coverage__fuse_r0.3,train,fuse,200,4,coverage,22,21,0.9545454545454546,0.3,0
SCOPE_all_zh__mix_rel097_evt097,K200_seed5_random__fuse_r0.6,train,fuse,200,5,random,22,10,0.45454545454545453,0.6,0
SCOPE_all_zh__mix_rel097_evt097,K200_seed5_coverage__fuse_r0.3,train,fuse,200,5,coverage,22,21,0.9545454545454546,0.3,0
SCOPE_all_zh__mix_rel097_evt097,K1000_seed1_random__fuse_r0.3,train,fuse,1000,1,random,22,21,0.9545454545454546,0.3,0
SCOPE_all_zh__mix_rel097_evt097,K1000_seed1_coverage__fuse_r0.6,train,fuse,1000,1,coverage,22,16,0.7272727272727273,0.6,0
SCOPE_all_zh__mix_rel097_evt097,K1000_seed2_random__fuse_r0.6,train,fuse,1000,2,random,22,15,0.6818181818181818,0.6,0
SCOPE_all_zh__mix_rel097_evt097,K1000_seed2_coverage__fuse_r0.6,train,fuse,1000,2,coverage,22,16,0.7272727272727273,0.6,0
SCOPE_all_zh__mix_rel097_evt097,K1000_seed3_random__fuse_r0.6,train,fuse,1000,3,random,22,14,0.6363636363636364,0.6,0
SCOPE_all_zh__mix_rel097_evt097,K1000_seed3_coverage__fuse_r0.3,train,fuse,1000,3,coverage,22,21,0.9545454545454546,0.3,0
SCOPE_all_zh__mix_rel097_evt097,K1000_seed4_random__fuse_r0.6,train,fuse,1000,4,random,22,16,0.7272727272727273,0.6,0
SCOPE_all_zh__mix_rel097_evt097,K1000_seed4_coverage__fuse_r0.3,train,fuse,1000,4,coverage,22,21,0.9545454545454546,0.3,0
SCOPE_all_zh__mix_rel097_evt097,K1000_seed5_random__fuse_r0.3,train,fuse,1000,5,random,22,19,0.8636363636363636,0.3,0
SCOPE_all_zh__mix_rel097_evt097,K1000_seed5_coverage__fuse_r0.3,train,fuse,1000,5,coverage,22,21,0.9545454545454546,0.3,0
SCOPE_all_zh__mix_rel097_evt097,K5000_seed1_random__fuse_r0.6,train,fuse,5000,1,random,22,16,0.7272727272727273,0.6,0
SCOPE_all_zh__mix_rel097_evt097,K5000_seed1_coverage__fuse_r0.6,train,fuse,5000,1,coverage,22,16,0.7272727272727273,0.6,0
SCOPE_all_zh__mix_rel097_evt097,K5000_seed2_random__fuse_r0.3,train,fuse,5000,2,random,22,21,0.9545454545454546,0.3,0
SCOPE_all_zh__mix_rel097_evt097,K5000_seed2_coverage__fuse_r0.3,train,fuse,5000,2,coverage,22,21,0.9545454545454546,0.3,0
SCOPE_all_zh__mix_rel097_evt097,K5000_seed3_random__fuse_r0.6,train,fuse,5000,3,random,22,16,0.7272727272727273,0.6,0
SCOPE_all_zh__mix_rel097_evt097,K5000_seed3_coverage__fuse_r0.3,train,fuse,5000,3,coverage,22,21,0.9545454545454546,0.3,0
SCOPE_all_zh__mix_rel097_evt097,K5000_seed4_random__fuse_r0.6,train,fuse,5000,4,random,22,16,0.7272727272727273,0.6,0
SCOPE_all_zh__mix_rel097_evt097,K5000_seed4_coverage__fuse_r0.6,train,fuse,5000,4,coverage,22,16,0.7272727272727273,0.6,0
SCOPE_all_zh__mix_rel097_evt097,K5000_seed5_random__fuse_r0.6,train,fuse,5000,5,random,22,16,0.7272727272727273,0.6,0
SCOPE_all_zh__mix_rel097_evt097,K5000_seed5_coverage__fuse_r0.6,train,fuse,5000,5,coverage,22,16,0.7272727272727273,0.6,0
SCOPE_all_en__mix_rel098_evt098,K200_seed1_random__fuse_r0.3,train,fuse,200,1,random,23,19,0.8260869565217391,0.3,0
SCOPE_all_en__mix_rel098_evt098,K200_seed1_coverage__fuse_r0.6,train,fuse,200,1,coverage,23,13,0.5652173913043478,0.6,0
SCOPE_all_en__mix_rel098_evt098,K200_seed2_random__fuse_r0.6,train,fuse,200,2,random,23,12,0.5217391304347826,0.6,0
SCOPE_all_en__mix_rel098_evt098,K200_seed2_coverage__fuse_r0.3,train,fuse,200,2,coverage,23,19,0.8260869565217391,0.3,0
SCOPE_all_en__mix_rel098_evt098,K200_seed3_random__fuse_r0.3,train,fuse,200,3,random,23,19,0.8260869565217391,0.3,0
SCOPE_all_en__mix_rel098_evt098,K200_seed3_coverage__fuse_r0.6,train,fuse,200,3,coverage,23,13,0.5652173913043478,0.6,0
SCOPE_all_en__mix_rel098_evt098,K200_seed4_random__fuse_r0.6,train,fuse,200,4,random,23,13,0.5652173913043478,0.6,0
SCOPE_all_en__mix_rel098_evt098,K200_seed4_coverage__fuse_r0.6,train,fuse,200,4,coverage,23,13,0.5652173913043478,0.6,0
SCOPE_all_en__mix_rel098_evt098,K200_seed5_random__fuse_r0.6,train,fuse,200,5,random,23,13,0.5652173913043478,0.6,0
SCOPE_all_en__mix_rel098_evt098,K200_seed5_coverage__fuse_r0.6,train,fuse,200,5,coverage,23,13,0.5652173913043478,0.6,0
SCOPE_all_en__mix_rel098_evt098,K1000_seed1_random__fuse_r0.6,train,fuse,1000,1,random,23,13,0.5652173913043478,0.6,0
SCOPE_all_en__mix_rel098_evt098,K1000_seed1_coverage__fuse_r0.3,train,fuse,1000,1,coverage,23,19,0.8260869565217391,0.3,0
SCOPE_all_en__mix_rel098_evt098,K1000_seed2_random__fuse_r0.3,train,fuse,1000,2,random,23,19,0.8260869565217391,0.3,0
SCOPE_all_en__mix_rel098_evt098,K1000_seed2_coverage__fuse_r0.6,train,fuse,1000,2,coverage,23,13,0.5652173913043478,0.6,0
SCOPE_all_en__mix_rel098_evt098,K1000_seed3_random__fuse_r0.3,train,fuse,1000,3,random,23,19,0.8260869565217391,0.3,0
SCOPE_all_en__mix_rel098_evt098,K1000_seed3_coverage__fuse_r0.6,train,fuse,1000,3,coverage,23,13,0.5652173913043478,0.6,0
SCOPE_all_en__mix_rel098_evt098,K1000_seed4_random__fuse_r0.3,train,fuse,1000,4,random,23,19,0.8260869565217391,0.3,0
SCOPE_all_en__mix_rel098_evt098,K1000_seed4_coverage__fuse_r0.3,train,fuse,1000,4,coverage,23,19,0.8260869565217391,0.3,0
SCOPE_all_en__mix_rel098_evt098,K1000_seed5_random__fuse_r0.3,train,fuse,1000,5,random,23,19,0.8260869565217391,0.3,0
SCOPE_all_en__mix_rel098_evt098,K1000_seed5_coverage__fuse_r0.6,train,fuse,1000,5,coverage,23,13,0.5652173913043478,0.6,0
SCOPE_all_en__mix_rel098_evt098,K5000_seed1_random__fuse_r0.3,train,fuse,5000,1,random,23,19,0.8260869565217391,0.3,0
SCOPE_all_en__mix_rel098_evt098,K5000_seed1_coverage__fuse_r0.3,train,fuse,5000,1,coverage,23,19,0.8260869565217391,0.3,0
SCOPE_all_en__mix_rel098_evt098,K5000_seed2_random__fuse_r0.3,train,fuse,5000,2,random,23,19,0.8260869565217391,0.3,0
SCOPE_all_en__mix_rel098_evt098,K5000_seed2_coverage__fuse_r0.6,train,fuse,5000,2,coverage,23,13,0.5652173913043478,0.6,0
SCOPE_all_en__mix_rel098_evt098,K5000_seed3_random__fuse_r0.6,train,fuse,5000,3,random,23,13,0.5652173913043478,0.6,0
SCOPE_all_en__mix_rel098_evt098,K5000_seed3_coverage__fuse_r0.3,train,fuse,5000,3,coverage,23,19,0.8260869565217391,0.3,0
SCOPE_all_en__mix_rel098_evt098,K5000_seed4_random__fuse_r0.3,train,fuse,5000,4,random,23,19,0.8260869565217391,0.3,0
SCOPE_all_en__mix_rel098_evt098,K5000_seed4_coverage__fuse_r0.3,train,fuse,5000,4,coverage,23,19,0.8260869565217391,0.3,0
SCOPE_all_en__mix_rel098_evt098,K5000_seed5_random__fuse_r0.3,train,fuse,5000,5,random,23,19,0.8260869565217391,0.3,0
SCOPE_all_en__mix_rel098_evt098,K5000_seed5_coverage__fuse_r0.6,train,fuse,5000,5,coverage,23,13,0.5652173913043478,0.6,0
SCOPE_all_zh__mix_rel099_evt099,K200_seed1_random__fuse_r0.3,train,fuse,200,1,random,32,21,0.65625,0.3,0
SCOPE_all_zh__mix_rel099_evt099,K200_seed1_coverage__fuse_r0.6,train,fuse,200,1,coverage,32,18,0.5625,0.6,0
SCOPE_all_zh__mix_rel099_evt099,K200_seed2_random__fuse_r0.3,train,fuse,200,2,random,32,23,0.71875,0.3,0
SCOPE_all_zh__mix_rel099_evt099,K200_seed2_coverage__fuse_r0.3,train,fuse,200,2,coverage,32,26,0.8125,0.3,0
SCOPE_all_zh__mix_rel099_evt099,K200_seed3_random__fuse_r0.3,train,fuse,200,3,random,32,20,0.625,0.3,0
SCOPE_all_zh__mix_rel099_evt099,K200_seed3_coverage__fuse_r0.6,train,fuse,200,3,coverage,32,18,0.5625,0.6,0
SCOPE_all_zh__mix_rel099_evt099,K200_seed4_random__fuse_r0.3,train,fuse,200,4,random,32,22,0.6875,0.3,0
SCOPE_all_zh__mix_rel099_evt099,K200_seed4_coverage__fuse_r0.6,train,fuse,200,4,coverage,32,18,0.5625,0.6,0
SCOPE_all_zh__mix_rel099_evt099,K200_seed5_random__fuse_r0.6,train,fuse,200,5,random,32,17,0.53125,0.6,0
SCOPE_all_zh__mix_rel099_evt099,K200_seed5_coverage__fuse_r0.3,train,fuse,200,5,coverage,32,26,0.8125,0.3,0
SCOPE_all_zh__mix_rel099_evt099,K1000_seed1_random__fuse_r0.6,train,fuse,1000,1,random,32,18,0.5625,0.6,0
SCOPE_all_zh__mix_rel099_evt099,K1000_seed1_coverage__fuse_r0.6,train,fuse,1000,1,coverage,32,18,0.5625,0.6,0
SCOPE_all_zh__mix_rel099_evt099,K1000_seed2_random__fuse_r0.6,train,fuse,1000,2,random,32,18,0.5625,0.6,0
SCOPE_all_zh__mix_rel099_evt099,K1000_seed2_coverage__fuse_r0.3,train,fuse,1000,2,coverage,32,26,0.8125,0.3,0
SCOPE_all_zh__mix_rel099_evt099,K1000_seed3_random__fuse_r0.6,train,fuse,1000,3,random,32,17,0.53125,0.6,0
SCOPE_all_zh__mix_rel099_evt099,K1000_seed3_coverage__fuse_r0.3,train,fuse,1000,3,coverage,32,26,0.8125,0.3,0
SCOPE_all_zh__mix_rel099_evt099,K1000_seed4_random__fuse_r0.6,train,fuse,1000,4,random,32,18,0.5625,0.6,0
SCOPE_all_zh__mix_rel099_evt099,K1000_seed4_coverage__fuse_r0.6,train,fuse,1000,4,coverage,32,18,0.5625,0.6,0
SCOPE_all_zh__mix_rel099_evt099,K1000_seed5_random__fuse_r0.3,train,fuse,1000,5,random,32,26,0.8125,0.3,0
SCOPE_all_zh__mix_rel099_evt099,K1000_seed5_coverage__fuse_r0.6,train,fuse,1000,5,coverage,32,18,0.5625,0.6,0
SCOPE_all_zh__mix_rel099_evt099,K5000_seed1_random__fuse_r0.3,train,fuse,5000,1,random,32,26,0.8125,0.3,0
SCOPE_all_zh__mix_rel099_evt099,K5000_seed1_coverage__fuse_r0.6,train,fuse,5000,1,coverage,32,18,0.5625,0.6,0
SCOPE_all_zh__mix_rel099_evt099,K5000_seed2_random__fuse_r0.3,train,fuse,5000,2,random,32,26,0.8125,0.3,0
SCOPE_all_zh__mix_rel099_evt099,K5000_seed2_coverage__fuse_r0.6,train,fuse,5000,2,coverage,32,18,0.5625,0.6,0
SCOPE_all_zh__mix_rel099_evt099,K5000_seed3_random__fuse_r0.3,train,fuse,5000,3,random,32,26,0.8125,0.3,0
SCOPE_all_zh__mix_rel099_evt099,K5000_seed3_coverage__fuse_r0.6,train,fuse,5000,3,coverage,32,18,0.5625,0.6,0
SCOPE_all_zh__mix_rel099_evt099,K5000_seed4_random__fuse_r0.6,train,fuse,5000,4,random,32,18,0.5625,0.6,0
SCOPE_all_zh__mix_rel099_evt099,K5000_seed4_coverage__fuse_r0.3,train,fuse,5000,4,coverage,32,26,0.8125,0.3,0
SCOPE_all_zh__mix_rel099_evt099,K5000_seed5_random__fuse_r0.6,train,fuse,5000,5,random,32,18,0.5625,0.6,0
SCOPE_all_zh__mix_rel099_evt099,K5000_seed5_coverage__fuse_r0.3,train,fuse,5000,5,coverage,32,26,0.8125,0.3,0
SCOPE_all_zh__mix_rel100_evt100,K200_seed1_random__fuse_r0.3,train,fuse,200,1,random,16,13,0.8125,0.3,0
SCOPE_all_zh__mix_rel100_evt100,K200_seed1_coverage__fuse_r0.3,train,fuse,200,1,coverage,16,13,0.8125,0.3,0
SCOPE_all_zh__mix_rel100_evt100,K200_seed2_random__fuse_r0.6,train,fuse,200,2,random,16,8,0.5,0.6,0
SCOPE_all_zh__mix_rel100_evt100,K200_seed2_coverage__fuse_r0.6,train,fuse,200,2,coverage,16,8,0.5,0.6,0
SCOPE_all_zh__mix_rel100_evt100,K200_seed3_random__fuse_r0.6,train,fuse,200,3,random,16,8,0.5,0.6,0
SCOPE_all_zh__mix_rel100_evt100,K200_seed3_coverage__fuse_r0.6,train,fuse,200,3,coverage,16,8,0.5,0.6,0
SCOPE_all_zh__mix_rel100_evt100,K200_seed4_random__fuse_r0.6,train,fuse,200,4,random,16,8,0.5,0.6,0
SCOPE_all_zh__mix_rel100_evt100,K200_seed4_coverage__fuse_r0.3,train,fuse,200,4,coverage,16,13,0.8125,0.3,0
SCOPE_all_zh__mix_rel100_evt100,K200_seed5_random__fuse_r0.3,train,fuse,200,5,random,16,13,0.8125,0.3,0
SCOPE_all_zh__mix_rel100_evt100,K200_seed5_coverage__fuse_r0.6,train,fuse,200,5,coverage,16,8,0.5,0.6,0
SCOPE_all_zh__mix_rel100_evt100,K1000_seed1_random__fuse_r0.6,train,fuse,1000,1,random,16,8,0.5,0.6,0
SCOPE_all_zh__mix_rel100_evt100,K1000_seed1_coverage__fuse_r0.6,train,fuse,1000,1,coverage,16,8,0.5,0.6,0
SCOPE_all_zh__mix_rel100_evt100,K1000_seed2_random__fuse_r0.3,train,fuse,1000,2,random,16,13,0.8125,0.3,0
SCOPE_all_zh__mix_rel100_evt100,K1000_seed2_coverage__fuse_r0.3,train,fuse,1000,2,coverage,16,13,0.8125,0.3,0
SCOPE_all_zh__mix_rel100_evt100,K1000_seed3_random__fuse_r0.3,train,fuse,1000,3,random,16,13,0.8125,0.3,0
SCOPE_all_zh__mix_rel100_evt100,K1000_seed3_coverage__fuse_r0.3,train,fuse,1000,3,coverage,16,13,0.8125,0.3,0
SCOPE_all_zh__mix_rel100_evt100,K1000_seed4_random__fuse_r0.3,train,fuse,1000,4,random,16,13,0.8125,0.3,0
SCOPE_all_zh__mix_rel100_evt100,K1000_seed4_coverage__fuse_r0.3,train,fuse,1000,4,coverage,16,13,0.8125,0.3,0
SCOPE_all_zh__mix_rel100_evt100,K1000_seed5_random__fuse_r0.3,train,fuse,1000,5,random,16,13,0.8125,0.3,0
SCOPE_all_zh__mix_rel100_evt100,K1000_seed5_coverage__fuse_r0.3,train,fuse,1000,5,coverage,16,13,0.8125,0.3,0
SCOPE_all_zh__mix_rel100_evt100,K5000_seed1_random__fuse_r0.3,train,fuse,5000,1,random,16,13,0.8125,0.3,0
SCOPE_all_zh__mix_rel100_evt100,K5000_seed1_coverage__fuse_r0.3,train,fuse,5000,1,coverage,16,13,0.8125,0.3,0
SCOPE_all_zh__mix_rel100_evt100,K5000_seed2_random__fuse_r0.6,train,fuse,5000,2,random,16,8,0.5,0.6,0
SCOPE_all_zh__mix_rel100_evt100,K5000_seed2_coverage__fuse_r0.6,train,fuse,5000,2,coverage,16,8,0.5,0.6,0
SCOPE_all_zh__mix_rel100_evt100,K5000_seed3_random__fuse_r0.3,train,fuse,5000,3,random,16,13,0.8125,0.3,0
SCOPE_all_zh__mix_rel100_evt100,K5000_seed3_coverage__fuse_r0.3,train,fuse,5000,3,coverage,16,13,0.8125,0.3,0
SCOPE_all_zh__mix_rel100_evt100,K5000_seed4_random__fuse_r0.3,train,fuse,5000,4,random,16,13,0.8125,0.3,0
SCOPE_all_zh__mix_rel100_evt100,K5000_seed4_coverage__fuse_r0.6,train,fuse,5000,4,coverage,16,8,0.5,0.6,0
SCOPE_all_zh__mix_rel100_evt100,K5000_seed5_random__fuse_r0.6,train,fuse,5000,5,random,16,8,0.5,0.6,0
SCOPE_all_zh__mix_rel100_evt100,K5000_seed5_coverage__fuse_r0.6,train,fuse,5000,5,coverage,16,8,0.5,0.6,0
SCOPE_all_zh__mix_rel101_evt101,K200_seed1_random__fuse_r0.6,train,fuse,200,1,random,19,14,0.7368421052631579,0.6,0
SCOPE_all_zh__mix_rel101_evt101,K200_seed1_coverage__fuse_r0.6,train,fuse,200,1,coverage,19,14,0.7368421052631579,0.6,0
SCOPE_all_zh__mix_rel101_evt101,K200_seed2_random__fuse_r0.3,train,fuse,200,2,random,19,17,0.8947368421052632,0.3,0
SCOPE_all_zh__mix_rel101_evt101,K200_seed2_coverage__fuse_r0.6,train,fuse,200,2,coverage,19,14,0.7368421052631579,0.6,0
SCOPE_all_zh__mix_rel101_evt101,K200_seed3_random__fuse_r0.3,train,fuse,200,3,random,19,16,0.8421052631578947,0.3,0
SCOPE_all_zh__mix_rel101_evt101,K200_seed3_coverage__fuse_r0.6,train,fuse,200,3,coverage,19,14,0.7368421052631579,0.6,0
SCOPE_all_zh__mix_rel101_evt101,K200_seed4_random__fuse_r0.6,train,fuse,200,4,random,19,14,0.7368421052631579,0.6,0
SCOPE_all_zh__mix_rel101_evt101,K200_seed4_coverage__fuse_r0.6,train,fuse,200,4,coverage,19,14,0.7368421052631579,0.6,0
SCOPE_all_zh__mix_rel101_evt101,K200_seed5_random__fuse_r0.3,train,fuse,200,5,random,19,17,0.8947368421052632,0.3,0
SCOPE_all_zh__mix_rel101_evt101,K200_seed5_coverage__fuse_r0.3,train,fuse,200,5,coverage,19,18,0.9473684210526315,0.3,0
SCOPE_all_zh__mix_rel101_evt101,K1000_seed1_random__fuse_r0.6,train,fuse,1000,1,random,19,14,0.7368421052631579,0.6,0
SCOPE_all_zh__mix_rel101_evt101,K1000_seed1_coverage__fuse_r0.3,train,fuse,1000,1,coverage,19,18,0.9473684210526315,0.3,0
SCOPE_all_zh__mix_rel101_evt101,K1000_seed2_random__fuse_r0.6,train,fuse,1000,2,random,19,14,0.7368421052631579,0.6,0
SCOPE_all_zh__mix_rel101_evt101,K1000_seed2_coverage__fuse_r0.6,train,fuse,1000,2,coverage,19,14,0.7368421052631579,0.6,0
SCOPE_all_zh__mix_rel101_evt101,K1000_seed3_random__fuse_r0.6,train,fuse,1000,3,random,19,14,0.7368421052631579,0.6,0
SCOPE_all_zh__mix_rel101_evt101,K1000_seed3_coverage__fuse_r0.6,train,fuse,1000,3,coverage,19,14,0.7368421052631579,0.6,0
SCOPE_all_zh__mix_rel101_evt101,K1000_seed4_random__fuse_r0.6,train,fuse,1000,4,random,19,14,0.7368421052631579,0.6,0
SCOPE_all_zh__mix_rel101_evt101,K1000_seed4_coverage__fuse_r0.6,train,fuse,1000,4,coverage,19,14,0.7368421052631579,0.6,0
SCOPE_all_zh__mix_rel101_evt101,K1000_seed5_random__fuse_r0.3,train,fuse,1000,5,random,19,18,0.9473684210526315,0.3,0
SCOPE_all_zh__mix_rel101_evt101,K1000_seed5_coverage__fuse_r0.3,train,fuse,1000,5,coverage,19,18,0.9473684210526315,0.3,0
SCOPE_all_zh__mix_rel101_evt101,K5000_seed1_random__fuse_r0.3,train,fuse,5000,1,random,19,18,0.9473684210526315,0.3,0
SCOPE_all_zh__mix_rel101_evt101,K5000_seed1_coverage__fuse_r0.3,train,fuse,5000,1,coverage,19,18,0.9473684210526315,0.3,0
SCOPE_all_zh__mix_rel101_evt101,K5000_seed2_random__fuse_r0.6,train,fuse,5000,2,random,19,14,0.7368421052631579,0.6,0
SCOPE_all_zh__mix_rel101_evt101,K5000_seed2_coverage__fuse_r0.6,train,fuse,5000,2,coverage,19,14,0.7368421052631579,0.6,0
SCOPE_all_zh__mix_rel101_evt101,K5000_seed3_random__fuse_r0.3,train,fuse,5000,3,random,19,18,0.9473684210526315,0.3,0
SCOPE_all_zh__mix_rel101_evt101,K5000_seed3_coverage__fuse_r0.6,train,fuse,5000,3,coverage,19,14,0.7368421052631579,0.6,0
SCOPE_all_zh__mix_rel101_evt101,K5000_seed4_random__fuse_r0.6,train,fuse,5000,4,random,19,14,0.7368421052631579,0.6,0
SCOPE_all_zh__mix_rel101_evt101,K5000_seed4_coverage__fuse_r0.3,train,fuse,5000,4,coverage,19,18,0.9473684210526315,0.3,0
SCOPE_all_zh__mix_rel101_evt101,K5000_seed5_random__fuse_r0.3,train,fuse,5000,5,random,19,18,0.9473684210526315,0.3,0
SCOPE_all_zh__mix_rel101_evt101,K5000_seed5_coverage__fuse_r0.6,train,fuse,5000,5,coverage,19,14,0.7368421052631579,0.6,0
SCOPE_all_zh__mix_rel102_evt102,K200_seed1_random__fuse_r0.3,train,fuse,200,1,random,27,23,0.8518518518518519,0.3,0
SCOPE_all_zh__mix_rel102_evt102,K200_seed1_coverage__fuse_r0.6,train,fuse,200,1,coverage,27,16,0.5925925925925926,0.6,0
SCOPE_all_zh__mix_rel102_evt102,K200_seed2_random__fuse_r0.3,train,fuse,200,2,random,27,23,0.8518518518518519,0.3,0
SCOPE_all_zh__mix_rel102_evt102,K200_seed2_coverage__fuse_r0.3,train,fuse,200,2,coverage,27,23,0.8518518518518519,0.3,0
SCOPE_all_zh__mix_rel102_evt102,K200_seed3_random__fuse_r0.3,train,fuse,200,3,random,27,22,0.8148148148148148,0.3,0
SCOPE_all_zh__mix_rel102_evt102,K200_seed3_coverage__fuse_r0.3,train,fuse,200,3,coverage,27,23,0.8518518518518519,0.3,0
SCOPE_all_zh__mix_rel102_evt102,K200_seed4_random__fuse_r0.3,train,fuse,200,4,random,27,23,0.8518518518518519,0.3,0
SCOPE_all_zh__mix_rel102_evt102,K200_seed4_coverage__fuse_r0.3,train,fuse,200,4,coverage,27,23,0.8518518518518519,0.3,0
SCOPE_all_zh__mix_rel102_evt102,K200_seed5_random__fuse_r0.3,train,fuse,200,5,random,27,23,0.8518518518518519,0.3,0
SCOPE_all_zh__mix_rel102_evt102,K200_seed5_coverage__fuse_r0.6,train,fuse,200,5,coverage,27,16,0.5925925925925926,0.6,0
SCOPE_all_zh__mix_rel102_evt102,K1000_seed1_random__fuse_r0.3,train,fuse,1000,1,random,27,23,0.8518518518518519,0.3,0
SCOPE_all_zh__mix_rel102_evt102,K1000_seed1_coverage__fuse_r0.6,train,fuse,1000,1,coverage,27,16,0.5925925925925926,0.6,0
SCOPE_all_zh__mix_rel102_evt102,K1000_seed2_random__fuse_r0.6,train,fuse,1000,2,random,27,16,0.5925925925925926,0.6,0
SCOPE_all_zh__mix_rel102_evt102,K1000_seed2_coverage__fuse_r0.3,train,fuse,1000,2,coverage,27,23,0.8518518518518519,0.3,0
SCOPE_all_zh__mix_rel102_evt102,K1000_seed3_random__fuse_r0.3,train,fuse,1000,3,random,27,23,0.8518518518518519,0.3,0
SCOPE_all_zh__mix_rel102_evt102,K1000_seed3_coverage__fuse_r0.3,train,fuse,1000,3,coverage,27,23,0.8518518518518519,0.3,0
SCOPE_all_zh__mix_rel102_evt102,K1000_seed4_random__fuse_r0.3,train,fuse,1000,4,random,27,23,0.8518518518518519,0.3,0
SCOPE_all_zh__mix_rel102_evt102,K1000_seed4_coverage__fuse_r0.6,train,fuse,1000,4,coverage,27,16,0.5925925925925926,0.6,0
SCOPE_all_zh__mix_rel102_evt102,K1000_seed5_random__fuse_r0.3,train,fuse,1000,5,random,27,23,0.8518518518518519,0.3,0
SCOPE_all_zh__mix_rel102_evt102,K1000_seed5_coverage__fuse_r0.6,train,fuse,1000,5,coverage,27,16,0.5925925925925926,0.6,0
SCOPE_all_zh__mix_rel102_evt102,K5000_seed1_random__fuse_r0.3,train,fuse,5000,1,random,27,23,0.8518518518518519,0.3,0
SCOPE_all_zh__mix_rel102_evt102,K5000_seed1_coverage__fuse_r0.3,train,fuse,5000,1,coverage,27,23,0.8518518518518519,0.3,0
SCOPE_all_zh__mix_rel102_evt102,K5000_seed2_random__fuse_r0.6,train,fuse,5000,2,random,27,16,0.5925925925925926,0.6,0
SCOPE_all_zh__mix_rel102_evt102,K5000_seed2_coverage__fuse_r0.3,train,fuse,5000,2,coverage,27,23,0.8518518518518519,0.3,0
SCOPE_all_zh__mix_rel102_evt102,K5000_seed3_random__fuse_r0.3,train,fuse,5000,3,random,27,23,0.8518518518518519,0.3,0
SCOPE_all_zh__mix_rel102_evt102,K5000_seed3_coverage__fuse_r0.3,train,fuse,5000,3,coverage,27,23,0.8518518518518519,0.3,0
SCOPE_all_zh__mix_rel102_evt102,K5000_seed4_random__fuse_r0.3,train,fuse,5000,4,random,27,23,0.8518518518518519,0.3,0
SCOPE_all_zh__mix_rel102_evt102,K5000_seed4_coverage__fuse_r0.3,train,fuse,5000,4,coverage,27,23,0.8518518518518519,0.3,0
SCOPE_all_zh__mix_rel102_evt102,K5000_seed5_random__fuse_r0.3,train,fuse,5000,5,random,27,23,0.8518518518518519,0.3,0
SCOPE_all_zh__mix_rel102_evt102,K5000_seed5_coverage__fuse_r0.3,train,fuse,5000,5,coverage,27,23,0.8518518518518519,0.3,0
SCOPE_all_zh__mix_rel103_evt103,K200_seed1_random__fuse_r0.3,train,fuse,200,1,random,32,24,0.75,0.3,0
SCOPE_all_zh__mix_rel103_evt103,K200_seed1_coverage__fuse_r0.6,train,fuse,200,1,coverage,32,18,0.5625,0.6,0
SCOPE_all_zh__mix_rel103_evt103,K200_seed2_random__fuse_r0.3,train,fuse,200,2,random,32,24,0.75,0.3,0
SCOPE_all_zh__mix_rel103_evt103,K200_seed2_coverage__fuse_r0.3,train,fuse,200,2,coverage,32,26,0.8125,0.3,0
SCOPE_all_zh__mix_rel103_evt103,K200_seed3_random__fuse_r0.6,train,fuse,200,3,random,32,18,0.5625,0.6,0
SCOPE_all_zh__mix_rel103_evt103,K200_seed3_coverage__fuse_r0.6,train,fuse,200,3,coverage,32,18,0.5625,0.6,0
SCOPE_all_zh__mix_rel103_evt103,K200_seed4_random__fuse_r0.6,train,fuse,200,4,random,32,16,0.5,0.6,0
SCOPE_all_zh__mix_rel103_evt103,K200_seed4_coverage__fuse_r0.3,train,fuse,200,4,coverage,32,26,0.8125,0.3,0
SCOPE_all_zh__mix_rel103_evt103,K200_seed5_random__fuse_r0.6,train,fuse,200,5,random,32,15,0.46875,0.6,0
SCOPE_all_zh__mix_rel103_evt103,K200_seed5_coverage__fuse_r0.3,train,fuse,200,5,coverage,32,26,0.8125,0.3,0
SCOPE_all_zh__mix_rel103_evt103,K1000_seed1_random__fuse_r0.3,train,fuse,1000,1,random,32,26,0.8125,0.3,0
SCOPE_all_zh__mix_rel103_evt103,K1000_seed1_coverage__fuse_r0.3,train,fuse,1000,1,coverage,32,26,0.8125,0.3,0
SCOPE_all_zh__mix_rel103_evt103,K1000_seed2_random__fuse_r0.6,train,fuse,1000,2,random,32,18,0.5625,0.6,0
SCOPE_all_zh__mix_rel103_evt103,K1000_seed2_coverage__fuse_r0.6,train,fuse,1000,2,coverage,32,18,0.5625,0.6,0
SCOPE_all_zh__mix_rel103_evt103,K1000_seed3_random__fuse_r0.6,train,fuse,1000,3,random,32,18,0.5625,0.6,0
SCOPE_all_zh__mix_rel103_evt103,K1000_seed3_coverage__fuse_r0.6,train,fuse,1000,3,coverage,32,18,0.5625,0.6,0
SCOPE_all_zh__mix_rel103_evt103,K1000_seed4_random__fuse_r0.3,train,fuse,1000,4,random,32,26,0.8125,0.3,0
SCOPE_all_zh__mix_rel103_evt103,K1000_seed4_coverage__fuse_r0.6,train,fuse,1000,4,coverage,32,18,0.5625,0.6,0
SCOPE_all_zh__mix_rel103_evt103,K1000_seed5_random__fuse_r0.6,train,fuse,1000,5,random,32,18,0.5625,0.6,0
SCOPE_all_zh__mix_rel103_evt103,K1000_seed5_coverage__fuse_r0.6,train,fuse,1000,5,coverage,32,18,0.5625,0.6,0
SCOPE_all_zh__mix_rel103_evt103,K5000_seed1_random__fuse_r0.6,train,fuse,5000,1,random,32,18,0.5625,0.6,0
SCOPE_all_zh__mix_rel103_evt103,K5000_seed1_coverage__fuse_r0.3,train,fuse,5000,1,coverage,32,26,0.8125,0.3,0
SCOPE_all_zh__mix_rel103_evt103,K5000_seed2_random__fuse_r0.3,train,fuse,5000,2,random,32,26,0.8125,0.3,0
SCOPE_all_zh__mix_rel103_evt103,K5000_seed2_coverage__fuse_r0.3,train,fuse,5000,2,coverage,32,26,0.8125,0.3,0
SCOPE_all_zh__mix_rel103_evt103,K5000_seed3_random__fuse_r0.3,train,fuse,5000,3,random,32,26,0.8125,0.3,0
SCOPE_all_zh__mix_rel103_evt103,K5000_seed3_coverage__fuse_r0.6,train,fuse,5000,3,coverage,32,18,0.5625,0.6,0
SCOPE_all_zh__mix_rel103_evt103,K5000_seed4_random__fuse_r0.6,train,fuse,5000,4,random,32,18,0.5625,0.6,0
SCOPE_all_zh__mix_rel103_evt103,K5000_seed4_coverage__fuse_r0.6,train,fuse,5000,4,coverage,32,18,0.5625,0.6,0
SCOPE_all_zh__mix_rel103_evt103,K5000_seed5_random__fuse_r0.3,train,fuse,5000,5,random,32,26,0.8125,0.3,0
SCOPE_all_zh__mix_rel103_evt103,K5000_seed5_coverage__fuse_r0.6,train,fuse,5000,5,coverage,32,18,0.5625,0.6,0
SCOPE_all_zh__mix_rel104_evt104,K200_seed1_random__fuse_r0.3,train,fuse,200,1,random,30,23,0.7666666666666667,0.3,0
SCOPE_all_zh__mix_rel104_evt104,K200_seed1_coverage__fuse_r0.3,train,fuse,200,1,coverage,30,26,0.8666666666666667,0.3,0
SCOPE_all_zh__mix_rel104_evt104,K200_seed2_random__fuse_r0.3,train,fuse,200,2,random,30,19,0.6333333333333333,0.3,0
SCOPE_all_zh__mix_rel104_evt104,K200_seed2_coverage__fuse_r0.3,train,fuse,200,2,coverage,30,26,0.8666666666666667,0.3,0
SCOPE_all_zh__mix_rel104_evt104,K200_seed3_random__fuse_r0.3,train,fuse,200,3,random,30,22,0.7333333333333333,0.3,0
SCOPE_all_zh__mix_rel104_evt104,K200_seed3_coverage__fuse_r0.6,train,fuse,200,3,coverage,30,18,0.6,0.6,0
SCOPE_all_zh__mix_rel104_evt104,K200_seed4_random__fuse_r0.3,train,fuse,200,4,random,30,23,0.7666666666666667,0.3,0
SCOPE_all_zh__mix_rel104_evt104,K200_seed4_coverage__fuse_r0.3,train,fuse,200,4,coverage,30,26,0.8666666666666667,0.3,0
SCOPE_all_zh__mix_rel104_evt104,K200_seed5_random__fuse_r0.3,train,fuse,200,5,random,30,23,0.7666666666666667,0.3,0
SCOPE_all_zh__mix_rel104_evt104,K200_seed5_coverage__fuse_r0.6,train,fuse,200,5,coverage,30,18,0.6,0.6,0
SCOPE_all_zh__mix_rel104_evt104,K1000_seed1_random__fuse_r0.3,train,fuse,1000,1,random,30,26,0.8666666666666667,0.3,0
SCOPE_all_zh__mix_rel104_evt104,K1000_seed1_coverage__fuse_r0.6,train,fuse,1000,1,coverage,30,18,0.6,0.6,0
SCOPE_all_zh__mix_rel104_evt104,K1000_seed2_random__fuse_r0.3,train,fuse,1000,2,random,30,25,0.8333333333333334,0.3,0
SCOPE_all_zh__mix_rel104_evt104,K1000_seed2_coverage__fuse_r0.6,train,fuse,1000,2,coverage,30,18,0.6,0.6,0
SCOPE_all_zh__mix_rel104_evt104,K1000_seed3_random__fuse_r0.6,train,fuse,1000,3,random,30,16,0.5333333333333333,0.6,0
SCOPE_all_zh__mix_rel104_evt104,K1000_seed3_coverage__fuse_r0.6,train,fuse,1000,3,coverage,30,18,0.6,0.6,0
SCOPE_all_zh__mix_rel104_evt104,K1000_seed4_random__fuse_r0.3,train,fuse,1000,4,random,30,25,0.8333333333333334,0.3,0
SCOPE_all_zh__mix_rel104_evt104,K1000_seed4_coverage__fuse_r0.6,train,fuse,1000,4,coverage,30,18,0.6,0.6,0
SCOPE_all_zh__mix_rel104_evt104,K1000_seed5_random__fuse_r0.3,train,fuse,1000,5,random,30,25,0.8333333333333334,0.3,0
SCOPE_all_zh__mix_rel104_evt104,K1000_seed5_coverage__fuse_r0.6,train,fuse,1000,5,coverage,30,18,0.6,0.6,0
SCOPE_all_zh__mix_rel104_evt104,K5000_seed1_random__fuse_r0.3,train,fuse,5000,1,random,30,26,0.8666666666666667,0.3,0
SCOPE_all_zh__mix_rel104_evt104,K5000_seed1_coverage__fuse_r0.3,train,fuse,5000,1,coverage,30,26,0.8666666666666667,0.3,0
SCOPE_all_zh__mix_rel104_evt104,K5000_seed2_random__fuse_r0.6,train,fuse,5000,2,random,30,18,0.6,0.6,0
SCOPE_all_zh__mix_rel104_evt104,K5000_seed2_coverage__fuse_r0.6,train,fuse,5000,2,coverage,30,18,0.6,0.6,0
SCOPE_all_zh__mix_rel104_evt104,K5000_seed3_random__fuse_r0.6,train,fuse,5000,3,random,30,18,0.6,0.6,0
SCOPE_all_zh__mix_rel104_evt104,K5000_seed3_coverage__fuse_r0.6,train,fuse,5000,3,coverage,30,18,0.6,0.6,0
SCOPE_all_zh__mix_rel104_evt104,K5000_seed4_random__fuse_r0.3,train,fuse,5000,4,random,30,26,0.8666666666666667,0.3,0
SCOPE_all_zh__mix_rel104_evt104,K5000_seed4_coverage__fuse_r0.3,train,fuse,5000,4,coverage,30,26,0.8666666666666667,0.3,0
SCOPE_all_zh__mix_rel104_evt104,K5000_seed5_random__fuse_r0.3,train,fuse,5000,5,random,30,26,0.8666666666666667,0.3,0
SCOPE_all_zh__mix_rel104_evt104,K5000_seed5_coverage__fuse_r0.6,train,fuse,5000,5,coverage,30,18,0.6,0.6,0
SCOPE_all_zh__mix_rel105_evt105,K200_seed1_random__fuse_r0.3,train,fuse,200,1,random,18,16,0.8888888888888888,0.3,0
SCOPE_all_zh__mix_rel105_evt105,K200_seed1_coverage__fuse_r0.6,train,fuse,200,1,coverage,18,13,0.7222222222222222,0.6,0
SCOPE_all_zh__mix_rel105_evt105,K200_seed2_random__fuse_r0.3,train,fuse,200,2,random,18,13,0.7222222222222222,0.3,0
SCOPE_all_zh__mix_rel105_evt105,K200_seed2_coverage__fuse_r0.3,train,fuse,200,2,coverage,18,17,0.9444444444444444,0.3,0
SCOPE_all_zh__mix_rel105_evt105,K200_seed3_random__fuse_r0.6,train,fuse,200,3,random,18,9,0.5,0.6,0
SCOPE_all_zh__mix_rel105_evt105,K200_seed3_coverage__fuse_r0.3,train,fuse,200,3,coverage,18,17,0.9444444444444444,0.3,0
SCOPE_all_zh__mix_rel105_evt105,K200_seed4_random__fuse_r0.6,train,fuse,200,4,random,18,10,0.5555555555555556,0.6,0
SCOPE_all_zh__mix_rel105_evt105,K200_seed4_coverage__fuse_r0.3,train,fuse,200,4,coverage,18,17,0.9444444444444444,0.3,0
SCOPE_all_zh__mix_rel105_evt105,K200_seed5_random__fuse_r0.6,train,fuse,200,5,random,18,11,0.6111111111111112,0.6,0
SCOPE_all_zh__mix_rel105_evt105,K200_seed5_coverage__fuse_r0.3,train,fuse,200,5,coverage,18,17,0.9444444444444444,0.3,0
SCOPE_all_zh__mix_rel105_evt105,K1000_seed1_random__fuse_r0.6,train,fuse,1000,1,random,18,13,0.7222222222222222,0.6,0
SCOPE_all_zh__mix_rel105_evt105,K1000_seed1_coverage__fuse_r0.6,train,fuse,1000,1,coverage,18,13,0.7222222222222222,0.6,0
SCOPE_all_zh__mix_rel105_evt105,K1000_seed2_random__fuse_r0.6,train,fuse,1000,2,random,18,13,0.7222222222222222,0.6,0
SCOPE_all_zh__mix_rel105_evt105,K1000_seed2_coverage__fuse_r0.3,train,fuse,1000,2,coverage,18,17,0.9444444444444444,0.3,0
SCOPE_all_zh__mix_rel105_evt105,K1000_seed3_random__fuse_r0.6,train,fuse,1000,3,random,18,13,0.7222222222222222,0.6,0
SCOPE_all_zh__mix_rel105_evt105,K1000_seed3_coverage__fuse_r0.3,train,fuse,1000,3,coverage,18,17,0.9444444444444444,0.3,0
SCOPE_all_zh__mix_rel105_evt105,K1000_seed4_random__fuse_r0.6,train,fuse,1000,4,random,18,13,0.7222222222222222,0.6,0
SCOPE_all_zh__mix_rel105_evt105,K1000_seed4_coverage__fuse_r0.3,train,fuse,1000,4,coverage,18,17,0.9444444444444444,0.3,0
SCOPE_all_zh__mix_rel105_evt105,K1000_seed5_random__fuse_r0.3,train,fuse,1000,5,random,18,16,0.8888888888888888,0.3,0
SCOPE_all_zh__mix_rel105_evt105,K1000_seed5_coverage__fuse_r0.6,train,fuse,1000,5,coverage,18,13,0.7222222222222222,0.6,0
SCOPE_all_zh__mix_rel105_evt105,K5000_seed1_random__fuse_r0.3,train,fuse,5000,1,random,18,17,0.9444444444444444,0.3,0
SCOPE_all_zh__mix_rel105_evt105,K5000_seed1_coverage__fuse_r0.3,train,fuse,5000,1,coverage,18,17,0.9444444444444444,0.3,0
SCOPE_all_zh__mix_rel105_evt105,K5000_seed2_random__fuse_r0.3,train,fuse,5000,2,random,18,17,0.9444444444444444,0.3,0
SCOPE_all_zh__mix_rel105_evt105,K5000_seed2_coverage__fuse_r0.6,train,fuse,5000,2,coverage,18,13,0.7222222222222222,0.6,0
SCOPE_all_zh__mix_rel105_evt105,K5000_seed3_random__fuse_r0.3,train,fuse,5000,3,random,18,17,0.9444444444444444,0.3,0
SCOPE_all_zh__mix_rel105_evt105,K5000_seed3_coverage__fuse_r0.6,train,fuse,5000,3,coverage,18,13,0.7222222222222222,0.6,0
SCOPE_all_zh__mix_rel105_evt105,K5000_seed4_random__fuse_r0.6,train,fuse,5000,4,random,18,13,0.7222222222222222,0.6,0
SCOPE_all_zh__mix_rel105_evt105,K5000_seed4_coverage__fuse_r0.6,train,fuse,5000,4,coverage,18,13,0.7222222222222222,0.6,0
SCOPE_all_zh__mix_rel105_evt105,K5000_seed5_random__fuse_r0.3,train,fuse,5000,5,random,18,17,0.9444444444444444,0.3,0
SCOPE_all_zh__mix_rel105_evt105,K5000_seed5_coverage__fuse_r0.3,train,fuse,5000,5,coverage,18,17,0.9444444444444444,0.3,0
SCOPE_all_zh__mix_rel106_evt106,K200_seed1_random__fuse_r0.3,train,fuse,200,1,random,28,21,0.75,0.3,0
SCOPE_all_zh__mix_rel106_evt106,K200_seed1_coverage__fuse_r0.3,train,fuse,200,1,coverage,28,23,0.8214285714285714,0.3,0
SCOPE_all_zh__mix_rel106_evt106,K200_seed2_random__fuse_r0.3,train,fuse,200,2,random,28,22,0.7857142857142857,0.3,0
SCOPE_all_zh__mix_rel106_evt106,K200_seed2_coverage__fuse_r0.3,train,fuse,200,2,coverage,28,23,0.8214285714285714,0.3,0
SCOPE_all_zh__mix_rel106_evt106,K200_seed3_random__fuse_r0.6,train,fuse,200,3,random,28,17,0.6071428571428571,0.6,0
SCOPE_all_zh__mix_rel106_evt106,K200_seed3_coverage__fuse_r0.6,train,fuse,200,3,coverage,28,17,0.6071428571428571,0.6,0
SCOPE_all_zh__mix_rel106_evt106,K200_seed4_random__fuse_r0.6,train,fuse,200,4,random,28,16,0.5714285714285714,0.6,0
SCOPE_all_zh__mix_rel106_evt106,K200_seed4_coverage__fuse_r0.6,train,fuse,200,4,coverage,28,17,0.6071428571428571,0.6,0
SCOPE_all_zh__mix_rel106_evt106,K200_seed5_random__fuse_r0.3,train,fuse,200,5,random,28,22,0.7857142857142857,0.3,0
SCOPE_all_zh__mix_rel106_evt106,K200_seed5_coverage__fuse_r0.6,train,fuse,200,5,coverage,28,17,0.6071428571428571,0.6,0
SCOPE_all_zh__mix_rel106_evt106,K1000_seed1_random__fuse_r0.6,train,fuse,1000,1,random,28,17,0.6071428571428571,0.6,0
SCOPE_all_zh__mix_rel106_evt106,K1000_seed1_coverage__fuse_r0.6,train,fuse,1000,1,coverage,28,17,0.6071428571428571,0.6,0
SCOPE_all_zh__mix_rel106_evt106,K1000_seed2_random__fuse_r0.6,train,fuse,1000,2,random,28,17,0.6071428571428571,0.6,0
SCOPE_all_zh__mix_rel106_evt106,K1000_seed2_coverage__fuse_r0.6,train,fuse,1000,2,coverage,28,17,0.6071428571428571,0.6,0
SCOPE_all_zh__mix_rel106_evt106,K1000_seed3_random__fuse_r0.6,train,fuse,1000,3,random,28,17,0.6071428571428571,0.6,0
SCOPE_all_zh__mix_rel106_evt106,K1000_seed3_coverage__fuse_r0.3,train,fuse,1000,3,coverage,28,23,0.8214285714285714,0.3,0
SCOPE_all_zh__mix_rel106_evt106,K1000_seed4_random__fuse_r0.6,train,fuse,1000,4,random,28,17,0.6071428571428571,0.6,0
SCOPE_all_zh__mix_rel106_evt106,K1000_seed4_coverage__fuse_r0.6,train,fuse,1000,4,coverage,28,17,0.6071428571428571,0.6,0
SCOPE_all_zh__mix_rel106_evt106,K1000_seed5_random__fuse_r0.3,train,fuse,1000,5,random,28,22,0.7857142857142857,0.3,0
SCOPE_all_zh__mix_rel106_evt106,K1000_seed5_coverage__fuse_r0.6,train,fuse,1000,5,coverage,28,17,0.6071428571428571,0.6,0
SCOPE_all_zh__mix_rel106_evt106,K5000_seed1_random__fuse_r0.3,train,fuse,5000,1,random,28,23,0.8214285714285714,0.3,0
SCOPE_all_zh__mix_rel106_evt106,K5000_seed1_coverage__fuse_r0.6,train,fuse,5000,1,coverage,28,17,0.6071428571428571,0.6,0
SCOPE_all_zh__mix_rel106_evt106,K5000_seed2_random__fuse_r0.6,train,fuse,5000,2,random,28,17,0.6071428571428571,0.6,0
SCOPE_all_zh__mix_rel106_evt106,K5000_seed2_coverage__fuse_r0.3,train,fuse,5000,2,coverage,28,23,0.8214285714285714,0.3,0
SCOPE_all_zh__mix_rel106_evt106,K5000_seed3_random__fuse_r0.6,train,fuse,5000,3,random,28,17,0.6071428571428571,0.6,0
SCOPE_all_zh__mix_rel106_evt106,K5000_seed3_coverage__fuse_r0.6,train,fuse,5000,3,coverage,28,17,0.6071428571428571,0.6,0
SCOPE_all_zh__mix_rel106_evt106,K5000_seed4_random__fuse_r0.6,train,fuse,5000,4,random,28,17,0.6071428571428571,0.6,0
SCOPE_all_zh__mix_rel106_evt106,K5000_seed4_coverage__fuse_r0.6,train,fuse,5000,4,coverage,28,17,0.6071428571428571,0.6,0
SCOPE_all_zh__mix_rel106_evt106,K5000_seed5_random__fuse_r0.6,train,fuse,5000,5,random,28,17,0.6071428571428571,0.6,0
SCOPE_all_zh__mix_rel106_evt106,K5000_seed5_coverage__fuse_r0.3,train,fuse,5000,5,coverage,28,23,0.8214285714285714,0.3,0
SCOPE_all_zh__mix_rel107_evt107,K200_seed1_random__fuse_r0.3,train,fuse,200,1,random,29,23,0.7931034482758621,0.3,0
SCOPE_all_zh__mix_rel107_evt107,K200_seed1_coverage__fuse_r0.6,train,fuse,200,1,coverage,29,17,0.5862068965517241,0.6,0
SCOPE_all_zh__mix_rel107_evt107,K200_seed2_random__fuse_r0.6,train,fuse,200,2,random,29,17,0.5862068965517241,0.6,0
SCOPE_all_zh__mix_rel107_evt107,K200_seed2_coverage__fuse_r0.6,train,fuse,200,2,coverage,29,17,0.5862068965517241,0.6,0
SCOPE_all_zh__mix_rel107_evt107,K200_seed3_random__fuse_r0.6,train,fuse,200,3,random,29,17,0.5862068965517241,0.6,0
SCOPE_all_zh__mix_rel107_evt107,K200_seed3_coverage__fuse_r0.6,train,fuse,200,3,coverage,29,17,0.5862068965517241,0.6,0
SCOPE_all_zh__mix_rel107_evt107,K200_seed4_random__fuse_r0.3,train,fuse,200,4,random,29,24,0.8275862068965517,0.3,0
SCOPE_all_zh__mix_rel107_evt107,K200_seed4_coverage__fuse_r0.6,train,fuse,200,4,coverage,29,17,0.5862068965517241,0.6,0
SCOPE_all_zh__mix_rel107_evt107,K200_seed5_random__fuse_r0.3,train,fuse,200,5,random,29,24,0.8275862068965517,0.3,0
SCOPE_all_zh__mix_rel107_evt107,K200_seed5_coverage__fuse_r0.3,train,fuse,200,5,coverage,29,24,0.8275862068965517,0.3,0
SCOPE_all_zh__mix_rel107_evt107,K1000_seed1_random__fuse_r0.6,train,fuse,1000,1,random,29,17,0.5862068965517241,0.6,0
SCOPE_all_zh__mix_rel107_evt107,K1000_seed1_coverage__fuse_r0.3,train,fuse,1000,1,coverage,29,24,0.8275862068965517,0.3,0
SCOPE_all_zh__mix_rel107_evt107,K1000_seed2_random__fuse_r0.6,train,fuse,1000,2,random,29,17,0.5862068965517241,0.6,0
SCOPE_all_zh__mix_rel107_evt107,K1000_seed2_coverage__fuse_r0.3,train,fuse,1000,2,coverage,29,24,0.8275862068965517,0.3,0
SCOPE_all_zh__mix_rel107_evt107,K1000_seed3_random__fuse_r0.6,train,fuse,1000,3,random,29,17,0.5862068965517241,0.6,0
SCOPE_all_zh__mix_rel107_evt107,K1000_seed3_coverage__fuse_r0.3,train,fuse,1000,3,coverage,29,24,0.8275862068965517,0.3,0
SCOPE_all_zh__mix_rel107_evt107,K1000_seed4_random__fuse_r0.6,train,fuse,1000,4,random,29,17,0.5862068965517241,0.6,0
SCOPE_all_zh__mix_rel107_evt107,K1000_seed4_coverage__fuse_r0.3,train,fuse,1000,4,coverage,29,24,0.8275862068965517,0.3,0
SCOPE_all_zh__mix_rel107_evt107,K1000_seed5_random__fuse_r0.6,train,fuse,1000,5,random,29,17,0.5862068965517241,0.6,0
SCOPE_all_zh__mix_rel107_evt107,K1000_seed5_coverage__fuse_r0.6,train,fuse,1000,5,coverage,29,17,0.5862068965517241,0.6,0
SCOPE_all_zh__mix_rel107_evt107,K5000_seed1_random__fuse_r0.6,train,fuse,5000,1,random,29,17,0.5862068965517241,0.6,0
SCOPE_all_zh__mix_rel107_evt107,K5000_seed1_coverage__fuse_r0.3,train,fuse,5000,1,coverage,29,24,0.8275862068965517,0.3,0
SCOPE_all_zh__mix_rel107_evt107,K5000_seed2_random__fuse_r0.3,train,fuse,5000,2,random,29,24,0.8275862068965517,0.3,0
SCOPE_all_zh__mix_rel107_evt107,K5000_seed2_coverage__fuse_r0.6,train,fuse,5000,2,coverage,29,17,0.5862068965517241,0.6,0
SCOPE_all_zh__mix_rel107_evt107,K5000_seed3_random__fuse_r0.6,train,fuse,5000,3,random,29,17,0.5862068965517241,0.6,0
SCOPE_all_zh__mix_rel107_evt107,K5000_seed3_coverage__fuse_r0.3,train,fuse,5000,3,coverage,29,24,0.8275862068965517,0.3,0
SCOPE_all_zh__mix_rel107_evt107,K5000_seed4_random__fuse_r0.6,train,fuse,5000,4,random,29,17,0.5862068965517241,0.6,0
SCOPE_all_zh__mix_rel107_evt107,K5000_seed4_coverage__fuse_r0.3,train,fuse,5000,4,coverage,29,24,0.8275862068965517,0.3,0
SCOPE_all_zh__mix_rel107_evt107,K5000_seed5_random__fuse_r0.6,train,fuse,5000,5,random,29,17,0.5862068965517241,0.6,0
SCOPE_all_zh__mix_rel107_evt107,K5000_seed5_coverage__fuse_r0.6,train,fuse,5000,5,coverage,29,17,0.5862068965517241,0.6,0
SCOPE_all_zh__mix_rel108_evt108,K200_seed1_random__fuse_r0.6,train,fuse,200,1,random,18,12,0.6666666666666666,0.6,0
SCOPE_all_zh__mix_rel108_evt108,K200_seed1_coverage__fuse_r0.3,train,fuse,200,1,coverage,18,16,0.8888888888888888,0.3,0
SCOPE_all_zh__mix_rel108_evt108,K200_seed2_random__fuse_r0.6,train,fuse,200,2,random,18,13,0.7222222222222222,0.6,0
SCOPE_all_zh__mix_rel108_evt108,K200_seed2_coverage__fuse_r0.3,train,fuse,200,2,coverage,18,16,0.8888888888888888,0.3,0
SCOPE_all_zh__mix_rel108_evt108,K200_seed3_random__fuse_r0.3,train,fuse,200,3,random,18,15,0.8333333333333334,0.3,0
SCOPE_all_zh__mix_rel108_evt108,K200_seed3_coverage__fuse_r0.6,train,fuse,200,3,coverage,18,13,0.7222222222222222,0.6,0
SCOPE_all_zh__mix_rel108_evt108,K200_seed4_random__fuse_r0.3,train,fuse,200,4,random,18,14,0.7777777777777778,0.3,0
SCOPE_all_zh__mix_rel108_evt108,K200_seed4_coverage__fuse_r0.3,train,fuse,200,4,coverage,18,16,0.8888888888888888,0.3,0
SCOPE_all_zh__mix_rel108_evt108,K200_seed5_random__fuse_r0.6,train,fuse,200,5,random,18,13,0.7222222222222222,0.6,0
SCOPE_all_zh__mix_rel108_evt108,K200_seed5_coverage__fuse_r0.3,train,fuse,200,5,coverage,18,16,0.8888888888888888,0.3,0
SCOPE_all_zh__mix_rel108_evt108,K1000_seed1_random__fuse_r0.6,train,fuse,1000,1,random,18,13,0.7222222222222222,0.6,0
SCOPE_all_zh__mix_rel108_evt108,K1000_seed1_coverage__fuse_r0.6,train,fuse,1000,1,coverage,18,13,0.7222222222222222,0.6,0
SCOPE_all_zh__mix_rel108_evt108,K1000_seed2_random__fuse_r0.6,train,fuse,1000,2,random,18,13,0.7222222222222222,0.6,0
SCOPE_all_zh__mix_rel108_evt108,K1000_seed2_coverage__fuse_r0.3,train,fuse,1000,2,coverage,18,16,0.8888888888888888,0.3,0
SCOPE_all_zh__mix_rel108_evt108,K1000_seed3_random__fuse_r0.3,train,fuse,1000,3,random,18,16,0.8888888888888888,0.3,0
SCOPE_all_zh__mix_rel108_evt108,K1000_seed3_coverage__fuse_r0.6,train,fuse,1000,3,coverage,18,13,0.7222222222222222,0.6,0
SCOPE_all_zh__mix_rel108_evt108,K1000_seed4_random__fuse_r0.6,train,fuse,1000,4,random,18,13,0.7222222222222222,0.6,0
SCOPE_all_zh__mix_rel108_evt108,K1000_seed4_coverage__fuse_r0.3,train,fuse,1000,4,coverage,18,16,0.8888888888888888,0.3,0
SCOPE_all_zh__mix_rel108_evt108,K1000_seed5_random__fuse_r0.6,train,fuse,1000,5,random,18,13,0.7222222222222222,0.6,0
SCOPE_all_zh__mix_rel108_evt108,K1000_seed5_coverage__fuse_r0.3,train,fuse,1000,5,coverage,18,16,0.8888888888888888,0.3,0
SCOPE_all_zh__mix_rel108_evt108,K5000_seed1_random__fuse_r0.6,train,fuse,5000,1,random,18,13,0.7222222222222222,0.6,0
SCOPE_all_zh__mix_rel108_evt108,K5000_seed1_coverage__fuse_r0.6,train,fuse,5000,1,coverage,18,13,0.7222222222222222,0.6,0
SCOPE_all_zh__mix_rel108_evt108,K5000_seed2_random__fuse_r0.3,train,fuse,5000,2,random,18,16,0.8888888888888888,0.3,0
SCOPE_all_zh__mix_rel108_evt108,K5000_seed2_coverage__fuse_r0.3,train,fuse,5000,2,coverage,18,16,0.8888888888888888,0.3,0
SCOPE_all_zh__mix_rel108_evt108,K5000_seed3_random__fuse_r0.3,train,fuse,5000,3,random,18,16,0.8888888888888888,0.3,0
SCOPE_all_zh__mix_rel108_evt108,K5000_seed3_coverage__fuse_r0.3,train,fuse,5000,3,coverage,18,16,0.8888888888888888,0.3,0
SCOPE_all_zh__mix_rel108_evt108,K5000_seed4_random__fuse_r0.6,train,fuse,5000,4,random,18,13,0.7222222222222222,0.6,0
SCOPE_all_zh__mix_rel108_evt108,K5000_seed4_coverage__fuse_r0.3,train,fuse,5000,4,coverage,18,16,0.8888888888888888,0.3,0
SCOPE_all_zh__mix_rel108_evt108,K5000_seed5_random__fuse_r0.6,train,fuse,5000,5,random,18,13,0.7222222222222222,0.6,0
SCOPE_all_zh__mix_rel108_evt108,K5000_seed5_coverage__fuse_r0.3,train,fuse,5000,5,coverage,18,16,0.8888888888888888,0.3,0
SCOPE_all_zh__mix_rel109_evt109,K200_seed1_random__fuse_r0.3,train,fuse,200,1,random,9,9,1.0,0.3,0
SCOPE_all_zh__mix_rel109_evt109,K200_seed1_coverage__fuse_r0.6,train,fuse,200,1,coverage,9,8,0.8888888888888888,0.6,0
SCOPE_all_zh__mix_rel109_evt109,K200_seed2_random__fuse_r0.3,train,fuse,200,2,random,9,9,1.0,0.3,0
SCOPE_all_zh__mix_rel109_evt109,K200_seed2_coverage__fuse_r0.6,train,fuse,200,2,coverage,9,8,0.8888888888888888,0.6,0
SCOPE_all_zh__mix_rel109_evt109,K200_seed3_random__fuse_r0.3,train,fuse,200,3,random,9,9,1.0,0.3,0
SCOPE_all_zh__mix_rel109_evt109,K200_seed3_coverage__fuse_r0.6,train,fuse,200,3,coverage,9,8,0.8888888888888888,0.6,0
SCOPE_all_zh__mix_rel109_evt109,K200_seed4_random__fuse_r0.6,train,fuse,200,4,random,9,8,0.8888888888888888,0.6,0
SCOPE_all_zh__mix_rel109_evt109,K200_seed4_coverage__fuse_r0.6,train,fuse,200,4,coverage,9,8,0.8888888888888888,0.6,0
SCOPE_all_zh__mix_rel109_evt109,K200_seed5_random__fuse_r0.6,train,fuse,200,5,random,9,8,0.8888888888888888,0.6,0
SCOPE_all_zh__mix_rel109_evt109,K200_seed5_coverage__fuse_r0.3,train,fuse,200,5,coverage,9,9,1.0,0.3,0
SCOPE_all_zh__mix_rel109_evt109,K1000_seed1_random__fuse_r0.3,train,fuse,1000,1,random,9,9,1.0,0.3,0
SCOPE_all_zh__mix_rel109_evt109,K1000_seed1_coverage__fuse_r0.3,train,fuse,1000,1,coverage,9,9,1.0,0.3,0
SCOPE_all_zh__mix_rel109_evt109,K1000_seed2_random__fuse_r0.3,train,fuse,1000,2,random,9,9,1.0,0.3,0
SCOPE_all_zh__mix_rel109_evt109,K1000_seed2_coverage__fuse_r0.3,train,fuse,1000,2,coverage,9,9,1.0,0.3,0
SCOPE_all_zh__mix_rel109_evt109,K1000_seed3_random__fuse_r0.3,train,fuse,1000,3,random,9,9,1.0,0.3,0
SCOPE_all_zh__mix_rel109_evt109,K1000_seed3_coverage__fuse_r0.6,train,fuse,1000,3,coverage,9,8,0.8888888888888888,0.6,0
SCOPE_all_zh__mix_rel109_evt109,K1000_seed4_random__fuse_r0.3,train,fuse,1000,4,random,9,9,1.0,0.3,0
SCOPE_all_zh__mix_rel109_evt109,K1000_seed4_coverage__fuse_r0.3,train,fuse,1000,4,coverage,9,9,1.0,0.3,0
SCOPE_all_zh__mix_rel109_evt109,K1000_seed5_random__fuse_r0.6,train,fuse,1000,5,random,9,8,0.8888888888888888,0.6,0
SCOPE_all_zh__mix_rel109_evt109,K1000_seed5_coverage__fuse_r0.6,train,fuse,1000,5,coverage,9,8,0.8888888888888888,0.6,0
SCOPE_all_zh__mix_rel109_evt109,K5000_seed1_random__fuse_r0.6,train,fuse,5000,1,random,9,8,0.8888888888888888,0.6,0
SCOPE_all_zh__mix_rel109_evt109,K5000_seed1_coverage__fuse_r0.6,train,fuse,5000,1,coverage,9,8,0.8888888888888888,0.6,0
SCOPE_all_zh__mix_rel109_evt109,K5000_seed2_random__fuse_r0.3,train,fuse,5000,2,random,9,9,1.0,0.3,0
SCOPE_all_zh__mix_rel109_evt109,K5000_seed2_coverage__fuse_r0.6,train,fuse,5000,2,coverage,9,8,0.8888888888888888,0.6,0
SCOPE_all_zh__mix_rel109_evt109,K5000_seed3_random__fuse_r0.3,train,fuse,5000,3,random,9,9,1.0,0.3,0
SCOPE_all_zh__mix_rel109_evt109,K5000_seed3_coverage__fuse_r0.6,train,fuse,5000,3,coverage,9,8,0.8888888888888888,0.6,0
SCOPE_all_zh__mix_rel109_evt109,K5000_seed4_random__fuse_r0.6,train,fuse,5000,4,random,9,8,0.8888888888888888,0.6,0
SCOPE_all_zh__mix_rel109_evt109,K5000_seed4_coverage__fuse_r0.3,train,fuse,5000,4,coverage,9,9,1.0,0.3,0
SCOPE_all_zh__mix_rel109_evt109,K5000_seed5_random__fuse_r0.6,train,fuse,5000,5,random,9,8,0.8888888888888888,0.6,0
SCOPE_all_zh__mix_rel109_evt109,K5000_seed5_coverage__fuse_r0.6,train,fuse,5000,5,coverage,9,8,0.8888888888888888,0.6,0
SCOPE_all_zh__mix_rel110_evt110,K200_seed1_random__fuse_r0.6,train,fuse,200,1,random,36,17,0.4722222222222222,0.6,0
SCOPE_all_zh__mix_rel110_evt110,K200_seed1_coverage__fuse_r0.3,train,fuse,200,1,coverage,36,29,0.8055555555555556,0.3,0
SCOPE_all_zh__mix_rel110_evt110,K200_seed2_random__fuse_r0.3,train,fuse,200,2,random,36,21,0.5833333333333334,0.3,0
SCOPE_all_zh__mix_rel110_evt110,K200_seed2_coverage__fuse_r0.6,train,fuse,200,2,coverage,36,20,0.5555555555555556,0.6,0
SCOPE_all_zh__mix_rel110_evt110,K200_seed3_random__fuse_r0.3,train,fuse,200,3,random,36,19,0.5277777777777778,0.3,0
SCOPE_all_zh__mix_rel110_evt110,K200_seed3_coverage__fuse_r0.3,train,fuse,200,3,coverage,36,29,0.8055555555555556,0.3,0
SCOPE_all_zh__mix_rel110_evt110,K200_seed4_random__fuse_r0.3,train,fuse,200,4,random,36,18,0.5,0.3,0
SCOPE_all_zh__mix_rel110_evt110,K200_seed4_coverage__fuse_r0.6,train,fuse,200,4,coverage,36,20,0.5555555555555556,0.6,0
SCOPE_all_zh__mix_rel110_evt110,K200_seed5_random__fuse_r0.3,train,fuse,200,5,random,36,21,0.5833333333333334,0.3,0
SCOPE_all_zh__mix_rel110_evt110,K200_seed5_coverage__fuse_r0.3,train,fuse,200,5,coverage,36,29,0.8055555555555556,0.3,0
SCOPE_all_zh__mix_rel110_evt110,K1000_seed1_random__fuse_r0.3,train,fuse,1000,1,random,36,24,0.6666666666666666,0.3,0
SCOPE_all_zh__mix_rel110_evt110,K1000_seed1_coverage__fuse_r0.3,train,fuse,1000,1,coverage,36,29,0.8055555555555556,0.3,0
SCOPE_all_zh__mix_rel110_evt110,K1000_seed2_random__fuse_r0.6,train,fuse,1000,2,random,36,17,0.4722222222222222,0.6,0
SCOPE_all_zh__mix_rel110_evt110,K1000_seed2_coverage__fuse_r0.6,train,fuse,1000,2,coverage,36,20,0.5555555555555556,0.6,0
SCOPE_all_zh__mix_rel110_evt110,K1000_seed3_random__fuse_r0.6,train,fuse,1000,3,random,36,17,0.4722222222222222,0.6,0
SCOPE_all_zh__mix_rel110_evt110,K1000_seed3_coverage__fuse_r0.3,train,fuse,1000,3,coverage,36,29,0.8055555555555556,0.3,0
SCOPE_all_zh__mix_rel110_evt110,K1000_seed4_random__fuse_r0.3,train,fuse,1000,4,random,36,26,0.7222222222222222,0.3,0
SCOPE_all_zh__mix_rel110_evt110,K1000_seed4_coverage__fuse_r0.6,train,fuse,1000,4,coverage,36,20,0.5555555555555556,0.6,0
SCOPE_all_zh__mix_rel110_evt110,K1000_seed5_random__fuse_r0.6,train,fuse,1000,5,random,36,18,0.5,0.6,0
SCOPE_all_zh__mix_rel110_evt110,K1000_seed5_coverage__fuse_r0.6,train,fuse,1000,5,coverage,36,20,0.5555555555555556,0.6,0
SCOPE_all_zh__mix_rel110_evt110,K5000_seed1_random__fuse_r0.6,train,fuse,5000,1,random,36,19,0.5277777777777778,0.6,0
SCOPE_all_zh__mix_rel110_evt110,K5000_seed1_coverage__fuse_r0.3,train,fuse,5000,1,coverage,36,29,0.8055555555555556,0.3,0
SCOPE_all_zh__mix_rel110_evt110,K5000_seed2_random__fuse_r0.3,train,fuse,5000,2,random,36,29,0.8055555555555556,0.3,0
SCOPE_all_zh__mix_rel110_evt110,K5000_seed2_coverage__fuse_r0.3,train,fuse,5000,2,coverage,36,29,0.8055555555555556,0.3,0
SCOPE_all_zh__mix_rel110_evt110,K5000_seed3_random__fuse_r0.3,train,fuse,5000,3,random,36,28,0.7777777777777778,0.3,0
SCOPE_all_zh__mix_rel110_evt110,K5000_seed3_coverage__fuse_r0.6,train,fuse,5000,3,coverage,36,20,0.5555555555555556,0.6,0
SCOPE_all_zh__mix_rel110_evt110,K5000_seed4_random__fuse_r0.3,train,fuse,5000,4,random,36,29,0.8055555555555556,0.3,0
SCOPE_all_zh__mix_rel110_evt110,K5000_seed4_coverage__fuse_r0.3,train,fuse,5000,4,coverage,36,29,0.8055555555555556,0.3,0
SCOPE_all_zh__mix_rel110_evt110,K5000_seed5_random__fuse_r0.6,train,fuse,5000,5,random,36,19,0.5277777777777778,0.6,0
SCOPE_all_zh__mix_rel110_evt110,K5000_seed5_coverage__fuse_r0.6,train,fuse,5000,5,coverage,36,20,0.5555555555555556,0.6,0
SCOPE_all_zh__mix_rel111_evt111,K200_seed1_random__fuse_r0.6,train,fuse,200,1,random,28,15,0.5357142857142857,0.6,0
SCOPE_all_zh__mix_rel111_evt111,K200_seed1_coverage__fuse_r0.3,train,fuse,200,1,coverage,28,24,0.8571428571428571,0.3,0
SCOPE_all_zh__mix_rel111_evt111,K200_seed2_random__fuse_r0.3,train,fuse,200,2,random,28,21,0.75,0.3,0
SCOPE_all_zh__mix_rel111_evt111,K200_seed2_coverage__fuse_r0.6,train,fuse,200,2,coverage,28,17,0.6071428571428571,0.6,0
SCOPE_all_zh__mix_rel111_evt111,K200_seed3_random__fuse_r0.3,train,fuse,200,3,random,28,16,0.5714285714285714,0.3,0
SCOPE_all_zh__mix_rel111_evt111,K200_seed3_coverage__fuse_r0.3,train,fuse,200,3,coverage,28,24,0.8571428571428571,0.3,0
SCOPE_all_zh__mix_rel111_evt111,K200_seed4_random__fuse_r0.6,train,fuse,200,4,random,28,15,0.5357142857142857,0.6,0
SCOPE_all_zh__mix_rel111_evt111,K200_seed4_coverage__fuse_r0.3,train,fuse,200,4,coverage,28,24,0.8571428571428571,0.3,0
SCOPE_all_zh__mix_rel111_evt111,K200_seed5_random__fuse_r0.3,train,fuse,200,5,random,28,21,0.75,0.3,0
SCOPE_all_zh__mix_rel111_evt111,K200_seed5_coverage__fuse_r0.6,train,fuse,200,5,coverage,28,17,0.6071428571428571,0.6,0
SCOPE_all_zh__mix_rel111_evt111,K1000_seed1_random__fuse_r0.3,train,fuse,1000,1,random,28,23,0.8214285714285714,0.3,0
SCOPE_all_zh__mix_rel111_evt111,K1000_seed1_coverage__fuse_r0.3,train,fuse,1000,1,coverage,28,24,0.8571428571428571,0.3,0
SCOPE_all_zh__mix_rel111_evt111,K1000_seed2_random__fuse_r0.3,train,fuse,1000,2,random,28,23,0.8214285714285714,0.3,0
SCOPE_all_zh__mix_rel111_evt111,K1000_seed2_coverage__fuse_r0.3,train,fuse,1000,2,coverage,28,24,0.8571428571428571,0.3,0
SCOPE_all_zh__mix_rel111_evt111,K1000_seed3_random__fuse_r0.3,train,fuse,1000,3,random,28,22,0.7857142857142857,0.3,0
SCOPE_all_zh__mix_rel111_evt111,K1000_seed3_coverage__fuse_r0.3,train,fuse,1000,3,coverage,28,24,0.8571428571428571,0.3,0
SCOPE_all_zh__mix_rel111_evt111,K1000_seed4_random__fuse_r0.3,train,fuse,1000,4,random,28,24,0.8571428571428571,0.3,0
SCOPE_all_zh__mix_rel111_evt111,K1000_seed4_coverage__fuse_r0.6,train,fuse,1000,4,coverage,28,17,0.6071428571428571,0.6,0
SCOPE_all_zh__mix_rel111_evt111,K1000_seed5_random__fuse_r0.6,train,fuse,1000,5,random,28,17,0.6071428571428571,0.6,0
SCOPE_all_zh__mix_rel111_evt111,K1000_seed5_coverage__fuse_r0.6,train,fuse,1000,5,coverage,28,17,0.6071428571428571,0.6,0
SCOPE_all_zh__mix_rel111_evt111,K5000_seed1_random__fuse_r0.6,train,fuse,5000,1,random,28,17,0.6071428571428571,0.6,0
SCOPE_all_zh__mix_rel111_evt111,K5000_seed1_coverage__fuse_r0.3,train,fuse,5000,1,coverage,28,24,0.8571428571428571,0.3,0
SCOPE_all_zh__mix_rel111_evt111,K5000_seed2_random__fuse_r0.3,train,fuse,5000,2,random,28,24,0.8571428571428571,0.3,0
SCOPE_all_zh__mix_rel111_evt111,K5000_seed2_coverage__fuse_r0.6,train,fuse,5000,2,coverage,28,17,0.6071428571428571,0.6,0
SCOPE_all_zh__mix_rel111_evt111,K5000_seed3_random__fuse_r0.6,train,fuse,5000,3,random,28,17,0.6071428571428571,0.6,0
SCOPE_all_zh__mix_rel111_evt111,K5000_seed3_coverage__fuse_r0.6,train,fuse,5000,3,coverage,28,17,0.6071428571428571,0.6,0
SCOPE_all_zh__mix_rel111_evt111,K5000_seed4_random__fuse_r0.3,train,fuse,5000,4,random,28,24,0.8571428571428571,0.3,0
SCOPE_all_zh__mix_rel111_evt111,K5000_seed4_coverage__fuse_r0.3,train,fuse,5000,4,coverage,28,24,0.8571428571428571,0.3,0
SCOPE_all_zh__mix_rel111_evt111,K5000_seed5_random__fuse_r0.3,train,fuse,5000,5,random,28,24,0.8571428571428571,0.3,0
SCOPE_all_zh__mix_rel111_evt111,K5000_seed5_coverage__fuse_r0.6,train,fuse,5000,5,coverage,28,17,0.6071428571428571,0.6,0
SCOPE_all_zh__mix_rel112_evt112,K200_seed1_random__fuse_r0.3,train,fuse,200,1,random,14,13,0.9285714285714286,0.3,0
SCOPE_all_zh__mix_rel112_evt112,K200_seed1_coverage__fuse_r0.6,train,fuse,200,1,coverage,14,10,0.7142857142857143,0.6,0
SCOPE_all_zh__mix_rel112_evt112,K200_seed2_random__fuse_r0.3,train,fuse,200,2,random,14,13,0.9285714285714286,0.3,0
SCOPE_all_zh__mix_rel112_evt112,K200_seed2_coverage__fuse_r0.6,train,fuse,200,2,coverage,14,10,0.7142857142857143,0.6,0
SCOPE_all_zh__mix_rel112_evt112,K200_seed3_random__fuse_r0.3,train,fuse,200,3,random,14,13,0.9285714285714286,0.3,0
SCOPE_all_zh__mix_rel112_evt112,K200_seed3_coverage__fuse_r0.6,train,fuse,200,3,coverage,14,10,0.7142857142857143,0.6,0
SCOPE_all_zh__mix_rel112_evt112,K200_seed4_random__fuse_r0.3,train,fuse,200,4,random,14,13,0.9285714285714286,0.3,0
SCOPE_all_zh__mix_rel112_evt112,K200_seed4_coverage__fuse_r0.6,train,fuse,200,4,coverage,14,10,0.7142857142857143,0.6,0
SCOPE_all_zh__mix_rel112_evt112,K200_seed5_random__fuse_r0.6,train,fuse,200,5,random,14,10,0.7142857142857143,0.6,0
SCOPE_all_zh__mix_rel112_evt112,K200_seed5_coverage__fuse_r0.3,train,fuse,200,5,coverage,14,13,0.9285714285714286,0.3,0
SCOPE_all_zh__mix_rel112_evt112,K1000_seed1_random__fuse_r0.6,train,fuse,1000,1,random,14,10,0.7142857142857143,0.6,0
SCOPE_all_zh__mix_rel112_evt112,K1000_seed1_coverage__fuse_r0.6,train,fuse,1000,1,coverage,14,10,0.7142857142857143,0.6,0
SCOPE_all_zh__mix_rel112_evt112,K1000_seed2_random__fuse_r0.3,train,fuse,1000,2,random,14,13,0.9285714285714286,0.3,0
SCOPE_all_zh__mix_rel112_evt112,K1000_seed2_coverage__fuse_r0.6,train,fuse,1000,2,coverage,14,10,0.7142857142857143,0.6,0
SCOPE_all_zh__mix_rel112_evt112,K1000_seed3_random__fuse_r0.6,train,fuse,1000,3,random,14,10,0.7142857142857143,0.6,0
SCOPE_all_zh__mix_rel112_evt112,K1000_seed3_coverage__fuse_r0.3,train,fuse,1000,3,coverage,14,13,0.9285714285714286,0.3,0
SCOPE_all_zh__mix_rel112_evt112,K1000_seed4_random__fuse_r0.6,train,fuse,1000,4,random,14,10,0.7142857142857143,0.6,0
SCOPE_all_zh__mix_rel112_evt112,K1000_seed4_coverage__fuse_r0.3,train,fuse,1000,4,coverage,14,13,0.9285714285714286,0.3,0
SCOPE_all_zh__mix_rel112_evt112,K1000_seed5_random__fuse_r0.6,train,fuse,1000,5,random,14,10,0.7142857142857143,0.6,0
SCOPE_all_zh__mix_rel112_evt112,K1000_seed5_coverage__fuse_r0.3,train,fuse,1000,5,coverage,14,13,0.9285714285714286,0.3,0
SCOPE_all_zh__mix_rel112_evt112,K5000_seed1_random__fuse_r0.3,train,fuse,5000,1,random,14,13,0.9285714285714286,0.3,0
SCOPE_all_zh__mix_rel112_evt112,K5000_seed1_coverage__fuse_r0.3,train,fuse,5000,1,coverage,14,13,0.9285714285714286,0.3,0
SCOPE_all_zh__mix_rel112_evt112,K5000_seed2_random__fuse_r0.3,train,fuse,5000,2,random,14,13,0.9285714285714286,0.3,0
SCOPE_all_zh__mix_rel112_evt112,K5000_seed2_coverage__fuse_r0.6,train,fuse,5000,2,coverage,14,10,0.7142857142857143,0.6,0
SCOPE_all_zh__mix_rel112_evt112,K5000_seed3_random__fuse_r0.6,train,fuse,5000,3,random,14,10,0.7142857142857143,0.6,0
SCOPE_all_zh__mix_rel112_evt112,K5000_seed3_coverage__fuse_r0.3,train,fuse,5000,3,coverage,14,13,0.9285714285714286,0.3,0
SCOPE_all_zh__mix_rel112_evt112,K5000_seed4_random__fuse_r0.3,train,fuse,5000,4,random,14,13,0.9285714285714286,0.3,0
SCOPE_all_zh__mix_rel112_evt112,K5000_seed4_coverage__fuse_r0.3,train,fuse,5000,4,coverage,14,13,0.9285714285714286,0.3,0
SCOPE_all_zh__mix_rel112_evt112,K5000_seed5_random__fuse_r0.6,train,fuse,5000,5,random,14,10,0.7142857142857143,0.6,0
SCOPE_all_zh__mix_rel112_evt112,K5000_seed5_coverage__fuse_r0.6,train,fuse,5000,5,coverage,14,10,0.7142857142857143,0.6,0
SCOPE_all_zh__mix_rel113_evt113,K200_seed1_random__fuse_r0.3,train,fuse,200,1,random,20,14,0.7,0.3,0
SCOPE_all_zh__mix_rel113_evt113,K200_seed1_coverage__fuse_r0.6,train,fuse,200,1,coverage,20,14,0.7,0.6,0
SCOPE_all_zh__mix_rel113_evt113,K200_seed2_random__fuse_r0.3,train,fuse,200,2,random,20,13,0.65,0.3,0
SCOPE_all_zh__mix_rel113_evt113,K200_seed2_coverage__fuse_r0.6,train,fuse,200,2,coverage,20,14,0.7,0.6,0
SCOPE_all_zh__mix_rel113_evt113,K200_seed3_random__fuse_r0.3,train,fuse,200,3,random,20,13,0.65,0.3,0
SCOPE_all_zh__mix_rel113_evt113,K200_seed3_coverage__fuse_r0.6,train,fuse,200,3,coverage,20,14,0.7,0.6,0
SCOPE_all_zh__mix_rel113_evt113,K200_seed4_random__fuse_r0.3,train,fuse,200,4,random,20,13,0.65,0.3,0
SCOPE_all_zh__mix_rel113_evt113,K200_seed4_coverage__fuse_r0.6,train,fuse,200,4,coverage,20,14,0.7,0.6,0
SCOPE_all_zh__mix_rel113_evt113,K200_seed5_random__fuse_r0.6,train,fuse,200,5,random,20,11,0.55,0.6,0
SCOPE_all_zh__mix_rel113_evt113,K200_seed5_coverage__fuse_r0.3,train,fuse,200,5,coverage,20,19,0.95,0.3,0
SCOPE_all_zh__mix_rel113_evt113,K1000_seed1_random__fuse_r0.3,train,fuse,1000,1,random,20,18,0.9,0.3,0
SCOPE_all_zh__mix_rel113_evt113,K1000_seed1_coverage__fuse_r0.3,train,fuse,1000,1,coverage,20,19,0.95,0.3,0
SCOPE_all_zh__mix_rel113_evt113,K1000_seed2_random__fuse_r0.6,train,fuse,1000,2,random,20,13,0.65,0.6,0
SCOPE_all_zh__mix_rel113_evt113,K1000_seed2_coverage__fuse_r0.6,train,fuse,1000,2,coverage,20,14,0.7,0.6,0
SCOPE_all_zh__mix_rel113_evt113,K1000_seed3_random__fuse_r0.3,train,fuse,1000,3,random,20,15,0.75,0.3,0
SCOPE_all_zh__mix_rel113_evt113,K1000_seed3_coverage__fuse_r0.3,train,fuse,1000,3,coverage,20,19,0.95,0.3,0
SCOPE_all_zh__mix_rel113_evt113,K1000_seed4_random__fuse_r0.3,train,fuse,1000,4,random,20,18,0.9,0.3,0
SCOPE_all_zh__mix_rel113_evt113,K1000_seed4_coverage__fuse_r0.6,train,fuse,1000,4,coverage,20,14,0.7,0.6,0
SCOPE_all_zh__mix_rel113_evt113,K1000_seed5_random__fuse_r0.3,train,fuse,1000,5,random,20,19,0.95,0.3,0
SCOPE_all_zh__mix_rel113_evt113,K1000_seed5_coverage__fuse_r0.3,train,fuse,1000,5,coverage,20,19,0.95,0.3,0
SCOPE_all_zh__mix_rel113_evt113,K5000_seed1_random__fuse_r0.6,train,fuse,5000,1,random,20,14,0.7,0.6,0
SCOPE_all_zh__mix_rel113_evt113,K5000_seed1_coverage__fuse_r0.6,train,fuse,5000,1,coverage,20,14,0.7,0.6,0
SCOPE_all_zh__mix_rel113_evt113,K5000_seed2_random__fuse_r0.3,train,fuse,5000,2,random,20,19,0.95,0.3,0
SCOPE_all_zh__mix_rel113_evt113,K5000_seed2_coverage__fuse_r0.6,train,fuse,5000,2,coverage,20,14,0.7,0.6,0
SCOPE_all_zh__mix_rel113_evt113,K5000_seed3_random__fuse_r0.6,train,fuse,5000,3,random,20,14,0.7,0.6,0
SCOPE_all_zh__mix_rel113_evt113,K5000_seed3_coverage__fuse_r0.3,train,fuse,5000,3,coverage,20,19,0.95,0.3,0
SCOPE_all_zh__mix_rel113_evt113,K5000_seed4_random__fuse_r0.6,train,fuse,5000,4,random,20,14,0.7,0.6,0
SCOPE_all_zh__mix_rel113_evt113,K5000_seed4_coverage__fuse_r0.6,train,fuse,5000,4,coverage,20,14,0.7,0.6,0
SCOPE_all_zh__mix_rel113_evt113,K5000_seed5_random__fuse_r0.3,train,fuse,5000,5,random,20,19,0.95,0.3,0
SCOPE_all_zh__mix_rel113_evt113,K5000_seed5_coverage__fuse_r0.3,train,fuse,5000,5,coverage,20,19,0.95,0.3,0
SCOPE_all_zh__mix_rel114_evt114,K200_seed1_random__fuse_r0.6,train,fuse,200,1,random,12,10,0.8333333333333334,0.6,0
SCOPE_all_zh__mix_rel114_evt114,K200_seed1_coverage__fuse_r0.3,train,fuse,200,1,coverage,12,12,1.0,0.3,0
SCOPE_all_zh__mix_rel114_evt114,K200_seed2_random__fuse_r0.6,train,fuse,200,2,random,12,10,0.8333333333333334,0.6,0
SCOPE_all_zh__mix_rel114_evt114,K200_seed2_coverage__fuse_r0.6,train,fuse,200,2,coverage,12,10,0.8333333333333334,0.6,0
SCOPE_all_zh__mix_rel114_evt114,K200_seed3_random__fuse_r0.3,train,fuse,200,3,random,12,12,1.0,0.3,0
SCOPE_all_zh__mix_rel114_evt114,K200_seed3_coverage__fuse_r0.6,train,fuse,200,3,coverage,12,10,0.8333333333333334,0.6,0
SCOPE_all_zh__mix_rel114_evt114,K200_seed4_random__fuse_r0.6,train,fuse,200,4,random,12,9,0.75,0.6,0
SCOPE_all_zh__mix_rel114_evt114,K200_seed4_coverage__fuse_r0.6,train,fuse,200,4,coverage,12,10,0.8333333333333334,0.6,0
SCOPE_all_zh__mix_rel114_evt114,K200_seed5_random__fuse_r0.3,train,fuse,200,5,random,12,12,1.0,0.3,0
SCOPE_all_zh__mix_rel114_evt114,K200_seed5_coverage__fuse_r0.6,train,fuse,200,5,coverage,12,10,0.8333333333333334,0.6,0
SCOPE_all_zh__mix_rel114_evt114,K1000_seed1_random__fuse_r0.6,train,fuse,1000,1,random,12,10,0.8333333333333334,0.6,0
SCOPE_all_zh__mix_rel114_evt114,K1000_seed1_coverage__fuse_r0.6,train,fuse,1000,1,coverage,12,10,0.8333333333333334,0.6,0
SCOPE_all_zh__mix_rel114_evt114,K1000_seed2_random__fuse_r0.6,train,fuse,1000,2,random,12,10,0.8333333333333334,0.6,0
SCOPE_all_zh__mix_rel114_evt114,K1000_seed2_coverage__fuse_r0.3,train,fuse,1000,2,coverage,12,12,1.0,0.3,0
SCOPE_all_zh__mix_rel114_evt114,K1000_seed3_random__fuse_r0.6,train,fuse,1000,3,random,12,10,0.8333333333333334,0.6,0
SCOPE_all_zh__mix_rel114_evt114,K1000_seed3_coverage__fuse_r0.6,train,fuse,1000,3,coverage,12,10,0.8333333333333334,0.6,0
SCOPE_all_zh__mix_rel114_evt114,K1000_seed4_random__fuse_r0.6,train,fuse,1000,4,random,12,10,0.8333333333333334,0.6,0
SCOPE_all_zh__mix_rel114_evt114,K1000_seed4_coverage__fuse_r0.3,train,fuse,1000,4,coverage,12,12,1.0,0.3,0
SCOPE_all_zh__mix_rel114_evt114,K1000_seed5_random__fuse_r0.6,train,fuse,1000,5,random,12,10,0.8333333333333334,0.6,0
SCOPE_all_zh__mix_rel114_evt114,K1000_seed5_coverage__fuse_r0.6,train,fuse,1000,5,coverage,12,10,0.8333333333333334,0.6,0
SCOPE_all_zh__mix_rel114_evt114,K5000_seed1_random__fuse_r0.3,train,fuse,5000,1,random,12,12,1.0,0.3,0
SCOPE_all_zh__mix_rel114_evt114,K5000_seed1_coverage__fuse_r0.6,train,fuse,5000,1,coverage,12,10,0.8333333333333334,0.6,0
SCOPE_all_zh__mix_rel114_evt114,K5000_seed2_random__fuse_r0.3,train,fuse,5000,2,random,12,12,1.0,0.3,0
SCOPE_all_zh__mix_rel114_evt114,K5000_seed2_coverage__fuse_r0.6,train,fuse,5000,2,coverage,12,10,0.8333333333333334,0.6,0
SCOPE_all_zh__mix_rel114_evt114,K5000_seed3_random__fuse_r0.6,train,fuse,5000,3,random,12,10,0.8333333333333334,0.6,0
SCOPE_all_zh__mix_rel114_evt114,K5000_seed3_coverage__fuse_r0.6,train,fuse,5000,3,coverage,12,10,0.8333333333333334,0.6,0
SCOPE_all_zh__mix_rel114_evt114,K5000_seed4_random__fuse_r0.3,train,fuse,5000,4,random,12,12,1.0,0.3,0
SCOPE_all_zh__mix_rel114_evt114,K5000_seed4_coverage__fuse_r0.3,train,fuse,5000,4,coverage,12,12,1.0,0.3,0
SCOPE_all_zh__mix_rel114_evt114,K5000_seed5_random__fuse_r0.3,train,fuse,5000,5,random,12,12,1.0,0.3,0
SCOPE_all_zh__mix_rel114_evt114,K5000_seed5_coverage__fuse_r0.6,train,fuse,5000,5,coverage,12,10,0.8333333333333334,0.6,0
SCOPE_all_en__mix_rel115_evt115,K200_seed1_random__fuse_r0.3,train,fuse,200,1,random,25,15,0.6,0.3,0
SCOPE_all_en__mix_rel115_evt115,K200_seed1_coverage__fuse_r0.6,train,fuse,200,1,coverage,25,15,0.6,0.6,0
SCOPE_all_en__mix_rel115_evt115,K200_seed2_random__fuse_r0.6,train,fuse,200,2,random,25,14,0.56,0.6,0
SCOPE_all_en__mix_rel115_evt115,K200_seed2_coverage__fuse_r0.3,train,fuse,200,2,coverage,25,21,0.84,0.3,0
SCOPE_all_en__mix_rel115_evt115,K200_seed3_random__fuse_r0.3,train,fuse,200,3,random,25,15,0.6,0.3,0
SCOPE_all_en__mix_rel115_evt115,K200_seed3_coverage__fuse_r0.6,train,fuse,200,3,coverage,25,15,0.6,0.6,0
SCOPE_all_en__mix_rel115_evt115,K200_seed4_random__fuse_r0.6,train,fuse,200,4,random,25,13,0.52,0.6,0
SCOPE_all_en__mix_rel115_evt115,K200_seed4_coverage__fuse_r0.6,train,fuse,200,4,coverage,25,15,0.6,0.6,0
SCOPE_all_en__mix_rel115_evt115,K200_seed5_random__fuse_r0.6,train,fuse,200,5,random,25,13,0.52,0.6,0
SCOPE_all_en__mix_rel115_evt115,K200_seed5_coverage__fuse_r0.3,train,fuse,200,5,coverage,25,21,0.84,0.3,0
SCOPE_all_en__mix_rel115_evt115,K1000_seed1_random__fuse_r0.3,train,fuse,1000,1,random,25,20,0.8,0.3,0
SCOPE_all_en__mix_rel115_evt115,K1000_seed1_coverage__fuse_r0.3,train,fuse,1000,1,coverage,25,21,0.84,0.3,0
SCOPE_all_en__mix_rel115_evt115,K1000_seed2_random__fuse_r0.6,train,fuse,1000,2,random,25,15,0.6,0.6,0
SCOPE_all_en__mix_rel115_evt115,K1000_seed2_coverage__fuse_r0.3,train,fuse,1000,2,coverage,25,21,0.84,0.3,0
SCOPE_all_en__mix_rel115_evt115,K1000_seed3_random__fuse_r0.6,train,fuse,1000,3,random,25,15,0.6,0.6,0
SCOPE_all_en__mix_rel115_evt115,K1000_seed3_coverage__fuse_r0.6,train,fuse,1000,3,coverage,25,15,0.6,0.6,0
SCOPE_all_en__mix_rel115_evt115,K1000_seed4_random__fuse_r0.3,train,fuse,1000,4,random,25,19,0.76,0.3,0
SCOPE_all_en__mix_rel115_evt115,K1000_seed4_coverage__fuse_r0.3,train,fuse,1000,4,coverage,25,21,0.84,0.3,0
SCOPE_all_en__mix_rel115_evt115,K1000_seed5_random__fuse_r0.3,train,fuse,1000,5,random,25,20,0.8,0.3,0
SCOPE_all_en__mix_rel115_evt115,K1000_seed5_coverage__fuse_r0.6,train,fuse,1000,5,coverage,25,15,0.6,0.6,0
SCOPE_all_en__mix_rel115_evt115,K5000_seed1_random__fuse_r0.6,train,fuse,5000,1,random,25,15,0.6,0.6,0
SCOPE_all_en__mix_rel115_evt115,K5000_seed1_coverage__fuse_r0.6,train,fuse,5000,1,coverage,25,15,0.6,0.6,0
SCOPE_all_en__mix_rel115_evt115,K5000_seed2_random__fuse_r0.6,train,fuse,5000,2,random,25,15,0.6,0.6,0
SCOPE_all_en__mix_rel115_evt115,K5000_seed2_coverage__fuse_r0.3,train,fuse,5000,2,coverage,25,21,0.84,0.3,0
SCOPE_all_en__mix_rel115_evt115,K5000_seed3_random__fuse_r0.3,train,fuse,5000,3,random,25,21,0.84,0.3,0
SCOPE_all_en__mix_rel115_evt115,K5000_seed3_coverage__fuse_r0.6,train,fuse,5000,3,coverage,25,15,0.6,0.6,0
SCOPE_all_en__mix_rel115_evt115,K5000_seed4_random__fuse_r0.6,train,fuse,5000,4,random,25,15,0.6,0.6,0
SCOPE_all_en__mix_rel115_evt115,K5000_seed4_coverage__fuse_r0.3,train,fuse,5000,4,coverage,25,21,0.84,0.3,0
SCOPE_all_en__mix_rel115_evt115,K5000_seed5_random__fuse_r0.6,train,fuse,5000,5,random,25,15,0.6,0.6,0
SCOPE_all_en__mix_rel115_evt115,K5000_seed5_coverage__fuse_r0.6,train,fuse,5000,5,coverage,25,15,0.6,0.6,0
SCOPE_all_zh__mix_rel116_evt116,K200_seed1_random__fuse_r0.6,train,fuse,200,1,random,9,8,0.8888888888888888,0.6,0
SCOPE_all_zh__mix_rel116_evt116,K200_seed1_coverage__fuse_r0.6,train,fuse,200,1,coverage,9,8,0.8888888888888888,0.6,0
SCOPE_all_zh__mix_rel116_evt116,K200_seed2_random__fuse_r0.6,train,fuse,200,2,random,9,8,0.8888888888888888,0.6,0
SCOPE_all_zh__mix_rel116_evt116,K200_seed2_coverage__fuse_r0.3,train,fuse,200,2,coverage,9,9,1.0,0.3,0
SCOPE_all_zh__mix_rel116_evt116,K200_seed3_random__fuse_r0.3,train,fuse,200,3,random,9,9,1.0,0.3,0
SCOPE_all_zh__mix_rel116_evt116,K200_seed3_coverage__fuse_r0.6,train,fuse,200,3,coverage,9,8,0.8888888888888888,0.6,0
SCOPE_all_zh__mix_rel116_evt116,K200_seed4_random__fuse_r0.3,train,fuse,200,4,random,9,9,1.0,0.3,0
SCOPE_all_zh__mix_rel116_evt116,K200_seed4_coverage__fuse_r0.6,train,fuse,200,4,coverage,9,8,0.8888888888888888,0.6,0
SCOPE_all_zh__mix_rel116_evt116,K200_seed5_random__fuse_r0.6,train,fuse,200,5,random,9,8,0.8888888888888888,0.6,0
SCOPE_all_zh__mix_rel116_evt116,K200_seed5_coverage__fuse_r0.6,train,fuse,200,5,coverage,9,8,0.8888888888888888,0.6,0
SCOPE_all_zh__mix_rel116_evt116,K1000_seed1_random__fuse_r0.6,train,fuse,1000,1,random,9,8,0.8888888888888888,0.6,0
SCOPE_all_zh__mix_rel116_evt116,K1000_seed1_coverage__fuse_r0.3,train,fuse,1000,1,coverage,9,9,1.0,0.3,0
SCOPE_all_zh__mix_rel116_evt116,K1000_seed2_random__fuse_r0.6,train,fuse,1000,2,random,9,8,0.8888888888888888,0.6,0
SCOPE_all_zh__mix_rel116_evt116,K1000_seed2_coverage__fuse_r0.6,train,fuse,1000,2,coverage,9,8,0.8888888888888888,0.6,0
SCOPE_all_zh__mix_rel116_evt116,K1000_seed3_random__fuse_r0.6,train,fuse,1000,3,random,9,8,0.8888888888888888,0.6,0
SCOPE_all_zh__mix_rel116_evt116,K1000_seed3_coverage__fuse_r0.3,train,fuse,1000,3,coverage,9,9,1.0,0.3,0
SCOPE_all_zh__mix_rel116_evt116,K1000_seed4_random__fuse_r0.3,train,fuse,1000,4,random,9,9,1.0,0.3,0
SCOPE_all_zh__mix_rel116_evt116,K1000_seed4_coverage__fuse_r0.6,train,fuse,1000,4,coverage,9,8,0.8888888888888888,0.6,0
SCOPE_all_zh__mix_rel116_evt116,K1000_seed5_random__fuse_r0.3,train,fuse,1000,5,random,9,9,1.0,0.3,0
SCOPE_all_zh__mix_rel116_evt116,K1000_seed5_coverage__fuse_r0.6,train,fuse,1000,5,coverage,9,8,0.8888888888888888,0.6,0
SCOPE_all_zh__mix_rel116_evt116,K5000_seed1_random__fuse_r0.3,train,fuse,5000,1,random,9,9,1.0,0.3,0
SCOPE_all_zh__mix_rel116_evt116,K5000_seed1_coverage__fuse_r0.6,train,fuse,5000,1,coverage,9,8,0.8888888888888888,0.6,0
SCOPE_all_zh__mix_rel116_evt116,K5000_seed2_random__fuse_r0.6,train,fuse,5000,2,random,9,8,0.8888888888888888,0.6,0
SCOPE_all_zh__mix_rel116_evt116,K5000_seed2_coverage__fuse_r0.6,train,fuse,5000,2,coverage,9,8,0.8888888888888888,0.6,0
SCOPE_all_zh__mix_rel116_evt116,K5000_seed3_random__fuse_r0.3,train,fuse,5000,3,random,9,9,1.0,0.3,0
SCOPE_all_zh__mix_rel116_evt116,K5000_seed3_coverage__fuse_r0.3,train,fuse,5000,3,coverage,9,9,1.0,0.3,0
SCOPE_all_zh__mix_rel116_evt116,K5000_seed4_random__fuse_r0.3,train,fuse,5000,4,random,9,9,1.0,0.3,0
SCOPE_all_zh__mix_rel116_evt116,K5000_seed4_coverage__fuse_r0.6,train,fuse,5000,4,coverage,9,8,0.8888888888888888,0.6,0
SCOPE_all_zh__mix_rel116_evt116,K5000_seed5_random__fuse_r0.3,train,fuse,5000,5,random,9,9,1.0,0.3,0
SCOPE_all_zh__mix_rel116_evt116,K5000_seed5_coverage__fuse_r0.3,train,fuse,5000,5,coverage,9,9,1.0,0.3,0
SCOPE_all_zh__mix_rel117_evt117,K200_seed1_random__fuse_r0.6,train,fuse,200,1,random,8,4,0.5,0.6,0
SCOPE_all_zh__mix_rel117_evt117,K200_seed1_coverage__fuse_r0.3,train,fuse,200,1,coverage,8,7,0.875,0.3,0
SCOPE_all_zh__mix_rel117_evt117,K200_seed2_random__fuse_r0.6,train,fuse,200,2,random,8,4,0.5,0.6,0
SCOPE_all_zh__mix_rel117_evt117,K200_seed2_coverage__fuse_r0.3,train,fuse,200,2,coverage,8,7,0.875,0.3,0
SCOPE_all_zh__mix_rel117_evt117,K200_seed3_random__fuse_r0.3,train,fuse,200,3,random,8,7,0.875,0.3,0
SCOPE_all_zh__mix_rel117_evt117,K200_seed3_coverage__fuse_r0.3,train,fuse,200,3,coverage,8,7,0.875,0.3,0
SCOPE_all_zh__mix_rel117_evt117,K200_seed4_random__fuse_r0.6,train,fuse,200,4,random,8,4,0.5,0.6,0
SCOPE_all_zh__mix_rel117_evt117,K200_seed4_coverage__fuse_r0.3,train,fuse,200,4,coverage,8,7,0.875,0.3,0
SCOPE_all_zh__mix_rel117_evt117,K200_seed5_random__fuse_r0.3,train,fuse,200,5,random,8,6,0.75,0.3,0
SCOPE_all_zh__mix_rel117_evt117,K200_seed5_coverage__fuse_r0.6,train,fuse,200,5,coverage,8,5,0.625,0.6,0
SCOPE_all_zh__mix_rel117_evt117,K1000_seed1_random__fuse_r0.6,train,fuse,1000,1,random,8,5,0.625,0.6,0
SCOPE_all_zh__mix_rel117_evt117,K1000_seed1_coverage__fuse_r0.6,train,fuse,1000,1,coverage,8,5,0.625,0.6,0
SCOPE_all_zh__mix_rel117_evt117,K1000_seed2_random__fuse_r0.3,train,fuse,1000,2,random,8,7,0.875,0.3,0
SCOPE_all_zh__mix_rel117_evt117,K1000_seed2_coverage__fuse_r0.6,train,fuse,1000,2,coverage,8,5,0.625,0.6,0
SCOPE_all_zh__mix_rel117_evt117,K1000_seed3_random__fuse_r0.6,train,fuse,1000,3,random,8,5,0.625,0.6,0
SCOPE_all_zh__mix_rel117_evt117,K1000_seed3_coverage__fuse_r0.3,train,fuse,1000,3,coverage,8,7,0.875,0.3,0
SCOPE_all_zh__mix_rel117_evt117,K1000_seed4_random__fuse_r0.3,train,fuse,1000,4,random,8,7,0.875,0.3,0
SCOPE_all_zh__mix_rel117_evt117,K1000_seed4_coverage__fuse_r0.6,train,fuse,1000,4,coverage,8,5,0.625,0.6,0
SCOPE_all_zh__mix_rel117_evt117,K1000_seed5_random__fuse_r0.6,train,fuse,1000,5,random,8,5,0.625,0.6,0
SCOPE_all_zh__mix_rel117_evt117,K1000_seed5_coverage__fuse_r0.3,train,fuse,1000,5,coverage,8,7,0.875,0.3,0
SCOPE_all_zh__mix_rel117_evt117,K5000_seed1_random__fuse_r0.3,train,fuse,5000,1,random,8,7,0.875,0.3,0
SCOPE_all_zh__mix_rel117_evt117,K5000_seed1_coverage__fuse_r0.3,train,fuse,5000,1,coverage,8,7,0.875,0.3,0
SCOPE_all_zh__mix_rel117_evt117,K5000_seed2_random__fuse_r0.6,train,fuse,5000,2,random,8,5,0.625,0.6,0
SCOPE_all_zh__mix_rel117_evt117,K5000_seed2_coverage__fuse_r0.3,train,fuse,5000,2,coverage,8,7,0.875,0.3,0
SCOPE_all_zh__mix_rel117_evt117,K5000_seed3_random__fuse_r0.6,train,fuse,5000,3,random,8,5,0.625,0.6,0
SCOPE_all_zh__mix_rel117_evt117,K5000_seed3_coverage__fuse_r0.3,train,fuse,5000,3,coverage,8,7,0.875,0.3,0
SCOPE_all_zh__mix_rel117_evt117,K5000_seed4_random__fuse_r0.6,train,fuse,5000,4,random,8,5,0.625,0.6,0
SCOPE_all_zh__mix_rel117_evt117,K5000_seed4_coverage__fuse_r0.3,train,fuse,5000,4,coverage,8,7,0.875,0.3,0
SCOPE_all_zh__mix_rel117_evt117,K5000_seed5_random__fuse_r0.6,train,fuse,5000,5,random,8,5,0.625,0.6,0
SCOPE_all_zh__mix_rel117_evt117,K5000_seed5_coverage__fuse_r0.3,train,fuse,5000,5,coverage,8,7,0.875,0.3,0
SCOPE_all_zh__mix_rel118_evt118,K200_seed1_random__fuse_r0.6,train,fuse,200,1,random,17,12,0.7058823529411765,0.6,0
SCOPE_all_zh__mix_rel118_evt118,K200_seed1_coverage__fuse_r0.6,train,fuse,200,1,coverage,17,12,0.7058823529411765,0.6,0
SCOPE_all_zh__mix_rel118_evt118,K200_seed2_random__fuse_r0.3,train,fuse,200,2,random,17,16,0.9411764705882353,0.3,0
SCOPE_all_zh__mix_rel118_evt118,K200_seed2_coverage__fuse_r0.6,train,fuse,200,2,coverage,17,12,0.7058823529411765,0.6,0
SCOPE_all_zh__mix_rel118_evt118,K200_seed3_random__fuse_r0.6,train,fuse,200,3,random,17,12,0.7058823529411765,0.6,0
SCOPE_all_zh__mix_rel118_evt118,K200_seed3_coverage__fuse_r0.3,train,fuse,200,3,coverage,17,16,0.9411764705882353,0.3,0
SCOPE_all_zh__mix_rel118_evt118,K200_seed4_random__fuse_r0.3,train,fuse,200,4,random,17,16,0.9411764705882353,0.3,0
SCOPE_all_zh__mix_rel118_evt118,K200_seed4_coverage__fuse_r0.3,train,fuse,200,4,coverage,17,16,0.9411764705882353,0.3,0
SCOPE_all_zh__mix_rel118_evt118,K200_seed5_random__fuse_r0.3,train,fuse,200,5,random,17,15,0.8823529411764706,0.3,0
SCOPE_all_zh__mix_rel118_evt118,K200_seed5_coverage__fuse_r0.6,train,fuse,200,5,coverage,17,12,0.7058823529411765,0.6,0
SCOPE_all_zh__mix_rel118_evt118,K1000_seed1_random__fuse_r0.3,train,fuse,1000,1,random,17,16,0.9411764705882353,0.3,0
SCOPE_all_zh__mix_rel118_evt118,K1000_seed1_coverage__fuse_r0.6,train,fuse,1000,1,coverage,17,12,0.7058823529411765,0.6,0
SCOPE_all_zh__mix_rel118_evt118,K1000_seed2_random__fuse_r0.3,train,fuse,1000,2,random,17,16,0.9411764705882353,0.3,0
SCOPE_all_zh__mix_rel118_evt118,K1000_seed2_coverage__fuse_r0.3,train,fuse,1000,2,coverage,17,16,0.9411764705882353,0.3,0
SCOPE_all_zh__mix_rel118_evt118,K1000_seed3_random__fuse_r0.6,train,fuse,1000,3,random,17,12,0.7058823529411765,0.6,0
SCOPE_all_zh__mix_rel118_evt118,K1000_seed3_coverage__fuse_r0.6,train,fuse,1000,3,coverage,17,12,0.7058823529411765,0.6,0
SCOPE_all_zh__mix_rel118_evt118,K1000_seed4_random__fuse_r0.6,train,fuse,1000,4,random,17,12,0.7058823529411765,0.6,0
SCOPE_all_zh__mix_rel118_evt118,K1000_seed4_coverage__fuse_r0.6,train,fuse,1000,4,coverage,17,12,0.7058823529411765,0.6,0
SCOPE_all_zh__mix_rel118_evt118,K1000_seed5_random__fuse_r0.3,train,fuse,1000,5,random,17,16,0.9411764705882353,0.3,0
SCOPE_all_zh__mix_rel118_evt118,K1000_seed5_coverage__fuse_r0.3,train,fuse,1000,5,coverage,17,16,0.9411764705882353,0.3,0
SCOPE_all_zh__mix_rel118_evt118,K5000_seed1_random__fuse_r0.6,train,fuse,5000,1,random,17,12,0.7058823529411765,0.6,0
SCOPE_all_zh__mix_rel118_evt118,K5000_seed1_coverage__fuse_r0.3,train,fuse,5000,1,coverage,17,16,0.9411764705882353,0.3,0
SCOPE_all_zh__mix_rel118_evt118,K5000_seed2_random__fuse_r0.6,train,fuse,5000,2,random,17,12,0.7058823529411765,0.6,0
SCOPE_all_zh__mix_rel118_evt118,K5000_seed2_coverage__fuse_r0.3,train,fuse,5000,2,coverage,17,16,0.9411764705882353,0.3,0
SCOPE_all_zh__mix_rel118_evt118,K5000_seed3_random__fuse_r0.6,train,fuse,5000,3,random,17,12,0.7058823529411765,0.6,0
SCOPE_all_zh__mix_rel118_evt118,K5000_seed3_coverage__fuse_r0.6,train,fuse,5000,3,coverage,17,12,0.7058823529411765,0.6,0
SCOPE_all_zh__mix_rel118_evt118,K5000_seed4_random__fuse_r0.3,train,fuse,5000,4,random,17,16,0.9411764705882353,0.3,0
SCOPE_all_zh__mix_rel118_evt118,K5000_seed4_coverage__fuse_r0.6,train,fuse,5000,4,coverage,17,12,0.7058823529411765,0.6,0
SCOPE_all_zh__mix_rel118_evt118,K5000_seed5_random__fuse_r0.6,train,fuse,5000,5,random,17,12,0.7058823529411765,0.6,0
SCOPE_all_zh__mix_rel118_evt118,K5000_seed5_coverage__fuse_r0.3,train,fuse,5000,5,coverage,17,16,0.9411764705882353,0.3,0
SCOPE_all_en__mix_rel119_evt119,K200_seed1_random__fuse_r0.3,train,fuse,200,1,random,39,29,0.7435897435897436,0.3,0
SCOPE_all_en__mix_rel119_evt119,K200_seed1_coverage__fuse_r0.6,train,fuse,200,1,coverage,39,21,0.5384615384615384,0.6,0
SCOPE_all_en__mix_rel119_evt119,K200_seed2_random__fuse_r0.3,train,fuse,200,2,random,39,30,0.7692307692307693,0.3,0
SCOPE_all_en__mix_rel119_evt119,K200_seed2_coverage__fuse_r0.3,train,fuse,200,2,coverage,39,31,0.7948717948717948,0.3,0
SCOPE_all_en__mix_rel119_evt119,K200_seed3_random__fuse_r0.3,train,fuse,200,3,random,39,28,0.717948717948718,0.3,0
SCOPE_all_en__mix_rel119_evt119,K200_seed3_coverage__fuse_r0.3,train,fuse,200,3,coverage,39,31,0.7948717948717948,0.3,0
SCOPE_all_en__mix_rel119_evt119,K200_seed4_random__fuse_r0.3,train,fuse,200,4,random,39,29,0.7435897435897436,0.3,0
SCOPE_all_en__mix_rel119_evt119,K200_seed4_coverage__fuse_r0.6,train,fuse,200,4,coverage,39,21,0.5384615384615384,0.6,0
SCOPE_all_en__mix_rel119_evt119,K200_seed5_random__fuse_r0.6,train,fuse,200,5,random,39,18,0.46153846153846156,0.6,0
SCOPE_all_en__mix_rel119_evt119,K200_seed5_coverage__fuse_r0.6,train,fuse,200,5,coverage,39,21,0.5384615384615384,0.6,0
SCOPE_all_en__mix_rel119_evt119,K1000_seed1_random__fuse_r0.6,train,fuse,1000,1,random,39,21,0.5384615384615384,0.6,0
SCOPE_all_en__mix_rel119_evt119,K1000_seed1_coverage__fuse_r0.3,train,fuse,1000,1,coverage,39,31,0.7948717948717948,0.3,0
SCOPE_all_en__mix_rel119_evt119,K1000_seed2_random__fuse_r0.3,train,fuse,1000,2,random,39,31,0.7948717948717948,0.3,0
SCOPE_all_en__mix_rel119_evt119,K1000_seed2_coverage__fuse_r0.3,train,fuse,1000,2,coverage,39,31,0.7948717948717948,0.3,0
SCOPE_all_en__mix_rel119_evt119,K1000_seed3_random__fuse_r0.6,train,fuse,1000,3,random,39,21,0.5384615384615384,0.6,0
SCOPE_all_en__mix_rel119_evt119,K1000_seed3_coverage__fuse_r0.3,train,fuse,1000,3,coverage,39,31,0.7948717948717948,0.3,0
SCOPE_all_en__mix_rel119_evt119,K1000_seed4_random__fuse_r0.3,train,fuse,1000,4,random,39,31,0.7948717948717948,0.3,0
SCOPE_all_en__mix_rel119_evt119,K1000_seed4_coverage__fuse_r0.6,train,fuse,1000,4,coverage,39,21,0.5384615384615384,0.6,0
SCOPE_all_en__mix_rel119_evt119,K1000_seed5_random__fuse_r0.3,train,fuse,1000,5,random,39,31,0.7948717948717948,0.3,0
SCOPE_all_en__mix_rel119_evt119,K1000_seed5_coverage__fuse_r0.3,train,fuse,1000,5,coverage,39,31,0.7948717948717948,0.3,0
SCOPE_all_en__mix_rel119_evt119,K5000_seed1_random__fuse_r0.6,train,fuse,5000,1,random,39,21,0.5384615384615384,0.6,0
SCOPE_all_en__mix_rel119_evt119,K5000_seed1_coverage__fuse_r0.6,train,fuse,5000,1,coverage,39,21,0.5384615384615384,0.6,0
SCOPE_all_en__mix_rel119_evt119,K5000_seed2_random__fuse_r0.6,train,fuse,5000,2,random,39,21,0.5384615384615384,0.6,0
SCOPE_all_en__mix_rel119_evt119,K5000_seed2_coverage__fuse_r0.6,train,fuse,5000,2,coverage,39,21,0.5384615384615384,0.6,0
SCOPE_all_en__mix_rel119_evt119,K5000_seed3_random__fuse_r0.6,train,fuse,5000,3,random,39,21,0.5384615384615384,0.6,0
SCOPE_all_en__mix_rel119_evt119,K5000_seed3_coverage__fuse_r0.6,train,fuse,5000,3,coverage,39,21,0.5384615384615384,0.6,0
SCOPE_all_en__mix_rel119_evt119,K5000_seed4_random__fuse_r0.6,train,fuse,5000,4,random,39,21,0.5384615384615384,0.6,0
SCOPE_all_en__mix_rel119_evt119,K5000_seed4_coverage__fuse_r0.3,train,fuse,5000,4,coverage,39,31,0.7948717948717948,0.3,0
SCOPE_all_en__mix_rel119_evt119,K5000_seed5_random__fuse_r0.3,train,fuse,5000,5,random,39,31,0.7948717948717948,0.3,0
SCOPE_all_en__mix_rel119_evt119,K5000_seed5_coverage__fuse_r0.3,train,fuse,5000,5,coverage,39,31,0.7948717948717948,0.3,0
SCOPE_all_zh__mix_rel120_evt120,K200_seed1_random__fuse_r0.6,train,fuse,200,1,random,27,15,0.5555555555555556,0.6,0
SCOPE_all_zh__mix_rel120_evt120,K200_seed1_coverage__fuse_r0.3,train,fuse,200,1,coverage,27,22,0.8148148148148148,0.3,0
SCOPE_all_zh__mix_rel120_evt120,K200_seed2_random__fuse_r0.6,train,fuse,200,2,random,27,15,0.5555555555555556,0.6,0
SCOPE_all_zh__mix_rel120_evt120,K200_seed2_coverage__fuse_r0.6,train,fuse,200,2,coverage,27,16,0.5925925925925926,0.6,0
SCOPE_all_zh__mix_rel120_evt120,K200_seed3_random__fuse_r0.6,train,fuse,200,3,random,27,16,0.5925925925925926,0.6,0
SCOPE_all_zh__mix_rel120_evt120,K200_seed3_coverage__fuse_r0.3,train,fuse,200,3,coverage,27,22,0.8148148148148148,0.3,0
SCOPE_all_zh__mix_rel120_evt120,K200_seed4_random__fuse_r0.3,train,fuse,200,4,random,27,18,0.6666666666666666,0.3,0
SCOPE_all_zh__mix_rel120_evt120,K200_seed4_coverage__fuse_r0.3,train,fuse,200,4,coverage,27,22,0.8148148148148148,0.3,0
SCOPE_all_zh__mix_rel120_evt120,K200_seed5_random__fuse_r0.6,train,fuse,200,5,random,27,16,0.5925925925925926,0.6,0
SCOPE_all_zh__mix_rel120_evt120,K200_seed5_coverage__fuse_r0.6,train,fuse,200,5,coverage,27,16,0.5925925925925926,0.6,0
SCOPE_all_zh__mix_rel120_evt120,K1000_seed1_random__fuse_r0.3,train,fuse,1000,1,random,27,22,0.8148148148148148,0.3,0
SCOPE_all_zh__mix_rel120_evt120,K1000_seed1_coverage__fuse_r0.6,train,fuse,1000,1,coverage,27,16,0.5925925925925926,0.6,0
SCOPE_all_zh__mix_rel120_evt120,K1000_seed2_random__fuse_r0.3,train,fuse,1000,2,random,27,22,0.8148148148148148,0.3,0
SCOPE_all_zh__mix_rel120_evt120,K1000_seed2_coverage__fuse_r0.6,train,fuse,1000,2,coverage,27,16,0.5925925925925926,0.6,0
SCOPE_all_zh__mix_rel120_evt120,K1000_seed3_random__fuse_r0.6,train,fuse,1000,3,random,27,16,0.5925925925925926,0.6,0
SCOPE_all_zh__mix_rel120_evt120,K1000_seed3_coverage__fuse_r0.6,train,fuse,1000,3,coverage,27,16,0.5925925925925926,0.6,0
SCOPE_all_zh__mix_rel120_evt120,K1000_seed4_random__fuse_r0.6,train,fuse,1000,4,random,27,16,0.5925925925925926,0.6,0
SCOPE_all_zh__mix_rel120_evt120,K1000_seed4_coverage__fuse_r0.3,train,fuse,1000,4,coverage,27,22,0.8148148148148148,0.3,0
SCOPE_all_zh__mix_rel120_evt120,K1000_seed5_random__fuse_r0.6,train,fuse,1000,5,random,27,16,0.5925925925925926,0.6,0
SCOPE_all_zh__mix_rel120_evt120,K1000_seed5_coverage__fuse_r0.3,train,fuse,1000,5,coverage,27,22,0.8148148148148148,0.3,0
SCOPE_all_zh__mix_rel120_evt120,K5000_seed1_random__fuse_r0.6,train,fuse,5000,1,random,27,16,0.5925925925925926,0.6,0
SCOPE_all_zh__mix_rel120_evt120,K5000_seed1_coverage__fuse_r0.6,train,fuse,5000,1,coverage,27,16,0.5925925925925926,0.6,0
SCOPE_all_zh__mix_rel120_evt120,K5000_seed2_random__fuse_r0.6,train,fuse,5000,2,random,27,16,0.5925925925925926,0.6,0
SCOPE_all_zh__mix_rel120_evt120,K5000_seed2_coverage__fuse_r0.3,train,fuse,5000,2,coverage,27,22,0.8148148148148148,0.3,0
SCOPE_all_zh__mix_rel120_evt120,K5000_seed3_random__fuse_r0.3,train,fuse,5000,3,random,27,22,0.8148148148148148,0.3,0
SCOPE_all_zh__mix_rel120_evt120,K5000_seed3_coverage__fuse_r0.3,train,fuse,5000,3,coverage,27,22,0.8148148148148148,0.3,0
SCOPE_all_zh__mix_rel120_evt120,K5000_seed4_random__fuse_r0.3,train,fuse,5000,4,random,27,22,0.8148148148148148,0.3,0
SCOPE_all_zh__mix_rel120_evt120,K5000_seed4_coverage__fuse_r0.3,train,fuse,5000,4,coverage,27,22,0.8148148148148148,0.3,0
SCOPE_all_zh__mix_rel120_evt120,K5000_seed5_random__fuse_r0.3,train,fuse,5000,5,random,27,22,0.8148148148148148,0.3,0
SCOPE_all_zh__mix_rel120_evt120,K5000_seed5_coverage__fuse_r0.6,train,fuse,5000,5,coverage,27,16,0.5925925925925926,0.6,0
SCOPE_all_zh__mix_rel121_evt121,K200_seed1_random__fuse_r0.6,train,fuse,200,1,random,31,16,0.5161290322580645,0.6,0
SCOPE_all_zh__mix_rel121_evt121,K200_seed1_coverage__fuse_r0.3,train,fuse,200,1,coverage,31,25,0.8064516129032258,0.3,0
SCOPE_all_zh__mix_rel121_evt121,K200_seed2_random__fuse_r0.6,train,fuse,200,2,random,31,16,0.5161290322580645,0.6,0
SCOPE_all_zh__mix_rel121_evt121,K200_seed2_coverage__fuse_r0.6,train,fuse,200,2,coverage,31,18,0.5806451612903226,0.6,0
SCOPE_all_zh__mix_rel121_evt121,K200_seed3_random__fuse_r0.3,train,fuse,200,3,random,31,19,0.6129032258064516,0.3,0
SCOPE_all_zh__mix_rel121_evt121,K200_seed3_coverage__fuse_r0.3,train,fuse,200,3,coverage,31,25,0.8064516129032258,0.3,0
SCOPE_all_zh__mix_rel121_evt121,K200_seed4_random__fuse_r0.6,train,fuse,200,4,random,31,16,0.5161290322580645,0.6,0
SCOPE_all_zh__mix_rel121_evt121,K200_seed4_coverage__fuse_r0.6,train,fuse,200,4,coverage,31,18,0.5806451612903226,0.6,0
SCOPE_all_zh__mix_rel121_evt121,K200_seed5_random__fuse_r0.3,train,fuse,200,5,random,31,22,0.7096774193548387,0.3,0
SCOPE_all_zh__mix_rel121_evt121,K200_seed5_coverage__fuse_r0.3,train,fuse,200,5,coverage,31,25,0.8064516129032258,0.3,0
SCOPE_all_zh__mix_rel121_evt121,K1000_seed1_random__fuse_r0.3,train,fuse,1000,1,random,31,24,0.7741935483870968,0.3,0
SCOPE_all_zh__mix_rel121_evt121,K1000_seed1_coverage__fuse_r0.3,train,fuse,1000,1,coverage,31,25,0.8064516129032258,0.3,0
SCOPE_all_zh__mix_rel121_evt121,K1000_seed2_random__fuse_r0.3,train,fuse,1000,2,random,31,24,0.7741935483870968,0.3,0
SCOPE_all_zh__mix_rel121_evt121,K1000_seed2_coverage__fuse_r0.6,train,fuse,1000,2,coverage,31,18,0.5806451612903226,0.6,0
SCOPE_all_zh__mix_rel121_evt121,K1000_seed3_random__fuse_r0.6,train,fuse,1000,3,random,31,17,0.5483870967741935,0.6,0
SCOPE_all_zh__mix_rel121_evt121,K1000_seed3_coverage__fuse_r0.3,train,fuse,1000,3,coverage,31,25,0.8064516129032258,0.3,0
SCOPE_all_zh__mix_rel121_evt121,K1000_seed4_random__fuse_r0.3,train,fuse,1000,4,random,31,25,0.8064516129032258,0.3,0
SCOPE_all_zh__mix_rel121_evt121,K1000_seed4_coverage__fuse_r0.3,train,fuse,1000,4,coverage,31,25,0.8064516129032258,0.3,0
SCOPE_all_zh__mix_rel121_evt121,K1000_seed5_random__fuse_r0.6,train,fuse,1000,5,random,31,18,0.5806451612903226,0.6,0
SCOPE_all_zh__mix_rel121_evt121,K1000_seed5_coverage__fuse_r0.3,train,fuse,1000,5,coverage,31,25,0.8064516129032258,0.3,0
SCOPE_all_zh__mix_rel121_evt121,K5000_seed1_random__fuse_r0.6,train,fuse,5000,1,random,31,18,0.5806451612903226,0.6,0
SCOPE_all_zh__mix_rel121_evt121,K5000_seed1_coverage__fuse_r0.6,train,fuse,5000,1,coverage,31,18,0.5806451612903226,0.6,0
SCOPE_all_zh__mix_rel121_evt121,K5000_seed2_random__fuse_r0.3,train,fuse,5000,2,random,31,25,0.8064516129032258,0.3,0
SCOPE_all_zh__mix_rel121_evt121,K5000_seed2_coverage__fuse_r0.3,train,fuse,5000,2,coverage,31,25,0.8064516129032258,0.3,0
SCOPE_all_zh__mix_rel121_evt121,K5000_seed3_random__fuse_r0.3,train,fuse,5000,3,random,31,25,0.8064516129032258,0.3,0
SCOPE_all_zh__mix_rel121_evt121,K5000_seed3_coverage__fuse_r0.6,train,fuse,5000,3,coverage,31,18,0.5806451612903226,0.6,0
SCOPE_all_zh__mix_rel121_evt121,K5000_seed4_random__fuse_r0.6,train,fuse,5000,4,random,31,18,0.5806451612903226,0.6,0
SCOPE_all_zh__mix_rel121_evt121,K5000_seed4_coverage__fuse_r0.6,train,fuse,5000,4,coverage,31,18,0.5806451612903226,0.6,0
SCOPE_all_zh__mix_rel121_evt121,K5000_seed5_random__fuse_r0.6,train,fuse,5000,5,random,31,18,0.5806451612903226,0.6,0
SCOPE_all_zh__mix_rel121_evt121,K5000_seed5_coverage__fuse_r0.6,train,fuse,5000,5,coverage,31,18,0.5806451612903226,0.6,0
SCOPE_all_zh__mix_rel122_evt122,K200_seed1_random__fuse_r0.6,train,fuse,200,1,random,13,10,0.7692307692307693,0.6,0
SCOPE_all_zh__mix_rel122_evt122,K200_seed1_coverage__fuse_r0.6,train,fuse,200,1,coverage,13,10,0.7692307692307693,0.6,0
SCOPE_all_zh__mix_rel122_evt122,K200_seed2_random__fuse_r0.3,train,fuse,200,2,random,13,12,0.9230769230769231,0.3,0
SCOPE_all_zh__mix_rel122_evt122,K200_seed2_coverage__fuse_r0.3,train,fuse,200,2,coverage,13,12,0.9230769230769231,0.3,0
SCOPE_all_zh__mix_rel122_evt122,K200_seed3_random__fuse_r0.6,train,fuse,200,3,random,13,10,0.7692307692307693,0.6,0
SCOPE_all_zh__mix_rel122_evt122,K200_seed3_coverage__fuse_r0.3,train,fuse,200,3,coverage,13,12,0.9230769230769231,0.3,0
SCOPE_all_zh__mix_rel122_evt122,K200_seed4_random__fuse_r0.3,train,fuse,200,4,random,13,12,0.9230769230769231,0.3,0
SCOPE_all_zh__mix_rel122_evt122,K200_seed4_coverage__fuse_r0.3,train,fuse,200,4,coverage,13,12,0.9230769230769231,0.3,0
SCOPE_all_zh__mix_rel122_evt122,K200_seed5_random__fuse_r0.3,train,fuse,200,5,random,13,12,0.9230769230769231,0.3,0
SCOPE_all_zh__mix_rel122_evt122,K200_seed5_coverage__fuse_r0.3,train,fuse,200,5,coverage,13,12,0.9230769230769231,0.3,0
SCOPE_all_zh__mix_rel122_evt122,K1000_seed1_random__fuse_r0.6,train,fuse,1000,1,random,13,10,0.7692307692307693,0.6,0
SCOPE_all_zh__mix_rel122_evt122,K1000_seed1_coverage__fuse_r0.3,train,fuse,1000,1,coverage,13,12,0.9230769230769231,0.3,0
SCOPE_all_zh__mix_rel122_evt122,K1000_seed2_random__fuse_r0.3,train,fuse,1000,2,random,13,12,0.9230769230769231,0.3,0
SCOPE_all_zh__mix_rel122_evt122,K1000_seed2_coverage__fuse_r0.3,train,fuse,1000,2,coverage,13,12,0.9230769230769231,0.3,0
SCOPE_all_zh__mix_rel122_evt122,K1000_seed3_random__fuse_r0.6,train,fuse,1000,3,random,13,10,0.7692307692307693,0.6,0
SCOPE_all_zh__mix_rel122_evt122,K1000_seed3_coverage__fuse_r0.3,train,fuse,1000,3,coverage,13,12,0.9230769230769231,0.3,0
SCOPE_all_zh__mix_rel122_evt122,K1000_seed4_random__fuse_r0.6,train,fuse,1000,4,random,13,10,0.7692307692307693,0.6,0
SCOPE_all_zh__mix_rel122_evt122,K1000_seed4_coverage__fuse_r0.6,train,fuse,1000,4,coverage,13,10,0.7692307692307693,0.6,0
SCOPE_all_zh__mix_rel122_evt122,K1000_seed5_random__fuse_r0.6,train,fuse,1000,5,random,13,10,0.7692307692307693,0.6,0
SCOPE_all_zh__mix_rel122_evt122,K1000_seed5_coverage__fuse_r0.3,train,fuse,1000,5,coverage,13,12,0.9230769230769231,0.3,0
SCOPE_all_zh__mix_rel122_evt122,K5000_seed1_random__fuse_r0.6,train,fuse,5000,1,random,13,10,0.7692307692307693,0.6,0
SCOPE_all_zh__mix_rel122_evt122,K5000_seed1_coverage__fuse_r0.6,train,fuse,5000,1,coverage,13,10,0.7692307692307693,0.6,0
SCOPE_all_zh__mix_rel122_evt122,K5000_seed2_random__fuse_r0.6,train,fuse,5000,2,random,13,10,0.7692307692307693,0.6,0
SCOPE_all_zh__mix_rel122_evt122,K5000_seed2_coverage__fuse_r0.3,train,fuse,5000,2,coverage,13,12,0.9230769230769231,0.3,0
SCOPE_all_zh__mix_rel122_evt122,K5000_seed3_random__fuse_r0.3,train,fuse,5000,3,random,13,12,0.9230769230769231,0.3,0
SCOPE_all_zh__mix_rel122_evt122,K5000_seed3_coverage__fuse_r0.6,train,fuse,5000,3,coverage,13,10,0.7692307692307693,0.6,0
SCOPE_all_zh__mix_rel122_evt122,K5000_seed4_random__fuse_r0.3,train,fuse,5000,4,random,13,12,0.9230769230769231,0.3,0
SCOPE_all_zh__mix_rel122_evt122,K5000_seed4_coverage__fuse_r0.6,train,fuse,5000,4,coverage,13,10,0.7692307692307693,0.6,0
SCOPE_all_zh__mix_rel122_evt122,K5000_seed5_random__fuse_r0.3,train,fuse,5000,5,random,13,12,0.9230769230769231,0.3,0
SCOPE_all_zh__mix_rel122_evt122,K5000_seed5_coverage__fuse_r0.6,train,fuse,5000,5,coverage,13,10,0.7692307692307693,0.6,0
SCOPE_all_en__mix_rel123_evt123,K200_seed1_random__fuse_r0.6,train,fuse,200,1,random,37,15,0.40540540540540543,0.6,0
SCOPE_all_en__mix_rel123_evt123,K200_seed1_coverage__fuse_r0.3,train,fuse,200,1,coverage,37,29,0.7837837837837838,0.3,0
SCOPE_all_en__mix_rel123_evt123,K200_seed2_random__fuse_r0.6,train,fuse,200,2,random,37,17,0.4594594594594595,0.6,0
SCOPE_all_en__mix_rel123_evt123,K200_seed2_coverage__fuse_r0.6,train,fuse,200,2,coverage,37,20,0.5405405405405406,0.6,0
SCOPE_all_en__mix_rel123_evt123,K200_seed3_random__fuse_r0.3,train,fuse,200,3,random,37,19,0.5135135135135135,0.3,0
SCOPE_all_en__mix_rel123_evt123,K200_seed3_coverage__fuse_r0.3,train,fuse,200,3,coverage,37,29,0.7837837837837838,0.3,0
SCOPE_all_en__mix_rel123_evt123,K200_seed4_random__fuse_r0.3,train,fuse,200,4,random,37,18,0.4864864864864865,0.3,0
SCOPE_all_en__mix_rel123_evt123,K200_seed4_coverage__fuse_r0.6,train,fuse,200,4,coverage,37,20,0.5405405405405406,0.6,0
SCOPE_all_en__mix_rel123_evt123,K200_seed5_random__fuse_r0.6,train,fuse,200,5,random,37,16,0.43243243243243246,0.6,0
SCOPE_all_en__mix_rel123_evt123,K200_seed5_coverage__fuse_r0.6,train,fuse,200,5,coverage,37,20,0.5405405405405406,0.6,0
SCOPE_all_en__mix_rel123_evt123,K1000_seed1_random__fuse_r0.3,train,fuse,1000,1,random,37,28,0.7567567567567568,0.3,0
SCOPE_all_en__mix_rel123_evt123,K1000_seed1_coverage__fuse_r0.6,train,fuse,1000,1,coverage,37,20,0.5405405405405406,0.6,0
SCOPE_all_en__mix_rel123_evt123,K1000_seed2_random__fuse_r0.3,train,fuse,1000,2,random,37,29,0.7837837837837838,0.3,0
SCOPE_all_en__mix_rel123_evt123,K1000_seed2_coverage__fuse_r0.6,train,fuse,1000,2,coverage,37,20,0.5405405405405406,0.6,0
SCOPE_all_en__mix_rel123_evt123,K1000_seed3_random__fuse_r0.3,train,fuse,1000,3,random,37,25,0.6756756756756757,0.3,0
SCOPE_all_en__mix_rel123_evt123,K1000_seed3_coverage__fuse_r0.3,train,fuse,1000,3,coverage,37,29,0.7837837837837838,0.3,0
SCOPE_all_en__mix_rel123_evt123,K1000_seed4_random__fuse_r0.3,train,fuse,1000,4,random,37,26,0.7027027027027027,0.3,0
SCOPE_all_en__mix_rel123_evt123,K1000_seed4_coverage__fuse_r0.6,train,fuse,1000,4,coverage,37,20,0.5405405405405406,0.6,0
SCOPE_all_en__mix_rel123_evt123,K1000_seed5_random__fuse_r0.6,train,fuse,1000,5,random,37,19,0.5135135135135135,0.6,0
SCOPE_all_en__mix_rel123_evt123,K1000_seed5_coverage__fuse_r0.6,train,fuse,1000,5,coverage,37,20,0.5405405405405406,0.6,0
SCOPE_all_en__mix_rel123_evt123,K5000_seed1_random__fuse_r0.3,train,fuse,5000,1,random,37,28,0.7567567567567568,0.3,0
SCOPE_all_en__mix_rel123_evt123,K5000_seed1_coverage__fuse_r0.3,train,fuse,5000,1,coverage,37,29,0.7837837837837838,0.3,0
SCOPE_all_en__mix_rel123_evt123,K5000_seed2_random__fuse_r0.3,train,fuse,5000,2,random,37,29,0.7837837837837838,0.3,0
SCOPE_all_en__mix_rel123_evt123,K5000_seed2_coverage__fuse_r0.6,train,fuse,5000,2,coverage,37,20,0.5405405405405406,0.6,0
SCOPE_all_en__mix_rel123_evt123,K5000_seed3_random__fuse_r0.6,train,fuse,5000,3,random,37,20,0.5405405405405406,0.6,0
SCOPE_all_en__mix_rel123_evt123,K5000_seed3_coverage__fuse_r0.3,train,fuse,5000,3,coverage,37,29,0.7837837837837838,0.3,0
SCOPE_all_en__mix_rel123_evt123,K5000_seed4_random__fuse_r0.6,train,fuse,5000,4,random,37,20,0.5405405405405406,0.6,0
SCOPE_all_en__mix_rel123_evt123,K5000_seed4_coverage__fuse_r0.6,train,fuse,5000,4,coverage,37,20,0.5405405405405406,0.6,0
SCOPE_all_en__mix_rel123_evt123,K5000_seed5_random__fuse_r0.3,train,fuse,5000,5,random,37,28,0.7567567567567568,0.3,0
SCOPE_all_en__mix_rel123_evt123,K5000_seed5_coverage__fuse_r0.3,train,fuse,5000,5,coverage,37,29,0.7837837837837838,0.3,0
SCOPE_all_zh__mix_rel124_evt124,K200_seed1_random__fuse_r0.3,train,fuse,200,1,random,17,14,0.8235294117647058,0.3,0
SCOPE_all_zh__mix_rel124_evt124,K200_seed1_coverage__fuse_r0.6,train,fuse,200,1,coverage,17,12,0.7058823529411765,0.6,0
SCOPE_all_zh__mix_rel124_evt124,K200_seed2_random__fuse_r0.6,train,fuse,200,2,random,17,11,0.6470588235294118,0.6,0
SCOPE_all_zh__mix_rel124_evt124,K200_seed2_coverage__fuse_r0.3,train,fuse,200,2,coverage,17,15,0.8823529411764706,0.3,0
SCOPE_all_zh__mix_rel124_evt124,K200_seed3_random__fuse_r0.6,train,fuse,200,3,random,17,11,0.6470588235294118,0.6,0
SCOPE_all_zh__mix_rel124_evt124,K200_seed3_coverage__fuse_r0.6,train,fuse,200,3,coverage,17,12,0.7058823529411765,0.6,0
SCOPE_all_zh__mix_rel124_evt124,K200_seed4_random__fuse_r0.3,train,fuse,200,4,random,17,14,0.8235294117647058,0.3,0
SCOPE_all_zh__mix_rel124_evt124,K200_seed4_coverage__fuse_r0.3,train,fuse,200,4,coverage,17,15,0.8823529411764706,0.3,0
SCOPE_all_zh__mix_rel124_evt124,K200_seed5_random__fuse_r0.6,train,fuse,200,5,random,17,11,0.6470588235294118,0.6,0
SCOPE_all_zh__mix_rel124_evt124,K200_seed5_coverage__fuse_r0.6,train,fuse,200,5,coverage,17,12,0.7058823529411765,0.6,0
SCOPE_all_zh__mix_rel124_evt124,K1000_seed1_random__fuse_r0.6,train,fuse,1000,1,random,17,11,0.6470588235294118,0.6,0
SCOPE_all_zh__mix_rel124_evt124,K1000_seed1_coverage__fuse_r0.6,train,fuse,1000,1,coverage,17,12,0.7058823529411765,0.6,0
SCOPE_all_zh__mix_rel124_evt124,K1000_seed2_random__fuse_r0.6,train,fuse,1000,2,random,17,11,0.6470588235294118,0.6,0
SCOPE_all_zh__mix_rel124_evt124,K1000_seed2_coverage__fuse_r0.3,train,fuse,1000,2,coverage,17,15,0.8823529411764706,0.3,0
SCOPE_all_zh__mix_rel124_evt124,K1000_seed3_random__fuse_r0.3,train,fuse,1000,3,random,17,14,0.8235294117647058,0.3,0
SCOPE_all_zh__mix_rel124_evt124,K1000_seed3_coverage__fuse_r0.3,train,fuse,1000,3,coverage,17,15,0.8823529411764706,0.3,0
SCOPE_all_zh__mix_rel124_evt124,K1000_seed4_random__fuse_r0.6,train,fuse,1000,4,random,17,11,0.6470588235294118,0.6,0
SCOPE_all_zh__mix_rel124_evt124,K1000_seed4_coverage__fuse_r0.6,train,fuse,1000,4,coverage,17,12,0.7058823529411765,0.6,0
SCOPE_all_zh__mix_rel124_evt124,K1000_seed5_random__fuse_r0.3,train,fuse,1000,5,random,17,14,0.8235294117647058,0.3,0
SCOPE_all_zh__mix_rel124_evt124,K1000_seed5_coverage__fuse_r0.6,train,fuse,1000,5,coverage,17,12,0.7058823529411765,0.6,0
SCOPE_all_zh__mix_rel124_evt124,K5000_seed1_random__fuse_r0.6,train,fuse,5000,1,random,17,11,0.6470588235294118,0.6,0
SCOPE_all_zh__mix_rel124_evt124,K5000_seed1_coverage__fuse_r0.3,train,fuse,5000,1,coverage,17,15,0.8823529411764706,0.3,0
SCOPE_all_zh__mix_rel124_evt124,K5000_seed2_random__fuse_r0.3,train,fuse,5000,2,random,17,14,0.8235294117647058,0.3,0
SCOPE_all_zh__mix_rel124_evt124,K5000_seed2_coverage__fuse_r0.6,train,fuse,5000,2,coverage,17,12,0.7058823529411765,0.6,0
SCOPE_all_zh__mix_rel124_evt124,K5000_seed3_random__fuse_r0.3,train,fuse,5000,3,random,17,14,0.8235294117647058,0.3,0
SCOPE_all_zh__mix_rel124_evt124,K5000_seed3_coverage__fuse_r0.6,train,fuse,5000,3,coverage,17,12,0.7058823529411765,0.6,0
SCOPE_all_zh__mix_rel124_evt124,K5000_seed4_random__fuse_r0.3,train,fuse,5000,4,random,17,14,0.8235294117647058,0.3,0
SCOPE_all_zh__mix_rel124_evt124,K5000_seed4_coverage__fuse_r0.6,train,fuse,5000,4,coverage,17,12,0.7058823529411765,0.6,0
SCOPE_all_zh__mix_rel124_evt124,K5000_seed5_random__fuse_r0.3,train,fuse,5000,5,random,17,14,0.8235294117647058,0.3,0
SCOPE_all_zh__mix_rel124_evt124,K5000_seed5_coverage__fuse_r0.6,train,fuse,5000,5,coverage,17,12,0.7058823529411765,0.6,0
SCOPE_all_en__mix_rel125_evt125,K200_seed1_random__fuse_r0.6,train,fuse,200,1,random,28,5,0.17857142857142858,0.6,0
SCOPE_all_en__mix_rel125_evt125,K200_seed1_coverage__fuse_r0.3,train,fuse,200,1,coverage,28,14,0.5,0.3,0
SCOPE_all_en__mix_rel125_evt125,K200_seed2_random__fuse_r0.3,train,fuse,200,2,random,28,10,0.35714285714285715,0.3,0
SCOPE_all_en__mix_rel125_evt125,K200_seed2_coverage__fuse_r0.3,train,fuse,200,2,coverage,28,14,0.5,0.3,0
SCOPE_all_en__mix_rel125_evt125,K200_seed3_random__fuse_r0.6,train,fuse,200,3,random,28,7,0.25,0.6,0
SCOPE_all_en__mix_rel125_evt125,K200_seed3_coverage__fuse_r0.3,train,fuse,200,3,coverage,28,14,0.5,0.3,0
SCOPE_all_en__mix_rel125_evt125,K200_seed4_random__fuse_r0.6,train,fuse,200,4,random,28,5,0.17857142857142858,0.6,0
SCOPE_all_en__mix_rel125_evt125,K200_seed4_coverage__fuse_r0.3,train,fuse,200,4,coverage,28,14,0.5,0.3,0
SCOPE_all_en__mix_rel125_evt125,K200_seed5_random__fuse_r0.3,train,fuse,200,5,random,28,9,0.32142857142857145,0.3,0
SCOPE_all_en__mix_rel125_evt125,K200_seed5_coverage__fuse_r0.6,train,fuse,200,5,coverage,28,8,0.2857142857142857,0.6,0
SCOPE_all_en__mix_rel125_evt125,K1000_seed1_random__fuse_r0.3,train,fuse,1000,1,random,28,11,0.39285714285714285,0.3,0
SCOPE_all_en__mix_rel125_evt125,K1000_seed1_coverage__fuse_r0.3,train,fuse,1000,1,coverage,28,14,0.5,0.3,0
SCOPE_all_en__mix_rel125_evt125,K1000_seed2_random__fuse_r0.6,train,fuse,1000,2,random,28,7,0.25,0.6,0
SCOPE_all_en__mix_rel125_evt125,K1000_seed2_coverage__fuse_r0.6,train,fuse,1000,2,coverage,28,8,0.2857142857142857,0.6,0
SCOPE_all_en__mix_rel125_evt125,K1000_seed3_random__fuse_r0.3,train,fuse,1000,3,random,28,12,0.42857142857142855,0.3,0
SCOPE_all_en__mix_rel125_evt125,K1000_seed3_coverage__fuse_r0.6,train,fuse,1000,3,coverage,28,8,0.2857142857142857,0.6,0
SCOPE_all_en__mix_rel125_evt125,K1000_seed4_random__fuse_r0.6,train,fuse,1000,4,random,28,8,0.2857142857142857,0.6,0
SCOPE_all_en__mix_rel125_evt125,K1000_seed4_coverage__fuse_r0.3,train,fuse,1000,4,coverage,28,14,0.5,0.3,0
SCOPE_all_en__mix_rel125_evt125,K1000_seed5_random__fuse_r0.3,train,fuse,1000,5,random,28,11,0.39285714285714285,0.3,0
SCOPE_all_en__mix_rel125_evt125,K1000_seed5_coverage__fuse_r0.6,train,fuse,1000,5,coverage,28,8,0.2857142857142857,0.6,0
SCOPE_all_en__mix_rel125_evt125,K5000_seed1_random__fuse_r0.6,train,fuse,5000,1,random,28,8,0.2857142857142857,0.6,0
SCOPE_all_en__mix_rel125_evt125,K5000_seed1_coverage__fuse_r0.6,train,fuse,5000,1,coverage,28,8,0.2857142857142857,0.6,0
SCOPE_all_en__mix_rel125_evt125,K5000_seed2_random__fuse_r0.6,train,fuse,5000,2,random,28,8,0.2857142857142857,0.6,0
SCOPE_all_en__mix_rel125_evt125,K5000_seed2_coverage__fuse_r0.6,train,fuse,5000,2,coverage,28,8,0.2857142857142857,0.6,0
SCOPE_all_en__mix_rel125_evt125,K5000_seed3_random__fuse_r0.3,train,fuse,5000,3,random,28,14,0.5,0.3,0
SCOPE_all_en__mix_rel125_evt125,K5000_seed3_coverage__fuse_r0.6,train,fuse,5000,3,coverage,28,8,0.2857142857142857,0.6,0
SCOPE_all_en__mix_rel125_evt125,K5000_seed4_random__fuse_r0.3,train,fuse,5000,4,random,28,14,0.5,0.3,0
SCOPE_all_en__mix_rel125_evt125,K5000_seed4_coverage__fuse_r0.3,train,fuse,5000,4,coverage,28,14,0.5,0.3,0
SCOPE_all_en__mix_rel125_evt125,K5000_seed5_random__fuse_r0.6,train,fuse,5000,5,random,28,8,0.2857142857142857,0.6,0
SCOPE_all_en__mix_rel125_evt125,K5000_seed5_coverage__fuse_r0.6,train,fuse,5000,5,coverage,28,8,0.2857142857142857,0.6,0
SCOPE_all_zh__mix_rel126_evt126,K200_seed1_random__fuse_r0.6,train,fuse,200,1,random,26,15,0.5769230769230769,0.6,0
SCOPE_all_zh__mix_rel126_evt126,K200_seed1_coverage__fuse_r0.3,train,fuse,200,1,coverage,26,21,0.8076923076923077,0.3,0
SCOPE_all_zh__mix_rel126_evt126,K200_seed2_random__fuse_r0.6,train,fuse,200,2,random,26,15,0.5769230769230769,0.6,0
SCOPE_all_zh__mix_rel126_evt126,K200_seed2_coverage__fuse_r0.6,train,fuse,200,2,coverage,26,15,0.5769230769230769,0.6,0
SCOPE_all_zh__mix_rel126_evt126,K200_seed3_random__fuse_r0.3,train,fuse,200,3,random,26,21,0.8076923076923077,0.3,0
SCOPE_all_zh__mix_rel126_evt126,K200_seed3_coverage__fuse_r0.6,train,fuse,200,3,coverage,26,15,0.5769230769230769,0.6,0
SCOPE_all_zh__mix_rel126_evt126,K200_seed4_random__fuse_r0.3,train,fuse,200,4,random,26,21,0.8076923076923077,0.3,0
SCOPE_all_zh__mix_rel126_evt126,K200_seed4_coverage__fuse_r0.3,train,fuse,200,4,coverage,26,21,0.8076923076923077,0.3,0
SCOPE_all_zh__mix_rel126_evt126,K200_seed5_random__fuse_r0.6,train,fuse,200,5,random,26,15,0.5769230769230769,0.6,0
SCOPE_all_zh__mix_rel126_evt126,K200_seed5_coverage__fuse_r0.3,train,fuse,200,5,coverage,26,21,0.8076923076923077,0.3,0
SCOPE_all_zh__mix_rel126_evt126,K1000_seed1_random__fuse_r0.3,train,fuse,1000,1,random,26,21,0.8076923076923077,0.3,0
SCOPE_all_zh__mix_rel126_evt126,K1000_seed1_coverage__fuse_r0.6,train,fuse,1000,1,coverage,26,15,0.5769230769230769,0.6,0
SCOPE_all_zh__mix_rel126_evt126,K1000_seed2_random__fuse_r0.3,train,fuse,1000,2,random,26,21,0.8076923076923077,0.3,0
SCOPE_all_zh__mix_rel126_evt126,K1000_seed2_coverage__fuse_r0.6,train,fuse,1000,2,coverage,26,15,0.5769230769230769,0.6,0
SCOPE_all_zh__mix_rel126_evt126,K1000_seed3_random__fuse_r0.6,train,fuse,1000,3,random,26,15,0.5769230769230769,0.6,0
SCOPE_all_zh__mix_rel126_evt126,K1000_seed3_coverage__fuse_r0.6,train,fuse,1000,3,coverage,26,15,0.5769230769230769,0.6,0
SCOPE_all_zh__mix_rel126_evt126,K1000_seed4_random__fuse_r0.6,train,fuse,1000,4,random,26,15,0.5769230769230769,0.6,0
SCOPE_all_zh__mix_rel126_evt126,K1000_seed4_coverage__fuse_r0.6,train,fuse,1000,4,coverage,26,15,0.5769230769230769,0.6,0
SCOPE_all_zh__mix_rel126_evt126,K1000_seed5_random__fuse_r0.3,train,fuse,1000,5,random,26,21,0.8076923076923077,0.3,0
SCOPE_all_zh__mix_rel126_evt126,K1000_seed5_coverage__fuse_r0.6,train,fuse,1000,5,coverage,26,15,0.5769230769230769,0.6,0
SCOPE_all_zh__mix_rel126_evt126,K5000_seed1_random__fuse_r0.6,train,fuse,5000,1,random,26,15,0.5769230769230769,0.6,0
SCOPE_all_zh__mix_rel126_evt126,K5000_seed1_coverage__fuse_r0.6,train,fuse,5000,1,coverage,26,15,0.5769230769230769,0.6,0
SCOPE_all_zh__mix_rel126_evt126,K5000_seed2_random__fuse_r0.3,train,fuse,5000,2,random,26,21,0.8076923076923077,0.3,0
SCOPE_all_zh__mix_rel126_evt126,K5000_seed2_coverage__fuse_r0.3,train,fuse,5000,2,coverage,26,21,0.8076923076923077,0.3,0
SCOPE_all_zh__mix_rel126_evt126,K5000_seed3_random__fuse_r0.6,train,fuse,5000,3,random,26,15,0.5769230769230769,0.6,0
SCOPE_all_zh__mix_rel126_evt126,K5000_seed3_coverage__fuse_r0.3,train,fuse,5000,3,coverage,26,21,0.8076923076923077,0.3,0
SCOPE_all_zh__mix_rel126_evt126,K5000_seed4_random__fuse_r0.6,train,fuse,5000,4,random,26,15,0.5769230769230769,0.6,0
SCOPE_all_zh__mix_rel126_evt126,K5000_seed4_coverage__fuse_r0.3,train,fuse,5000,4,coverage,26,21,0.8076923076923077,0.3,0
SCOPE_all_zh__mix_rel126_evt126,K5000_seed5_random__fuse_r0.6,train,fuse,5000,5,random,26,15,0.5769230769230769,0.6,0
SCOPE_all_zh__mix_rel126_evt126,K5000_seed5_coverage__fuse_r0.3,train,fuse,5000,5,coverage,26,21,0.8076923076923077,0.3,0
SCOPE_all_zh__mix_rel127_evt127,K200_seed1_random__fuse_r0.3,train,fuse,200,1,random,22,18,0.8181818181818182,0.3,0
SCOPE_all_zh__mix_rel127_evt127,K200_seed1_coverage__fuse_r0.3,train,fuse,200,1,coverage,22,19,0.8636363636363636,0.3,0
SCOPE_all_zh__mix_rel127_evt127,K200_seed2_random__fuse_r0.6,train,fuse,200,2,random,22,13,0.5909090909090909,0.6,0
SCOPE_all_zh__mix_rel127_evt127,K200_seed2_coverage__fuse_r0.6,train,fuse,200,2,coverage,22,13,0.5909090909090909,0.6,0
SCOPE_all_zh__mix_rel127_evt127,K200_seed3_random__fuse_r0.6,train,fuse,200,3,random,22,13,0.5909090909090909,0.6,0
SCOPE_all_zh__mix_rel127_evt127,K200_seed3_coverage__fuse_r0.3,train,fuse,200,3,coverage,22,19,0.8636363636363636,0.3,0
SCOPE_all_zh__mix_rel127_evt127,K200_seed4_random__fuse_r0.3,train,fuse,200,4,random,22,18,0.8181818181818182,0.3,0
SCOPE_all_zh__mix_rel127_evt127,K200_seed4_coverage__fuse_r0.3,train,fuse,200,4,coverage,22,19,0.8636363636363636,0.3,0
SCOPE_all_zh__mix_rel127_evt127,K200_seed5_random__fuse_r0.6,train,fuse,200,5,random,22,13,0.5909090909090909,0.6,0
SCOPE_all_zh__mix_rel127_evt127,K200_seed5_coverage__fuse_r0.6,train,fuse,200,5,coverage,22,13,0.5909090909090909,0.6,0
SCOPE_all_zh__mix_rel127_evt127,K1000_seed1_random__fuse_r0.6,train,fuse,1000,1,random,22,13,0.5909090909090909,0.6,0
SCOPE_all_zh__mix_rel127_evt127,K1000_seed1_coverage__fuse_r0.3,train,fuse,1000,1,coverage,22,19,0.8636363636363636,0.3,0
SCOPE_all_zh__mix_rel127_evt127,K1000_seed2_random__fuse_r0.3,train,fuse,1000,2,random,22,19,0.8636363636363636,0.3,0
SCOPE_all_zh__mix_rel127_evt127,K1000_seed2_coverage__fuse_r0.3,train,fuse,1000,2,coverage,22,19,0.8636363636363636,0.3,0
SCOPE_all_zh__mix_rel127_evt127,K1000_seed3_random__fuse_r0.6,train,fuse,1000,3,random,22,13,0.5909090909090909,0.6,0
SCOPE_all_zh__mix_rel127_evt127,K1000_seed3_coverage__fuse_r0.3,train,fuse,1000,3,coverage,22,19,0.8636363636363636,0.3,0
SCOPE_all_zh__mix_rel127_evt127,K1000_seed4_random__fuse_r0.3,train,fuse,1000,4,random,22,19,0.8636363636363636,0.3,0
SCOPE_all_zh__mix_rel127_evt127,K1000_seed4_coverage__fuse_r0.3,train,fuse,1000,4,coverage,22,19,0.8636363636363636,0.3,0
SCOPE_all_zh__mix_rel127_evt127,K1000_seed5_random__fuse_r0.3,train,fuse,1000,5,random,22,19,0.8636363636363636,0.3,0
SCOPE_all_zh__mix_rel127_evt127,K1000_seed5_coverage__fuse_r0.6,train,fuse,1000,5,coverage,22,13,0.5909090909090909,0.6,0
SCOPE_all_zh__mix_rel127_evt127,K5000_seed1_random__fuse_r0.3,train,fuse,5000,1,random,22,19,0.8636363636363636,0.3,0
SCOPE_all_zh__mix_rel127_evt127,K5000_seed1_coverage__fuse_r0.3,train,fuse,5000,1,coverage,22,19,0.8636363636363636,0.3,0
SCOPE_all_zh__mix_rel127_evt127,K5000_seed2_random__fuse_r0.6,train,fuse,5000,2,random,22,13,0.5909090909090909,0.6,0
SCOPE_all_zh__mix_rel127_evt127,K5000_seed2_coverage__fuse_r0.3,train,fuse,5000,2,coverage,22,19,0.8636363636363636,0.3,0
SCOPE_all_zh__mix_rel127_evt127,K5000_seed3_random__fuse_r0.3,train,fuse,5000,3,random,22,19,0.8636363636363636,0.3,0
SCOPE_all_zh__mix_rel127_evt127,K5000_seed3_coverage__fuse_r0.6,train,fuse,5000,3,coverage,22,13,0.5909090909090909,0.6,0
SCOPE_all_zh__mix_rel127_evt127,K5000_seed4_random__fuse_r0.3,train,fuse,5000,4,random,22,19,0.8636363636363636,0.3,0
SCOPE_all_zh__mix_rel127_evt127,K5000_seed4_coverage__fuse_r0.6,train,fuse,5000,4,coverage,22,13,0.5909090909090909,0.6,0
SCOPE_all_zh__mix_rel127_evt127,K5000_seed5_random__fuse_r0.3,train,fuse,5000,5,random,22,19,0.8636363636363636,0.3,0
SCOPE_all_zh__mix_rel127_evt127,K5000_seed5_coverage__fuse_r0.3,train,fuse,5000,5,coverage,22,19,0.8636363636363636,0.3,0
SCOPE_all_zh__mix_rel128_evt128,K200_seed1_random__fuse_r0.3,train,fuse,200,1,random,20,16,0.8,0.3,0
SCOPE_all_zh__mix_rel128_evt128,K200_seed1_coverage__fuse_r0.3,train,fuse,200,1,coverage,20,19,0.95,0.3,0
SCOPE_all_zh__mix_rel128_evt128,K200_seed2_random__fuse_r0.3,train,fuse,200,2,random,20,14,0.7,0.3,0
SCOPE_all_zh__mix_rel128_evt128,K200_seed2_coverage__fuse_r0.6,train,fuse,200,2,coverage,20,14,0.7,0.6,0
SCOPE_all_zh__mix_rel128_evt128,K200_seed3_random__fuse_r0.3,train,fuse,200,3,random,20,12,0.6,0.3,0
SCOPE_all_zh__mix_rel128_evt128,K200_seed3_coverage__fuse_r0.3,train,fuse,200,3,coverage,20,19,0.95,0.3,0
SCOPE_all_zh__mix_rel128_evt128,K200_seed4_random__fuse_r0.3,train,fuse,200,4,random,20,10,0.5,0.3,0
SCOPE_all_zh__mix_rel128_evt128,K200_seed4_coverage__fuse_r0.6,train,fuse,200,4,coverage,20,14,0.7,0.6,0
SCOPE_all_zh__mix_rel128_evt128,K200_seed5_random__fuse_r0.3,train,fuse,200,5,random,20,12,0.6,0.3,0
SCOPE_all_zh__mix_rel128_evt128,K200_seed5_coverage__fuse_r0.6,train,fuse,200,5,coverage,20,14,0.7,0.6,0
SCOPE_all_zh__mix_rel128_evt128,K1000_seed1_random__fuse_r0.6,train,fuse,1000,1,random,20,13,0.65,0.6,0
SCOPE_all_zh__mix_rel128_evt128,K1000_seed1_coverage__fuse_r0.3,train,fuse,1000,1,coverage,20,19,0.95,0.3,0
SCOPE_all_zh__mix_rel128_evt128,K1000_seed2_random__fuse_r0.6,train,fuse,1000,2,random,20,14,0.7,0.6,0
SCOPE_all_zh__mix_rel128_evt128,K1000_seed2_coverage__fuse_r0.6,train,fuse,1000,2,coverage,20,14,0.7,0.6,0
SCOPE_all_zh__mix_rel128_evt128,K1000_seed3_random__fuse_r0.6,train,fuse,1000,3,random,20,14,0.7,0.6,0
SCOPE_all_zh__mix_rel128_evt128,K1000_seed3_coverage__fuse_r0.3,train,fuse,1000,3,coverage,20,19,0.95,0.3,0
SCOPE_all_zh__mix_rel128_evt128,K1000_seed4_random__fuse_r0.3,train,fuse,1000,4,random,20,18,0.9,0.3,0
SCOPE_all_zh__mix_rel128_evt128,K1000_seed4_coverage__fuse_r0.6,train,fuse,1000,4,coverage,20,14,0.7,0.6,0
SCOPE_all_zh__mix_rel128_evt128,K1000_seed5_random__fuse_r0.3,train,fuse,1000,5,random,20,16,0.8,0.3,0
SCOPE_all_zh__mix_rel128_evt128,K1000_seed5_coverage__fuse_r0.6,train,fuse,1000,5,coverage,20,14,0.7,0.6,0
SCOPE_all_zh__mix_rel128_evt128,K5000_seed1_random__fuse_r0.6,train,fuse,5000,1,random,20,14,0.7,0.6,0
SCOPE_all_zh__mix_rel128_evt128,K5000_seed1_coverage__fuse_r0.6,train,fuse,5000,1,coverage,20,14,0.7,0.6,0
SCOPE_all_zh__mix_rel128_evt128,K5000_seed2_random__fuse_r0.6,train,fuse,5000,2,random,20,14,0.7,0.6,0
SCOPE_all_zh__mix_rel128_evt128,K5000_seed2_coverage__fuse_r0.6,train,fuse,5000,2,coverage,20,14,0.7,0.6,0
SCOPE_all_zh__mix_rel128_evt128,K5000_seed3_random__fuse_r0.3,train,fuse,5000,3,random,20,19,0.95,0.3,0
SCOPE_all_zh__mix_rel128_evt128,K5000_seed3_coverage__fuse_r0.6,train,fuse,5000,3,coverage,20,14,0.7,0.6,0
SCOPE_all_zh__mix_rel128_evt128,K5000_seed4_random__fuse_r0.3,train,fuse,5000,4,random,20,19,0.95,0.3,0
SCOPE_all_zh__mix_rel128_evt128,K5000_seed4_coverage__fuse_r0.6,train,fuse,5000,4,coverage,20,14,0.7,0.6,0
SCOPE_all_zh__mix_rel128_evt128,K5000_seed5_random__fuse_r0.3,train,fuse,5000,5,random,20,18,0.9,0.3,0
SCOPE_all_zh__mix_rel128_evt128,K5000_seed5_coverage__fuse_r0.3,train,fuse,5000,5,coverage,20,19,0.95,0.3,0
SCOPE_all_zh__mix_rel129_evt129,K200_seed1_random__fuse_r0.6,train,fuse,200,1,random,27,15,0.5555555555555556,0.6,0
SCOPE_all_zh__mix_rel129_evt129,K200_seed1_coverage__fuse_r0.6,train,fuse,200,1,coverage,27,15,0.5555555555555556,0.6,0
SCOPE_all_zh__mix_rel129_evt129,K200_seed2_random__fuse_r0.6,train,fuse,200,2,random,27,15,0.5555555555555556,0.6,0
SCOPE_all_zh__mix_rel129_evt129,K200_seed2_coverage__fuse_r0.6,train,fuse,200,2,coverage,27,15,0.5555555555555556,0.6,0
SCOPE_all_zh__mix_rel129_evt129,K200_seed3_random__fuse_r0.3,train,fuse,200,3,random,27,22,0.8148148148148148,0.3,0
SCOPE_all_zh__mix_rel129_evt129,K200_seed3_coverage__fuse_r0.3,train,fuse,200,3,coverage,27,22,0.8148148148148148,0.3,0
SCOPE_all_zh__mix_rel129_evt129,K200_seed4_random__fuse_r0.3,train,fuse,200,4,random,27,21,0.7777777777777778,0.3,0
SCOPE_all_zh__mix_rel129_evt129,K200_seed4_coverage__fuse_r0.3,train,fuse,200,4,coverage,27,22,0.8148148148148148,0.3,0
SCOPE_all_zh__mix_rel129_evt129,K200_seed5_random__fuse_r0.3,train,fuse,200,5,random,27,21,0.7777777777777778,0.3,0
SCOPE_all_zh__mix_rel129_evt129,K200_seed5_coverage__fuse_r0.3,train,fuse,200,5,coverage,27,22,0.8148148148148148,0.3,0
SCOPE_all_zh__mix_rel129_evt129,K1000_seed1_random__fuse_r0.3,train,fuse,1000,1,random,27,22,0.8148148148148148,0.3,0
SCOPE_all_zh__mix_rel129_evt129,K1000_seed1_coverage__fuse_r0.3,train,fuse,1000,1,coverage,27,22,0.8148148148148148,0.3,0
SCOPE_all_zh__mix_rel129_evt129,K1000_seed2_random__fuse_r0.6,train,fuse,1000,2,random,27,15,0.5555555555555556,0.6,0
SCOPE_all_zh__mix_rel129_evt129,K1000_seed2_coverage__fuse_r0.6,train,fuse,1000,2,coverage,27,15,0.5555555555555556,0.6,0
SCOPE_all_zh__mix_rel129_evt129,K1000_seed3_random__fuse_r0.3,train,fuse,1000,3,random,27,22,0.8148148148148148,0.3,0
SCOPE_all_zh__mix_rel129_evt129,K1000_seed3_coverage__fuse_r0.6,train,fuse,1000,3,coverage,27,15,0.5555555555555556,0.6,0
SCOPE_all_zh__mix_rel129_evt129,K1000_seed4_random__fuse_r0.6,train,fuse,1000,4,random,27,15,0.5555555555555556,0.6,0
SCOPE_all_zh__mix_rel129_evt129,K1000_seed4_coverage__fuse_r0.3,train,fuse,1000,4,coverage,27,22,0.8148148148148148,0.3,0
SCOPE_all_zh__mix_rel129_evt129,K1000_seed5_random__fuse_r0.3,train,fuse,1000,5,random,27,22,0.8148148148148148,0.3,0
SCOPE_all_zh__mix_rel129_evt129,K1000_seed5_coverage__fuse_r0.6,train,fuse,1000,5,coverage,27,15,0.5555555555555556,0.6,0
SCOPE_all_zh__mix_rel129_evt129,K5000_seed1_random__fuse_r0.3,train,fuse,5000,1,random,27,22,0.8148148148148148,0.3,0
SCOPE_all_zh__mix_rel129_evt129,K5000_seed1_coverage__fuse_r0.6,train,fuse,5000,1,coverage,27,15,0.5555555555555556,0.6,0
SCOPE_all_zh__mix_rel129_evt129,K5000_seed2_random__fuse_r0.6,train,fuse,5000,2,random,27,15,0.5555555555555556,0.6,0
SCOPE_all_zh__mix_rel129_evt129,K5000_seed2_coverage__fuse_r0.3,train,fuse,5000,2,coverage,27,22,0.8148148148148148,0.3,0
SCOPE_all_zh__mix_rel129_evt129,K5000_seed3_random__fuse_r0.3,train,fuse,5000,3,random,27,22,0.8148148148148148,0.3,0
SCOPE_all_zh__mix_rel129_evt129,K5000_seed3_coverage__fuse_r0.3,train,fuse,5000,3,coverage,27,22,0.8148148148148148,0.3,0
SCOPE_all_zh__mix_rel129_evt129,K5000_seed4_random__fuse_r0.3,train,fuse,5000,4,random,27,22,0.8148148148148148,0.3,0
SCOPE_all_zh__mix_rel129_evt129,K5000_seed4_coverage__fuse_r0.3,train,fuse,5000,4,coverage,27,22,0.8148148148148148,0.3,0
SCOPE_all_zh__mix_rel129_evt129,K5000_seed5_random__fuse_r0.6,train,fuse,5000,5,random,27,15,0.5555555555555556,0.6,0
SCOPE_all_zh__mix_rel129_evt129,K5000_seed5_coverage__fuse_r0.3,train,fuse,5000,5,coverage,27,22,0.8148148148148148,0.3,0
SCOPE_all_zh__mix_rel130_evt130,K200_seed1_random__fuse_r0.6,train,fuse,200,1,random,21,13,0.6190476190476191,0.6,0
SCOPE_all_zh__mix_rel130_evt130,K200_seed1_coverage__fuse_r0.3,train,fuse,200,1,coverage,21,18,0.8571428571428571,0.3,0
SCOPE_all_zh__mix_rel130_evt130,K200_seed2_random__fuse_r0.3,train,fuse,200,2,random,21,18,0.8571428571428571,0.3,0
SCOPE_all_zh__mix_rel130_evt130,K200_seed2_coverage__fuse_r0.6,train,fuse,200,2,coverage,21,13,0.6190476190476191,0.6,0
SCOPE_all_zh__mix_rel130_evt130,K200_seed3_random__fuse_r0.6,train,fuse,200,3,random,21,13,0.6190476190476191,0.6,0
SCOPE_all_zh__mix_rel130_evt130,K200_seed3_coverage__fuse_r0.3,train,fuse,200,3,coverage,21,18,0.8571428571428571,0.3,0
SCOPE_all_zh__mix_rel130_evt130,K200_seed4_random__fuse_r0.3,train,fuse,200,4,random,21,17,0.8095238095238095,0.3,0
SCOPE_all_zh__mix_rel130_evt130,K200_seed4_coverage__fuse_r0.3,train,fuse,200,4,coverage,21,18,0.8571428571428571,0.3,0
SCOPE_all_zh__mix_rel130_evt130,K200_seed5_random__fuse_r0.3,train,fuse,200,5,random,21,18,0.8571428571428571,0.3,0
SCOPE_all_zh__mix_rel130_evt130,K200_seed5_coverage__fuse_r0.3,train,fuse,200,5,coverage,21,18,0.8571428571428571,0.3,0
SCOPE_all_zh__mix_rel130_evt130,K1000_seed1_random__fuse_r0.3,train,fuse,1000,1,random,21,18,0.8571428571428571,0.3,0
SCOPE_all_zh__mix_rel130_evt130,K1000_seed1_coverage__fuse_r0.6,train,fuse,1000,1,coverage,21,13,0.6190476190476191,0.6,0
SCOPE_all_zh__mix_rel130_evt130,K1000_seed2_random__fuse_r0.3,train,fuse,1000,2,random,21,18,0.8571428571428571,0.3,0
SCOPE_all_zh__mix_rel130_evt130,K1000_seed2_coverage__fuse_r0.6,train,fuse,1000,2,coverage,21,13,0.6190476190476191,0.6,0
SCOPE_all_zh__mix_rel130_evt130,K1000_seed3_random__fuse_r0.3,train,fuse,1000,3,random,21,18,0.8571428571428571,0.3,0
SCOPE_all_zh__mix_rel130_evt130,K1000_seed3_coverage__fuse_r0.6,train,fuse,1000,3,coverage,21,13,0.6190476190476191,0.6,0
SCOPE_all_zh__mix_rel130_evt130,K1000_seed4_random__fuse_r0.6,train,fuse,1000,4,random,21,13,0.6190476190476191,0.6,0
SCOPE_all_zh__mix_rel130_evt130,K1000_seed4_coverage__fuse_r0.6,train,fuse,1000,4,coverage,21,13,0.6190476190476191,0.6,0
SCOPE_all_zh__mix_rel130_evt130,K1000_seed5_random__fuse_r0.6,train,fuse,1000,5,random,21,13,0.6190476190476191,0.6,0
SCOPE_all_zh__mix_rel130_evt130,K1000_seed5_coverage__fuse_r0.3,train,fuse,1000,5,coverage,21,18,0.8571428571428571,0.3,0
SCOPE_all_zh__mix_rel130_evt130,K5000_seed1_random__fuse_r0.3,train,fuse,5000,1,random,21,18,0.8571428571428571,0.3,0
SCOPE_all_zh__mix_rel130_evt130,K5000_seed1_coverage__fuse_r0.6,train,fuse,5000,1,coverage,21,13,0.6190476190476191,0.6,0
SCOPE_all_zh__mix_rel130_evt130,K5000_seed2_random__fuse_r0.6,train,fuse,5000,2,random,21,13,0.6190476190476191,0.6,0
SCOPE_all_zh__mix_rel130_evt130,K5000_seed2_coverage__fuse_r0.6,train,fuse,5000,2,coverage,21,13,0.6190476190476191,0.6,0
SCOPE_all_zh__mix_rel130_evt130,K5000_seed3_random__fuse_r0.6,train,fuse,5000,3,random,21,13,0.6190476190476191,0.6,0
SCOPE_all_zh__mix_rel130_evt130,K5000_seed3_coverage__fuse_r0.6,train,fuse,5000,3,coverage,21,13,0.6190476190476191,0.6,0
SCOPE_all_zh__mix_rel130_evt130,K5000_seed4_random__fuse_r0.6,train,fuse,5000,4,random,21,13,0.6190476190476191,0.6,0
SCOPE_all_zh__mix_rel130_evt130,K5000_seed4_coverage__fuse_r0.3,train,fuse,5000,4,coverage,21,18,0.8571428571428571,0.3,0
SCOPE_all_zh__mix_rel130_evt130,K5000_seed5_random__fuse_r0.6,train,fuse,5000,5,random,21,13,0.6190476190476191,0.6,0
SCOPE_all_zh__mix_rel130_evt130,K5000_seed5_coverage__fuse_r0.6,train,fuse,5000,5,coverage,21,13,0.6190476190476191,0.6,0
SCOPE_all_zh__mix_rel131_evt131,K200_seed1_random__fuse_r0.6,train,fuse,200,1,random,32,12,0.375,0.6,0
SCOPE_all_zh__mix_rel131_evt131,K200_seed1_coverage__fuse_r0.3,train,fuse,200,1,coverage,32,26,0.8125,0.3,0
SCOPE_all_zh__mix_rel131_evt131,K200_seed2_random__fuse_r0.3,train,fuse,200,2,random,32,13,0.40625,0.3,0
SCOPE_all_zh__mix_rel131_evt131,K200_seed2_coverage__fuse_r0.3,train,fuse,200,2,coverage,32,26,0.8125,0.3,0
SCOPE_all_zh__mix_rel131_evt131,K200_seed3_random__fuse_r0.3,train,fuse,200,3,random,32,21,0.65625,0.3,0
SCOPE_all_zh__mix_rel131_evt131,K200_seed3_coverage__fuse_r0.3,train,fuse,200,3,coverage,32,26,0.8125,0.3,0
SCOPE_all_zh__mix_rel131_evt131,K200_seed4_random__fuse_r0.3,train,fuse,200,4,random,32,16,0.5,0.3,0
SCOPE_all_zh__mix_rel131_evt131,K200_seed4_coverage__fuse_r0.6,train,fuse,200,4,coverage,32,18,0.5625,0.6,0
SCOPE_all_zh__mix_rel131_evt131,K200_seed5_random__fuse_r0.3,train,fuse,200,5,random,32,14,0.4375,0.3,0
SCOPE_all_zh__mix_rel131_evt131,K200_seed5_coverage__fuse_r0.3,train,fuse,200,5,coverage,32,26,0.8125,0.3,0
SCOPE_all_zh__mix_rel131_evt131,K1000_seed1_random__fuse_r0.6,train,fuse,1000,1,random,32,16,0.5,0.6,0
SCOPE_all_zh__mix_rel131_evt131,K1000_seed1_coverage__fuse_r0.3,train,fuse,1000,1,coverage,32,26,0.8125,0.3,0
SCOPE_all_zh__mix_rel131_evt131,K1000_seed2_random__fuse_r0.3,train,fuse,1000,2,random,32,22,0.6875,0.3,0
SCOPE_all_zh__mix_rel131_evt131,K1000_seed2_coverage__fuse_r0.3,train,fuse,1000,2,coverage,32,26,0.8125,0.3,0
SCOPE_all_zh__mix_rel131_evt131,K1000_seed3_random__fuse_r0.6,train,fuse,1000,3,random,32,15,0.46875,0.6,0
SCOPE_all_zh__mix_rel131_evt131,K1000_seed3_coverage__fuse_r0.3,train,fuse,1000,3,coverage,32,26,0.8125,0.3,0
SCOPE_all_zh__mix_rel131_evt131,K1000_seed4_random__fuse_r0.3,train,fuse,1000,4,random,32,22,0.6875,0.3,0
SCOPE_all_zh__mix_rel131_evt131,K1000_seed4_coverage__fuse_r0.6,train,fuse,1000,4,coverage,32,18,0.5625,0.6,0
SCOPE_all_zh__mix_rel131_evt131,K1000_seed5_random__fuse_r0.6,train,fuse,1000,5,random,32,15,0.46875,0.6,0
SCOPE_all_zh__mix_rel131_evt131,K1000_seed5_coverage__fuse_r0.6,train,fuse,1000,5,coverage,32,18,0.5625,0.6,0
SCOPE_all_zh__mix_rel131_evt131,K5000_seed1_random__fuse_r0.6,train,fuse,5000,1,random,32,17,0.53125,0.6,0
SCOPE_all_zh__mix_rel131_evt131,K5000_seed1_coverage__fuse_r0.3,train,fuse,5000,1,coverage,32,26,0.8125,0.3,0
SCOPE_all_zh__mix_rel131_evt131,K5000_seed2_random__fuse_r0.6,train,fuse,5000,2,random,32,18,0.5625,0.6,0
SCOPE_all_zh__mix_rel131_evt131,K5000_seed2_coverage__fuse_r0.3,train,fuse,5000,2,coverage,32,26,0.8125,0.3,0
SCOPE_all_zh__mix_rel131_evt131,K5000_seed3_random__fuse_r0.6,train,fuse,5000,3,random,32,17,0.53125,0.6,0
SCOPE_all_zh__mix_rel131_evt131,K5000_seed3_coverage__fuse_r0.6,train,fuse,5000,3,coverage,32,18,0.5625,0.6,0
SCOPE_all_zh__mix_rel131_evt131,K5000_seed4_random__fuse_r0.6,train,fuse,5000,4,random,32,18,0.5625,0.6,0
SCOPE_all_zh__mix_rel131_evt131,K5000_seed4_coverage__fuse_r0.3,train,fuse,5000,4,coverage,32,26,0.8125,0.3,0
SCOPE_all_zh__mix_rel131_evt131,K5000_seed5_random__fuse_r0.6,train,fuse,5000,5,random,32,17,0.53125,0.6,0
SCOPE_all_zh__mix_rel131_evt131,K5000_seed5_coverage__fuse_r0.6,train,fuse,5000,5,coverage,32,18,0.5625,0.6,0
SCOPE_all_zh__mix_rel132_evt132,K200_seed1_random__fuse_r0.6,train,fuse,200,1,random,31,17,0.5483870967741935,0.6,0
SCOPE_all_zh__mix_rel132_evt132,K200_seed1_coverage__fuse_r0.3,train,fuse,200,1,coverage,31,26,0.8387096774193549,0.3,0
SCOPE_all_zh__mix_rel132_evt132,K200_seed2_random__fuse_r0.3,train,fuse,200,2,random,31,24,0.7741935483870968,0.3,0
SCOPE_all_zh__mix_rel132_evt132,K200_seed2_coverage__fuse_r0.3,train,fuse,200,2,coverage,31,26,0.8387096774193549,0.3,0
SCOPE_all_zh__mix_rel132_evt132,K200_seed3_random__fuse_r0.3,train,fuse,200,3,random,31,24,0.7741935483870968,0.3,0
SCOPE_all_zh__mix_rel132_evt132,K200_seed3_coverage__fuse_r0.3,train,fuse,200,3,coverage,31,26,0.8387096774193549,0.3,0
SCOPE_all_zh__mix_rel132_evt132,K200_seed4_random__fuse_r0.3,train,fuse,200,4,random,31,22,0.7096774193548387,0.3,0
SCOPE_all_zh__mix_rel132_evt132,K200_seed4_coverage__fuse_r0.3,train,fuse,200,4,coverage,31,26,0.8387096774193549,0.3,0
SCOPE_all_zh__mix_rel132_evt132,K200_seed5_random__fuse_r0.6,train,fuse,200,5,random,31,17,0.5483870967741935,0.6,0
SCOPE_all_zh__mix_rel132_evt132,K200_seed5_coverage__fuse_r0.3,train,fuse,200,5,coverage,31,26,0.8387096774193549,0.3,0
SCOPE_all_zh__mix_rel132_evt132,K1000_seed1_random__fuse_r0.3,train,fuse,1000,1,random,31,26,0.8387096774193549,0.3,0
SCOPE_all_zh__mix_rel132_evt132,K1000_seed1_coverage__fuse_r0.3,train,fuse,1000,1,coverage,31,26,0.8387096774193549,0.3,0
SCOPE_all_zh__mix_rel132_evt132,K1000_seed2_random__fuse_r0.6,train,fuse,1000,2,random,31,17,0.5483870967741935,0.6,0
SCOPE_all_zh__mix_rel132_evt132,K1000_seed2_coverage__fuse_r0.6,train,fuse,1000,2,coverage,31,17,0.5483870967741935,0.6,0
SCOPE_all_zh__mix_rel132_evt132,K1000_seed3_random__fuse_r0.3,train,fuse,1000,3,random,31,26,0.8387096774193549,0.3,0
SCOPE_all_zh__mix_rel132_evt132,K1000_seed3_coverage__fuse_r0.6,train,fuse,1000,3,coverage,31,17,0.5483870967741935,0.6,0
SCOPE_all_zh__mix_rel132_evt132,K1000_seed4_random__fuse_r0.3,train,fuse,1000,4,random,31,26,0.8387096774193549,0.3,0
SCOPE_all_zh__mix_rel132_evt132,K1000_seed4_coverage__fuse_r0.6,train,fuse,1000,4,coverage,31,17,0.5483870967741935,0.6,0
SCOPE_all_zh__mix_rel132_evt132,K1000_seed5_random__fuse_r0.6,train,fuse,1000,5,random,31,17,0.5483870967741935,0.6,0
SCOPE_all_zh__mix_rel132_evt132,K1000_seed5_coverage__fuse_r0.3,train,fuse,1000,5,coverage,31,26,0.8387096774193549,0.3,0
SCOPE_all_zh__mix_rel132_evt132,K5000_seed1_random__fuse_r0.6,train,fuse,5000,1,random,31,17,0.5483870967741935,0.6,0
SCOPE_all_zh__mix_rel132_evt132,K5000_seed1_coverage__fuse_r0.3,train,fuse,5000,1,coverage,31,26,0.8387096774193549,0.3,0
SCOPE_all_zh__mix_rel132_evt132,K5000_seed2_random__fuse_r0.3,train,fuse,5000,2,random,31,26,0.8387096774193549,0.3,0
SCOPE_all_zh__mix_rel132_evt132,K5000_seed2_coverage__fuse_r0.6,train,fuse,5000,2,coverage,31,17,0.5483870967741935,0.6,0
SCOPE_all_zh__mix_rel132_evt132,K5000_seed3_random__fuse_r0.6,train,fuse,5000,3,random,31,17,0.5483870967741935,0.6,0
SCOPE_all_zh__mix_rel132_evt132,K5000_seed3_coverage__fuse_r0.3,train,fuse,5000,3,coverage,31,26,0.8387096774193549,0.3,0
SCOPE_all_zh__mix_rel132_evt132,K5000_seed4_random__fuse_r0.6,train,fuse,5000,4,random,31,17,0.5483870967741935,0.6,0
SCOPE_all_zh__mix_rel132_evt132,K5000_seed4_coverage__fuse_r0.3,train,fuse,5000,4,coverage,31,26,0.8387096774193549,0.3,0
SCOPE_all_zh__mix_rel132_evt132,K5000_seed5_random__fuse_r0.6,train,fuse,5000,5,random,31,17,0.5483870967741935,0.6,0
SCOPE_all_zh__mix_rel132_evt132,K5000_seed5_coverage__fuse_r0.3,train,fuse,5000,5,coverage,31,26,0.8387096774193549,0.3,0
SCOPE_all_zh__mix_rel133_evt133,K200_seed1_random__fuse_r0.3,train,fuse,200,1,random,27,18,0.6666666666666666,0.3,0
SCOPE_all_zh__mix_rel133_evt133,K200_seed1_coverage__fuse_r0.6,train,fuse,200,1,coverage,27,17,0.6296296296296297,0.6,0
SCOPE_all_zh__mix_rel133_evt133,K200_seed2_random__fuse_r0.6,train,fuse,200,2,random,27,12,0.4444444444444444,0.6,0
SCOPE_all_zh__mix_rel133_evt133,K200_seed2_coverage__fuse_r0.6,train,fuse,200,2,coverage,27,17,0.6296296296296297,0.6,0
SCOPE_all_zh__mix_rel133_evt133,K200_seed3_random__fuse_r0.3,train,fuse,200,3,random,27,16,0.5925925925925926,0.3,0
SCOPE_all_zh__mix_rel133_evt133,K200_seed3_coverage__fuse_r0.3,train,fuse,200,3,coverage,27,23,0.8518518518518519,0.3,0
SCOPE_all_zh__mix_rel133_evt133,K200_seed4_random__fuse_r0.6,train,fuse,200,4,random,27,11,0.4074074074074074,0.6,0
SCOPE_all_zh__mix_rel133_evt133,K200_seed4_coverage__fuse_r0.6,train,fuse,200,4,coverage,27,17,0.6296296296296297,0.6,0
SCOPE_all_zh__mix_rel133_evt133,K200_seed5_random__fuse_r0.3,train,fuse,200,5,random,27,16,0.5925925925925926,0.3,0
SCOPE_all_zh__mix_rel133_evt133,K200_seed5_coverage__fuse_r0.3,train,fuse,200,5,coverage,27,23,0.8518518518518519,0.3,0
SCOPE_all_zh__mix_rel133_evt133,K1000_seed1_random__fuse_r0.6,train,fuse,1000,1,random,27,17,0.6296296296296297,0.6,0
SCOPE_all_zh__mix_rel133_evt133,K1000_seed1_coverage__fuse_r0.3,train,fuse,1000,1,coverage,27,23,0.8518518518518519,0.3,0
SCOPE_all_zh__mix_rel133_evt133,K1000_seed2_random__fuse_r0.6,train,fuse,1000,2,random,27,15,0.5555555555555556,0.6,0
SCOPE_all_zh__mix_rel133_evt133,K1000_seed2_coverage__fuse_r0.3,train,fuse,1000,2,coverage,27,23,0.8518518518518519,0.3,0
SCOPE_all_zh__mix_rel133_evt133,K1000_seed3_random__fuse_r0.3,train,fuse,1000,3,random,27,21,0.7777777777777778,0.3,0
SCOPE_all_zh__mix_rel133_evt133,K1000_seed3_coverage__fuse_r0.3,train,fuse,1000,3,coverage,27,23,0.8518518518518519,0.3,0
SCOPE_all_zh__mix_rel133_evt133,K1000_seed4_random__fuse_r0.6,train,fuse,1000,4,random,27,16,0.5925925925925926,0.6,0
SCOPE_all_zh__mix_rel133_evt133,K1000_seed4_coverage__fuse_r0.3,train,fuse,1000,4,coverage,27,23,0.8518518518518519,0.3,0
SCOPE_all_zh__mix_rel133_evt133,K1000_seed5_random__fuse_r0.3,train,fuse,1000,5,random,27,22,0.8148148148148148,0.3,0
SCOPE_all_zh__mix_rel133_evt133,K1000_seed5_coverage__fuse_r0.3,train,fuse,1000,5,coverage,27,23,0.8518518518518519,0.3,0
SCOPE_all_zh__mix_rel133_evt133,K5000_seed1_random__fuse_r0.6,train,fuse,5000,1,random,27,17,0.6296296296296297,0.6,0
SCOPE_all_zh__mix_rel133_evt133,K5000_seed1_coverage__fuse_r0.6,train,fuse,5000,1,coverage,27,17,0.6296296296296297,0.6,0
SCOPE_all_zh__mix_rel133_evt133,K5000_seed2_random__fuse_r0.3,train,fuse,5000,2,random,27,22,0.8148148148148148,0.3,0
SCOPE_all_zh__mix_rel133_evt133,K5000_seed2_coverage__fuse_r0.3,train,fuse,5000,2,coverage,27,23,0.8518518518518519,0.3,0
SCOPE_all_zh__mix_rel133_evt133,K5000_seed3_random__fuse_r0.6,train,fuse,5000,3,random,27,16,0.5925925925925926,0.6,0
SCOPE_all_zh__mix_rel133_evt133,K5000_seed3_coverage__fuse_r0.3,train,fuse,5000,3,coverage,27,23,0.8518518518518519,0.3,0
SCOPE_all_zh__mix_rel133_evt133,K5000_seed4_random__fuse_r0.6,train,fuse,5000,4,random,27,17,0.6296296296296297,0.6,0
SCOPE_all_zh__mix_rel133_evt133,K5000_seed4_coverage__fuse_r0.6,train,fuse,5000,4,coverage,27,17,0.6296296296296297,0.6,0
SCOPE_all_zh__mix_rel133_evt133,K5000_seed5_random__fuse_r0.3,train,fuse,5000,5,random,27,23,0.8518518518518519,0.3,0
SCOPE_all_zh__mix_rel133_evt133,K5000_seed5_coverage__fuse_r0.6,train,fuse,5000,5,coverage,27,17,0.6296296296296297,0.6,0
SCOPE_all_zh__mix_rel134_evt134,K200_seed1_random__fuse_r0.3,train,fuse,200,1,random,28,23,0.8214285714285714,0.3,0
SCOPE_all_zh__mix_rel134_evt134,K200_seed1_coverage__fuse_r0.6,train,fuse,200,1,coverage,28,16,0.5714285714285714,0.6,0
SCOPE_all_zh__mix_rel134_evt134,K200_seed2_random__fuse_r0.3,train,fuse,200,2,random,28,23,0.8214285714285714,0.3,0
SCOPE_all_zh__mix_rel134_evt134,K200_seed2_coverage__fuse_r0.6,train,fuse,200,2,coverage,28,16,0.5714285714285714,0.6,0
SCOPE_all_zh__mix_rel134_evt134,K200_seed3_random__fuse_r0.6,train,fuse,200,3,random,28,16,0.5714285714285714,0.6,0
SCOPE_all_zh__mix_rel134_evt134,K200_seed3_coverage__fuse_r0.3,train,fuse,200,3,coverage,28,23,0.8214285714285714,0.3,0
SCOPE_all_zh__mix_rel134_evt134,K200_seed4_random__fuse_r0.3,train,fuse,200,4,random,28,21,0.75,0.3,0
SCOPE_all_zh__mix_rel134_evt134,K200_seed4_coverage__fuse_r0.6,train,fuse,200,4,coverage,28,16,0.5714285714285714,0.6,0
SCOPE_all_zh__mix_rel134_evt134,K200_seed5_random__fuse_r0.3,train,fuse,200,5,random,28,23,0.8214285714285714,0.3,0
SCOPE_all_zh__mix_rel134_evt134,K200_seed5_coverage__fuse_r0.6,train,fuse,200,5,coverage,28,16,0.5714285714285714,0.6,0
SCOPE_all_zh__mix_rel134_evt134,K1000_seed1_random__fuse_r0.6,train,fuse,1000,1,random,28,16,0.5714285714285714,0.6,0
SCOPE_all_zh__mix_rel134_evt134,K1000_seed1_coverage__fuse_r0.6,train,fuse,1000,1,coverage,28,16,0.5714285714285714,0.6,0
SCOPE_all_zh__mix_rel134_evt134,K1000_seed2_random__fuse_r0.3,train,fuse,1000,2,random,28,23,0.8214285714285714,0.3,0
SCOPE_all_zh__mix_rel134_evt134,K1000_seed2_coverage__fuse_r0.6,train,fuse,1000,2,coverage,28,16,0.5714285714285714,0.6,0
SCOPE_all_zh__mix_rel134_evt134,K1000_seed3_random__fuse_r0.6,train,fuse,1000,3,random,28,16,0.5714285714285714,0.6,0
SCOPE_all_zh__mix_rel134_evt134,K1000_seed3_coverage__fuse_r0.3,train,fuse,1000,3,coverage,28,23,0.8214285714285714,0.3,0
SCOPE_all_zh__mix_rel134_evt134,K1000_seed4_random__fuse_r0.6,train,fuse,1000,4,random,28,16,0.5714285714285714,0.6,0
SCOPE_all_zh__mix_rel134_evt134,K1000_seed4_coverage__fuse_r0.6,train,fuse,1000,4,coverage,28,16,0.5714285714285714,0.6,0
SCOPE_all_zh__mix_rel134_evt134,K1000_seed5_random__fuse_r0.6,train,fuse,1000,5,random,28,16,0.5714285714285714,0.6,0
SCOPE_all_zh__mix_rel134_evt134,K1000_seed5_coverage__fuse_r0.6,train,fuse,1000,5,coverage,28,16,0.5714285714285714,0.6,0
SCOPE_all_zh__mix_rel134_evt134,K5000_seed1_random__fuse_r0.6,train,fuse,5000,1,random,28,16,0.5714285714285714,0.6,0
SCOPE_all_zh__mix_rel134_evt134,K5000_seed1_coverage__fuse_r0.3,train,fuse,5000,1,coverage,28,23,0.8214285714285714,0.3,0
SCOPE_all_zh__mix_rel134_evt134,K5000_seed2_random__fuse_r0.3,train,fuse,5000,2,random,28,23,0.8214285714285714,0.3,0
SCOPE_all_zh__mix_rel134_evt134,K5000_seed2_coverage__fuse_r0.6,train,fuse,5000,2,coverage,28,16,0.5714285714285714,0.6,0
SCOPE_all_zh__mix_rel134_evt134,K5000_seed3_random__fuse_r0.6,train,fuse,5000,3,random,28,16,0.5714285714285714,0.6,0
SCOPE_all_zh__mix_rel134_evt134,K5000_seed3_coverage__fuse_r0.3,train,fuse,5000,3,coverage,28,23,0.8214285714285714,0.3,0
SCOPE_all_zh__mix_rel134_evt134,K5000_seed4_random__fuse_r0.3,train,fuse,5000,4,random,28,23,0.8214285714285714,0.3,0
SCOPE_all_zh__mix_rel134_evt134,K5000_seed4_coverage__fuse_r0.3,train,fuse,5000,4,coverage,28,23,0.8214285714285714,0.3,0
SCOPE_all_zh__mix_rel134_evt134,K5000_seed5_random__fuse_r0.3,train,fuse,5000,5,random,28,23,0.8214285714285714,0.3,0
SCOPE_all_zh__mix_rel134_evt134,K5000_seed5_coverage__fuse_r0.3,train,fuse,5000,5,coverage,28,23,0.8214285714285714,0.3,0
SCOPE_all_zh__mix_rel135_evt135,K200_seed1_random__fuse_r0.6,train,fuse,200,1,random,18,8,0.4444444444444444,0.6,0
SCOPE_all_zh__mix_rel135_evt135,K200_seed1_coverage__fuse_r0.3,train,fuse,200,1,coverage,18,13,0.7222222222222222,0.3,0
SCOPE_all_zh__mix_rel135_evt135,K200_seed2_random__fuse_r0.3,train,fuse,200,2,random,18,13,0.7222222222222222,0.3,0
SCOPE_all_zh__mix_rel135_evt135,K200_seed2_coverage__fuse_r0.6,train,fuse,200,2,coverage,18,8,0.4444444444444444,0.6,0
SCOPE_all_zh__mix_rel135_evt135,K200_seed3_random__fuse_r0.6,train,fuse,200,3,random,18,7,0.3888888888888889,0.6,0
SCOPE_all_zh__mix_rel135_evt135,K200_seed3_coverage__fuse_r0.3,train,fuse,200,3,coverage,18,13,0.7222222222222222,0.3,0
SCOPE_all_zh__mix_rel135_evt135,K200_seed4_random__fuse_r0.6,train,fuse,200,4,random,18,8,0.4444444444444444,0.6,0
SCOPE_all_zh__mix_rel135_evt135,K200_seed4_coverage__fuse_r0.6,train,fuse,200,4,coverage,18,8,0.4444444444444444,0.6,0
SCOPE_all_zh__mix_rel135_evt135,K200_seed5_random__fuse_r0.6,train,fuse,200,5,random,18,8,0.4444444444444444,0.6,0
SCOPE_all_zh__mix_rel135_evt135,K200_seed5_coverage__fuse_r0.3,train,fuse,200,5,coverage,18,13,0.7222222222222222,0.3,0
SCOPE_all_zh__mix_rel135_evt135,K1000_seed1_random__fuse_r0.3,train,fuse,1000,1,random,18,13,0.7222222222222222,0.3,0
SCOPE_all_zh__mix_rel135_evt135,K1000_seed1_coverage__fuse_r0.3,train,fuse,1000,1,coverage,18,13,0.7222222222222222,0.3,0
SCOPE_all_zh__mix_rel135_evt135,K1000_seed2_random__fuse_r0.3,train,fuse,1000,2,random,18,13,0.7222222222222222,0.3,0
SCOPE_all_zh__mix_rel135_evt135,K1000_seed2_coverage__fuse_r0.3,train,fuse,1000,2,coverage,18,13,0.7222222222222222,0.3,0
SCOPE_all_zh__mix_rel135_evt135,K1000_seed3_random__fuse_r0.6,train,fuse,1000,3,random,18,8,0.4444444444444444,0.6,0
SCOPE_all_zh__mix_rel135_evt135,K1000_seed3_coverage__fuse_r0.6,train,fuse,1000,3,coverage,18,8,0.4444444444444444,0.6,0
SCOPE_all_zh__mix_rel135_evt135,K1000_seed4_random__fuse_r0.3,train,fuse,1000,4,random,18,13,0.7222222222222222,0.3,0
SCOPE_all_zh__mix_rel135_evt135,K1000_seed4_coverage__fuse_r0.3,train,fuse,1000,4,coverage,18,13,0.7222222222222222,0.3,0
SCOPE_all_zh__mix_rel135_evt135,K1000_seed5_random__fuse_r0.6,train,fuse,1000,5,random,18,8,0.4444444444444444,0.6,0
SCOPE_all_zh__mix_rel135_evt135,K1000_seed5_coverage__fuse_r0.6,train,fuse,1000,5,coverage,18,8,0.4444444444444444,0.6,0
SCOPE_all_zh__mix_rel135_evt135,K5000_seed1_random__fuse_r0.6,train,fuse,5000,1,random,18,8,0.4444444444444444,0.6,0
SCOPE_all_zh__mix_rel135_evt135,K5000_seed1_coverage__fuse_r0.6,train,fuse,5000,1,coverage,18,8,0.4444444444444444,0.6,0
SCOPE_all_zh__mix_rel135_evt135,K5000_seed2_random__fuse_r0.6,train,fuse,5000,2,random,18,8,0.4444444444444444,0.6,0
SCOPE_all_zh__mix_rel135_evt135,K5000_seed2_coverage__fuse_r0.6,train,fuse,5000,2,coverage,18,8,0.4444444444444444,0.6,0
SCOPE_all_zh__mix_rel135_evt135,K5000_seed3_random__fuse_r0.6,train,fuse,5000,3,random,18,8,0.4444444444444444,0.6,0
SCOPE_all_zh__mix_rel135_evt135,K5000_seed3_coverage__fuse_r0.3,train,fuse,5000,3,coverage,18,13,0.7222222222222222,0.3,0
SCOPE_all_zh__mix_rel135_evt135,K5000_seed4_random__fuse_r0.6,train,fuse,5000,4,random,18,8,0.4444444444444444,0.6,0
SCOPE_all_zh__mix_rel135_evt135,K5000_seed4_coverage__fuse_r0.6,train,fuse,5000,4,coverage,18,8,0.4444444444444444,0.6,0
SCOPE_all_zh__mix_rel135_evt135,K5000_seed5_random__fuse_r0.6,train,fuse,5000,5,random,18,8,0.4444444444444444,0.6,0
SCOPE_all_zh__mix_rel135_evt135,K5000_seed5_coverage__fuse_r0.6,train,fuse,5000,5,coverage,18,8,0.4444444444444444,0.6,0
SCOPE_all_zh__mix_rel136_evt136,K200_seed1_random__fuse_r0.3,train,fuse,200,1,random,28,22,0.7857142857142857,0.3,0
SCOPE_all_zh__mix_rel136_evt136,K200_seed1_coverage__fuse_r0.6,train,fuse,200,1,coverage,28,16,0.5714285714285714,0.6,0
SCOPE_all_zh__mix_rel136_evt136,K200_seed2_random__fuse_r0.6,train,fuse,200,2,random,28,11,0.39285714285714285,0.6,0
SCOPE_all_zh__mix_rel136_evt136,K200_seed2_coverage__fuse_r0.6,train,fuse,200,2,coverage,28,16,0.5714285714285714,0.6,0
SCOPE_all_zh__mix_rel136_evt136,K200_seed3_random__fuse_r0.6,train,fuse,200,3,random,28,15,0.5357142857142857,0.6,0
SCOPE_all_zh__mix_rel136_evt136,K200_seed3_coverage__fuse_r0.6,train,fuse,200,3,coverage,28,16,0.5714285714285714,0.6,0
SCOPE_all_zh__mix_rel136_evt136,K200_seed4_random__fuse_r0.3,train,fuse,200,4,random,28,20,0.7142857142857143,0.3,0
SCOPE_all_zh__mix_rel136_evt136,K200_seed4_coverage__fuse_r0.6,train,fuse,200,4,coverage,28,16,0.5714285714285714,0.6,0
SCOPE_all_zh__mix_rel136_evt136,K200_seed5_random__fuse_r0.6,train,fuse,200,5,random,28,13,0.4642857142857143,0.6,0
SCOPE_all_zh__mix_rel136_evt136,K200_seed5_coverage__fuse_r0.6,train,fuse,200,5,coverage,28,16,0.5714285714285714,0.6,0
SCOPE_all_zh__mix_rel136_evt136,K1000_seed1_random__fuse_r0.3,train,fuse,1000,1,random,28,23,0.8214285714285714,0.3,0
SCOPE_all_zh__mix_rel136_evt136,K1000_seed1_coverage__fuse_r0.6,train,fuse,1000,1,coverage,28,16,0.5714285714285714,0.6,0
SCOPE_all_zh__mix_rel136_evt136,K1000_seed2_random__fuse_r0.6,train,fuse,1000,2,random,28,16,0.5714285714285714,0.6,0
SCOPE_all_zh__mix_rel136_evt136,K1000_seed2_coverage__fuse_r0.3,train,fuse,1000,2,coverage,28,23,0.8214285714285714,0.3,0
SCOPE_all_zh__mix_rel136_evt136,K1000_seed3_random__fuse_r0.6,train,fuse,1000,3,random,28,16,0.5714285714285714,0.6,0
SCOPE_all_zh__mix_rel136_evt136,K1000_seed3_coverage__fuse_r0.6,train,fuse,1000,3,coverage,28,16,0.5714285714285714,0.6,0
SCOPE_all_zh__mix_rel136_evt136,K1000_seed4_random__fuse_r0.6,train,fuse,1000,4,random,28,16,0.5714285714285714,0.6,0
SCOPE_all_zh__mix_rel136_evt136,K1000_seed4_coverage__fuse_r0.6,train,fuse,1000,4,coverage,28,16,0.5714285714285714,0.6,0
SCOPE_all_zh__mix_rel136_evt136,K1000_seed5_random__fuse_r0.3,train,fuse,1000,5,random,28,21,0.75,0.3,0
SCOPE_all_zh__mix_rel136_evt136,K1000_seed5_coverage__fuse_r0.6,train,fuse,1000,5,coverage,28,16,0.5714285714285714,0.6,0
SCOPE_all_zh__mix_rel136_evt136,K5000_seed1_random__fuse_r0.6,train,fuse,5000,1,random,28,16,0.5714285714285714,0.6,0
SCOPE_all_zh__mix_rel136_evt136,K5000_seed1_coverage__fuse_r0.6,train,fuse,5000,1,coverage,28,16,0.5714285714285714,0.6,0
SCOPE_all_zh__mix_rel136_evt136,K5000_seed2_random__fuse_r0.3,train,fuse,5000,2,random,28,23,0.8214285714285714,0.3,0
SCOPE_all_zh__mix_rel136_evt136,K5000_seed2_coverage__fuse_r0.3,train,fuse,5000,2,coverage,28,23,0.8214285714285714,0.3,0
SCOPE_all_zh__mix_rel136_evt136,K5000_seed3_random__fuse_r0.3,train,fuse,5000,3,random,28,23,0.8214285714285714,0.3,0
SCOPE_all_zh__mix_rel136_evt136,K5000_seed3_coverage__fuse_r0.3,train,fuse,5000,3,coverage,28,23,0.8214285714285714,0.3,0
SCOPE_all_zh__mix_rel136_evt136,K5000_seed4_random__fuse_r0.6,train,fuse,5000,4,random,28,16,0.5714285714285714,0.6,0
SCOPE_all_zh__mix_rel136_evt136,K5000_seed4_coverage__fuse_r0.6,train,fuse,5000,4,coverage,28,16,0.5714285714285714,0.6,0
SCOPE_all_zh__mix_rel136_evt136,K5000_seed5_random__fuse_r0.6,train,fuse,5000,5,random,28,16,0.5714285714285714,0.6,0
SCOPE_all_zh__mix_rel136_evt136,K5000_seed5_coverage__fuse_r0.6,train,fuse,5000,5,coverage,28,16,0.5714285714285714,0.6,0
SCOPE_all_zh__mix_rel137_evt137,K200_seed1_random__fuse_r0.3,train,fuse,200,1,random,19,17,0.8947368421052632,0.3,0
SCOPE_all_zh__mix_rel137_evt137,K200_seed1_coverage__fuse_r0.6,train,fuse,200,1,coverage,19,13,0.6842105263157895,0.6,0
SCOPE_all_zh__mix_rel137_evt137,K200_seed2_random__fuse_r0.3,train,fuse,200,2,random,19,16,0.8421052631578947,0.3,0
SCOPE_all_zh__mix_rel137_evt137,K200_seed2_coverage__fuse_r0.3,train,fuse,200,2,coverage,19,17,0.8947368421052632,0.3,0
SCOPE_all_zh__mix_rel137_evt137,K200_seed3_random__fuse_r0.6,train,fuse,200,3,random,19,11,0.5789473684210527,0.6,0
SCOPE_all_zh__mix_rel137_evt137,K200_seed3_coverage__fuse_r0.6,train,fuse,200,3,coverage,19,13,0.6842105263157895,0.6,0
SCOPE_all_zh__mix_rel137_evt137,K200_seed4_random__fuse_r0.3,train,fuse,200,4,random,19,16,0.8421052631578947,0.3,0
SCOPE_all_zh__mix_rel137_evt137,K200_seed4_coverage__fuse_r0.3,train,fuse,200,4,coverage,19,17,0.8947368421052632,0.3,0
SCOPE_all_zh__mix_rel137_evt137,K200_seed5_random__fuse_r0.3,train,fuse,200,5,random,19,12,0.631578947368421,0.3,0
SCOPE_all_zh__mix_rel137_evt137,K200_seed5_coverage__fuse_r0.3,train,fuse,200,5,coverage,19,17,0.8947368421052632,0.3,0
SCOPE_all_zh__mix_rel137_evt137,K1000_seed1_random__fuse_r0.3,train,fuse,1000,1,random,19,17,0.8947368421052632,0.3,0
SCOPE_all_zh__mix_rel137_evt137,K1000_seed1_coverage__fuse_r0.6,train,fuse,1000,1,coverage,19,13,0.6842105263157895,0.6,0
SCOPE_all_zh__mix_rel137_evt137,K1000_seed2_random__fuse_r0.3,train,fuse,1000,2,random,19,17,0.8947368421052632,0.3,0
SCOPE_all_zh__mix_rel137_evt137,K1000_seed2_coverage__fuse_r0.6,train,fuse,1000,2,coverage,19,13,0.6842105263157895,0.6,0
SCOPE_all_zh__mix_rel137_evt137,K1000_seed3_random__fuse_r0.3,train,fuse,1000,3,random,19,17,0.8947368421052632,0.3,0
SCOPE_all_zh__mix_rel137_evt137,K1000_seed3_coverage__fuse_r0.6,train,fuse,1000,3,coverage,19,13,0.6842105263157895,0.6,0
SCOPE_all_zh__mix_rel137_evt137,K1000_seed4_random__fuse_r0.3,train,fuse,1000,4,random,19,17,0.8947368421052632,0.3,0
SCOPE_all_zh__mix_rel137_evt137,K1000_seed4_coverage__fuse_r0.3,train,fuse,1000,4,coverage,19,17,0.8947368421052632,0.3,0
SCOPE_all_zh__mix_rel137_evt137,K1000_seed5_random__fuse_r0.3,train,fuse,1000,5,random,19,16,0.8421052631578947,0.3,0
SCOPE_all_zh__mix_rel137_evt137,K1000_seed5_coverage__fuse_r0.3,train,fuse,1000,5,coverage,19,17,0.8947368421052632,0.3,0
SCOPE_all_zh__mix_rel137_evt137,K5000_seed1_random__fuse_r0.6,train,fuse,5000,1,random,19,13,0.6842105263157895,0.6,0
SCOPE_all_zh__mix_rel137_evt137,K5000_seed1_coverage__fuse_r0.3,train,fuse,5000,1,coverage,19,17,0.8947368421052632,0.3,0
SCOPE_all_zh__mix_rel137_evt137,K5000_seed2_random__fuse_r0.3,train,fuse,5000,2,random,19,17,0.8947368421052632,0.3,0
SCOPE_all_zh__mix_rel137_evt137,K5000_seed2_coverage__fuse_r0.6,train,fuse,5000,2,coverage,19,13,0.6842105263157895,0.6,0
SCOPE_all_zh__mix_rel137_evt137,K5000_seed3_random__fuse_r0.3,train,fuse,5000,3,random,19,17,0.8947368421052632,0.3,0
SCOPE_all_zh__mix_rel137_evt137,K5000_seed3_coverage__fuse_r0.3,train,fuse,5000,3,coverage,19,17,0.8947368421052632,0.3,0
SCOPE_all_zh__mix_rel137_evt137,K5000_seed4_random__fuse_r0.6,train,fuse,5000,4,random,19,13,0.6842105263157895,0.6,0
SCOPE_all_zh__mix_rel137_evt137,K5000_seed4_coverage__fuse_r0.3,train,fuse,5000,4,coverage,19,17,0.8947368421052632,0.3,0
SCOPE_all_zh__mix_rel137_evt137,K5000_seed5_random__fuse_r0.3,train,fuse,5000,5,random,19,17,0.8947368421052632,0.3,0
SCOPE_all_zh__mix_rel137_evt137,K5000_seed5_coverage__fuse_r0.3,train,fuse,5000,5,coverage,19,17,0.8947368421052632,0.3,0
SCOPE_all_zh__mix_rel138_evt138,K200_seed1_random__fuse_r0.3,train,fuse,200,1,random,29,19,0.6551724137931034,0.3,0
SCOPE_all_zh__mix_rel138_evt138,K200_seed1_coverage__fuse_r0.3,train,fuse,200,1,coverage,29,24,0.8275862068965517,0.3,0
SCOPE_all_zh__mix_rel138_evt138,K200_seed2_random__fuse_r0.3,train,fuse,200,2,random,29,18,0.6206896551724138,0.3,0
SCOPE_all_zh__mix_rel138_evt138,K200_seed2_coverage__fuse_r0.6,train,fuse,200,2,coverage,29,17,0.5862068965517241,0.6,0
SCOPE_all_zh__mix_rel138_evt138,K200_seed3_random__fuse_r0.6,train,fuse,200,3,random,29,16,0.5517241379310345,0.6,0
SCOPE_all_zh__mix_rel138_evt138,K200_seed3_coverage__fuse_r0.3,train,fuse,200,3,coverage,29,24,0.8275862068965517,0.3,0
SCOPE_all_zh__mix_rel138_evt138,K200_seed4_random__fuse_r0.6,train,fuse,200,4,random,29,13,0.4482758620689655,0.6,0
SCOPE_all_zh__mix_rel138_evt138,K200_seed4_coverage__fuse_r0.6,train,fuse,200,4,coverage,29,17,0.5862068965517241,0.6,0
SCOPE_all_zh__mix_rel138_evt138,K200_seed5_random__fuse_r0.6,train,fuse,200,5,random,29,13,0.4482758620689655,0.6,0
SCOPE_all_zh__mix_rel138_evt138,K200_seed5_coverage__fuse_r0.3,train,fuse,200,5,coverage,29,24,0.8275862068965517,0.3,0
SCOPE_all_zh__mix_rel138_evt138,K1000_seed1_random__fuse_r0.3,train,fuse,1000,1,random,29,24,0.8275862068965517,0.3,0
SCOPE_all_zh__mix_rel138_evt138,K1000_seed1_coverage__fuse_r0.3,train,fuse,1000,1,coverage,29,24,0.8275862068965517,0.3,0
SCOPE_all_zh__mix_rel138_evt138,K1000_seed2_random__fuse_r0.3,train,fuse,1000,2,random,29,22,0.7586206896551724,0.3,0
SCOPE_all_zh__mix_rel138_evt138,K1000_seed2_coverage__fuse_r0.3,train,fuse,1000,2,coverage,29,24,0.8275862068965517,0.3,0
SCOPE_all_zh__mix_rel138_evt138,K1000_seed3_random__fuse_r0.3,train,fuse,1000,3,random,29,22,0.7586206896551724,0.3,0
SCOPE_all_zh__mix_rel138_evt138,K1000_seed3_coverage__fuse_r0.3,train,fuse,1000,3,coverage,29,24,0.8275862068965517,0.3,0
SCOPE_all_zh__mix_rel138_evt138,K1000_seed4_random__fuse_r0.6,train,fuse,1000,4,random,29,16,0.5517241379310345,0.6,0
SCOPE_all_zh__mix_rel138_evt138,K1000_seed4_coverage__fuse_r0.3,train,fuse,1000,4,coverage,29,24,0.8275862068965517,0.3,0
SCOPE_all_zh__mix_rel138_evt138,K1000_seed5_random__fuse_r0.6,train,fuse,1000,5,random,29,16,0.5517241379310345,0.6,0
SCOPE_all_zh__mix_rel138_evt138,K1000_seed5_coverage__fuse_r0.3,train,fuse,1000,5,coverage,29,24,0.8275862068965517,0.3,0
SCOPE_all_zh__mix_rel138_evt138,K5000_seed1_random__fuse_r0.6,train,fuse,5000,1,random,29,17,0.5862068965517241,0.6,0
SCOPE_all_zh__mix_rel138_evt138,K5000_seed1_coverage__fuse_r0.3,train,fuse,5000,1,coverage,29,24,0.8275862068965517,0.3,0
SCOPE_all_zh__mix_rel138_evt138,K5000_seed2_random__fuse_r0.6,train,fuse,5000,2,random,29,17,0.5862068965517241,0.6,0
SCOPE_all_zh__mix_rel138_evt138,K5000_seed2_coverage__fuse_r0.6,train,fuse,5000,2,coverage,29,17,0.5862068965517241,0.6,0
SCOPE_all_zh__mix_rel138_evt138,K5000_seed3_random__fuse_r0.3,train,fuse,5000,3,random,29,24,0.8275862068965517,0.3,0
SCOPE_all_zh__mix_rel138_evt138,K5000_seed3_coverage__fuse_r0.6,train,fuse,5000,3,coverage,29,17,0.5862068965517241,0.6,0
SCOPE_all_zh__mix_rel138_evt138,K5000_seed4_random__fuse_r0.6,train,fuse,5000,4,random,29,17,0.5862068965517241,0.6,0
SCOPE_all_zh__mix_rel138_evt138,K5000_seed4_coverage__fuse_r0.6,train,fuse,5000,4,coverage,29,17,0.5862068965517241,0.6,0
SCOPE_all_zh__mix_rel138_evt138,K5000_seed5_random__fuse_r0.3,train,fuse,5000,5,random,29,23,0.7931034482758621,0.3,0
SCOPE_all_zh__mix_rel138_evt138,K5000_seed5_coverage__fuse_r0.6,train,fuse,5000,5,coverage,29,17,0.5862068965517241,0.6,0
SCOPE_all_en__mix_rel139_evt139,K200_seed1_random__fuse_r0.6,train,fuse,200,1,random,35,17,0.4857142857142857,0.6,0
SCOPE_all_en__mix_rel139_evt139,K200_seed1_coverage__fuse_r0.3,train,fuse,200,1,coverage,35,27,0.7714285714285715,0.3,0
SCOPE_all_en__mix_rel139_evt139,K200_seed2_random__fuse_r0.6,train,fuse,200,2,random,35,16,0.45714285714285713,0.6,0
SCOPE_all_en__mix_rel139_evt139,K200_seed2_coverage__fuse_r0.6,train,fuse,200,2,coverage,35,18,0.5142857142857142,0.6,0
SCOPE_all_en__mix_rel139_evt139,K200_seed3_random__fuse_r0.3,train,fuse,200,3,random,35,24,0.6857142857142857,0.3,0
SCOPE_all_en__mix_rel139_evt139,K200_seed3_coverage__fuse_r0.3,train,fuse,200,3,coverage,35,27,0.7714285714285715,0.3,0
SCOPE_all_en__mix_rel139_evt139,K200_seed4_random__fuse_r0.3,train,fuse,200,4,random,35,21,0.6,0.3,0
SCOPE_all_en__mix_rel139_evt139,K200_seed4_coverage__fuse_r0.6,train,fuse,200,4,coverage,35,18,0.5142857142857142,0.6,0
SCOPE_all_en__mix_rel139_evt139,K200_seed5_random__fuse_r0.3,train,fuse,200,5,random,35,23,0.6571428571428571,0.3,0
SCOPE_all_en__mix_rel139_evt139,K200_seed5_coverage__fuse_r0.3,train,fuse,200,5,coverage,35,27,0.7714285714285715,0.3,0
SCOPE_all_en__mix_rel139_evt139,K1000_seed1_random__fuse_r0.6,train,fuse,1000,1,random,35,17,0.4857142857142857,0.6,0
SCOPE_all_en__mix_rel139_evt139,K1000_seed1_coverage__fuse_r0.3,train,fuse,1000,1,coverage,35,27,0.7714285714285715,0.3,0
SCOPE_all_en__mix_rel139_evt139,K1000_seed2_random__fuse_r0.3,train,fuse,1000,2,random,35,26,0.7428571428571429,0.3,0
SCOPE_all_en__mix_rel139_evt139,K1000_seed2_coverage__fuse_r0.6,train,fuse,1000,2,coverage,35,18,0.5142857142857142,0.6,0
SCOPE_all_en__mix_rel139_evt139,K1000_seed3_random__fuse_r0.6,train,fuse,1000,3,random,35,18,0.5142857142857142,0.6,0
SCOPE_all_en__mix_rel139_evt139,K1000_seed3_coverage__fuse_r0.6,train,fuse,1000,3,coverage,35,18,0.5142857142857142,0.6,0
SCOPE_all_en__mix_rel139_evt139,K1000_seed4_random__fuse_r0.6,train,fuse,1000,4,random,35,18,0.5142857142857142,0.6,0
SCOPE_all_en__mix_rel139_evt139,K1000_seed4_coverage__fuse_r0.3,train,fuse,1000,4,coverage,35,27,0.7714285714285715,0.3,0
SCOPE_all_en__mix_rel139_evt139,K1000_seed5_random__fuse_r0.3,train,fuse,1000,5,random,35,25,0.7142857142857143,0.3,0
SCOPE_all_en__mix_rel139_evt139,K1000_seed5_coverage__fuse_r0.6,train,fuse,1000,5,coverage,35,18,0.5142857142857142,0.6,0
SCOPE_all_en__mix_rel139_evt139,K5000_seed1_random__fuse_r0.3,train,fuse,5000,1,random,35,26,0.7428571428571429,0.3,0
SCOPE_all_en__mix_rel139_evt139,K5000_seed1_coverage__fuse_r0.3,train,fuse,5000,1,coverage,35,27,0.7714285714285715,0.3,0
SCOPE_all_en__mix_rel139_evt139,K5000_seed2_random__fuse_r0.3,train,fuse,5000,2,random,35,27,0.7714285714285715,0.3,0
SCOPE_all_en__mix_rel139_evt139,K5000_seed2_coverage__fuse_r0.6,train,fuse,5000,2,coverage,35,18,0.5142857142857142,0.6,0
SCOPE_all_en__mix_rel139_evt139,K5000_seed3_random__fuse_r0.3,train,fuse,5000,3,random,35,27,0.7714285714285715,0.3,0
SCOPE_all_en__mix_rel139_evt139,K5000_seed3_coverage__fuse_r0.6,train,fuse,5000,3,coverage,35,18,0.5142857142857142,0.6,0
SCOPE_all_en__mix_rel139_evt139,K5000_seed4_random__fuse_r0.6,train,fuse,5000,4,random,35,18,0.5142857142857142,0.6,0
SCOPE_all_en__mix_rel139_evt139,K5000_seed4_coverage__fuse_r0.3,train,fuse,5000,4,coverage,35,27,0.7714285714285715,0.3,0
SCOPE_all_en__mix_rel139_evt139,K5000_seed5_random__fuse_r0.3,train,fuse,5000,5,random,35,27,0.7714285714285715,0.3,0
SCOPE_all_en__mix_rel139_evt139,K5000_seed5_coverage__fuse_r0.6,train,fuse,5000,5,coverage,35,18,0.5142857142857142,0.6,0
SCOPE_all_zh__mix_rel140_evt140,K200_seed1_random__fuse_r0.3,train,fuse,200,1,random,14,12,0.8571428571428571,0.3,0
SCOPE_all_zh__mix_rel140_evt140,K200_seed1_coverage__fuse_r0.3,train,fuse,200,1,coverage,14,13,0.9285714285714286,0.3,0
SCOPE_all_zh__mix_rel140_evt140,K200_seed2_random__fuse_r0.3,train,fuse,200,2,random,14,12,0.8571428571428571,0.3,0
SCOPE_all_zh__mix_rel140_evt140,K200_seed2_coverage__fuse_r0.6,train,fuse,200,2,coverage,14,11,0.7857142857142857,0.6,0
SCOPE_all_zh__mix_rel140_evt140,K200_seed3_random__fuse_r0.3,train,fuse,200,3,random,14,12,0.8571428571428571,0.3,0
SCOPE_all_zh__mix_rel140_evt140,K200_seed3_coverage__fuse_r0.6,train,fuse,200,3,coverage,14,11,0.7857142857142857,0.6,0
SCOPE_all_zh__mix_rel140_evt140,K200_seed4_random__fuse_r0.3,train,fuse,200,4,random,14,12,0.8571428571428571,0.3,0
SCOPE_all_zh__mix_rel140_evt140,K200_seed4_coverage__fuse_r0.3,train,fuse,200,4,coverage,14,13,0.9285714285714286,0.3,0
SCOPE_all_zh__mix_rel140_evt140,K200_seed5_random__fuse_r0.6,train,fuse,200,5,random,14,10,0.7142857142857143,0.6,0
SCOPE_all_zh__mix_rel140_evt140,K200_seed5_coverage__fuse_r0.3,train,fuse,200,5,coverage,14,13,0.9285714285714286,0.3,0
SCOPE_all_zh__mix_rel140_evt140,K1000_seed1_random__fuse_r0.6,train,fuse,1000,1,random,14,10,0.7142857142857143,0.6,0
SCOPE_all_zh__mix_rel140_evt140,K1000_seed1_coverage__fuse_r0.6,train,fuse,1000,1,coverage,14,11,0.7857142857142857,0.6,0
SCOPE_all_zh__mix_rel140_evt140,K1000_seed2_random__fuse_r0.3,train,fuse,1000,2,random,14,12,0.8571428571428571,0.3,0
SCOPE_all_zh__mix_rel140_evt140,K1000_seed2_coverage__fuse_r0.6,train,fuse,1000,2,coverage,14,11,0.7857142857142857,0.6,0
SCOPE_all_zh__mix_rel140_evt140,K1000_seed3_random__fuse_r0.3,train,fuse,1000,3,random,14,12,0.8571428571428571,0.3,0
SCOPE_all_zh__mix_rel140_evt140,K1000_seed3_coverage__fuse_r0.6,train,fuse,1000,3,coverage,14,11,0.7857142857142857,0.6,0
SCOPE_all_zh__mix_rel140_evt140,K1000_seed4_random__fuse_r0.3,train,fuse,1000,4,random,14,12,0.8571428571428571,0.3,0
SCOPE_all_zh__mix_rel140_evt140,K1000_seed4_coverage__fuse_r0.6,train,fuse,1000,4,coverage,14,11,0.7857142857142857,0.6,0
SCOPE_all_zh__mix_rel140_evt140,K1000_seed5_random__fuse_r0.3,train,fuse,1000,5,random,14,12,0.8571428571428571,0.3,0
SCOPE_all_zh__mix_rel140_evt140,K1000_seed5_coverage__fuse_r0.6,train,fuse,1000,5,coverage,14,11,0.7857142857142857,0.6,0
SCOPE_all_zh__mix_rel140_evt140,K5000_seed1_random__fuse_r0.3,train,fuse,5000,1,random,14,12,0.8571428571428571,0.3,0
SCOPE_all_zh__mix_rel140_evt140,K5000_seed1_coverage__fuse_r0.3,train,fuse,5000,1,coverage,14,13,0.9285714285714286,0.3,0
SCOPE_all_zh__mix_rel140_evt140,K5000_seed2_random__fuse_r0.6,train,fuse,5000,2,random,14,10,0.7142857142857143,0.6,0
SCOPE_all_zh__mix_rel140_evt140,K5000_seed2_coverage__fuse_r0.6,train,fuse,5000,2,coverage,14,11,0.7857142857142857,0.6,0
SCOPE_all_zh__mix_rel140_evt140,K5000_seed3_random__fuse_r0.3,train,fuse,5000,3,random,14,12,0.8571428571428571,0.3,0
SCOPE_all_zh__mix_rel140_evt140,K5000_seed3_coverage__fuse_r0.6,train,fuse,5000,3,coverage,14,11,0.7857142857142857,0.6,0
SCOPE_all_zh__mix_rel140_evt140,K5000_seed4_random__fuse_r0.6,train,fuse,5000,4,random,14,11,0.7857142857142857,0.6,0
SCOPE_all_zh__mix_rel140_evt140,K5000_seed4_coverage__fuse_r0.6,train,fuse,5000,4,coverage,14,11,0.7857142857142857,0.6,0
SCOPE_all_zh__mix_rel140_evt140,K5000_seed5_random__fuse_r0.3,train,fuse,5000,5,random,14,13,0.9285714285714286,0.3,0
SCOPE_all_zh__mix_rel140_evt140,K5000_seed5_coverage__fuse_r0.3,train,fuse,5000,5,coverage,14,13,0.9285714285714286,0.3,0
SCOPE_all_zh__mix_rel141_evt141,K200_seed1_random__fuse_r0.3,train,fuse,200,1,random,16,15,0.9375,0.3,0
SCOPE_all_zh__mix_rel141_evt141,K200_seed1_coverage__fuse_r0.6,train,fuse,200,1,coverage,16,11,0.6875,0.6,0
SCOPE_all_zh__mix_rel141_evt141,K200_seed2_random__fuse_r0.3,train,fuse,200,2,random,16,15,0.9375,0.3,0
SCOPE_all_zh__mix_rel141_evt141,K200_seed2_coverage__fuse_r0.3,train,fuse,200,2,coverage,16,15,0.9375,0.3,0
SCOPE_all_zh__mix_rel141_evt141,K200_seed3_random__fuse_r0.6,train,fuse,200,3,random,16,11,0.6875,0.6,0
SCOPE_all_zh__mix_rel141_evt141,K200_seed3_coverage__fuse_r0.6,train,fuse,200,3,coverage,16,11,0.6875,0.6,0
SCOPE_all_zh__mix_rel141_evt141,K200_seed4_random__fuse_r0.6,train,fuse,200,4,random,16,11,0.6875,0.6,0
SCOPE_all_zh__mix_rel141_evt141,K200_seed4_coverage__fuse_r0.6,train,fuse,200,4,coverage,16,11,0.6875,0.6,0
SCOPE_all_zh__mix_rel141_evt141,K200_seed5_random__fuse_r0.6,train,fuse,200,5,random,16,11,0.6875,0.6,0
SCOPE_all_zh__mix_rel141_evt141,K200_seed5_coverage__fuse_r0.6,train,fuse,200,5,coverage,16,11,0.6875,0.6,0
SCOPE_all_zh__mix_rel141_evt141,K1000_seed1_random__fuse_r0.3,train,fuse,1000,1,random,16,15,0.9375,0.3,0
SCOPE_all_zh__mix_rel141_evt141,K1000_seed1_coverage__fuse_r0.6,train,fuse,1000,1,coverage,16,11,0.6875,0.6,0
SCOPE_all_zh__mix_rel141_evt141,K1000_seed2_random__fuse_r0.6,train,fuse,1000,2,random,16,11,0.6875,0.6,0
SCOPE_all_zh__mix_rel141_evt141,K1000_seed2_coverage__fuse_r0.3,train,fuse,1000,2,coverage,16,15,0.9375,0.3,0
SCOPE_all_zh__mix_rel141_evt141,K1000_seed3_random__fuse_r0.3,train,fuse,1000,3,random,16,15,0.9375,0.3,0
SCOPE_all_zh__mix_rel141_evt141,K1000_seed3_coverage__fuse_r0.6,train,fuse,1000,3,coverage,16,11,0.6875,0.6,0
SCOPE_all_zh__mix_rel141_evt141,K1000_seed4_random__fuse_r0.3,train,fuse,1000,4,random,16,15,0.9375,0.3,0
SCOPE_all_zh__mix_rel141_evt141,K1000_seed4_coverage__fuse_r0.6,train,fuse,1000,4,coverage,16,11,0.6875,0.6,0
SCOPE_all_zh__mix_rel141_evt141,K1000_seed5_random__fuse_r0.3,train,fuse,1000,5,random,16,15,0.9375,0.3,0
SCOPE_all_zh__mix_rel141_evt141,K1000_seed5_coverage__fuse_r0.3,train,fuse,1000,5,coverage,16,15,0.9375,0.3,0
SCOPE_all_zh__mix_rel141_evt141,K5000_seed1_random__fuse_r0.6,train,fuse,5000,1,random,16,11,0.6875,0.6,0
SCOPE_all_zh__mix_rel141_evt141,K5000_seed1_coverage__fuse_r0.3,train,fuse,5000,1,coverage,16,15,0.9375,0.3,0
SCOPE_all_zh__mix_rel141_evt141,K5000_seed2_random__fuse_r0.3,train,fuse,5000,2,random,16,15,0.9375,0.3,0
SCOPE_all_zh__mix_rel141_evt141,K5000_seed2_coverage__fuse_r0.3,train,fuse,5000,2,coverage,16,15,0.9375,0.3,0
SCOPE_all_zh__mix_rel141_evt141,K5000_seed3_random__fuse_r0.3,train,fuse,5000,3,random,16,15,0.9375,0.3,0
SCOPE_all_zh__mix_rel141_evt141,K5000_seed3_coverage__fuse_r0.6,train,fuse,5000,3,coverage,16,11,0.6875,0.6,0
SCOPE_all_zh__mix_rel141_evt141,K5000_seed4_random__fuse_r0.6,train,fuse,5000,4,random,16,11,0.6875,0.6,0
SCOPE_all_zh__mix_rel141_evt141,K5000_seed4_coverage__fuse_r0.6,train,fuse,5000,4,coverage,16,11,0.6875,0.6,0
SCOPE_all_zh__mix_rel141_evt141,K5000_seed5_random__fuse_r0.6,train,fuse,5000,5,random,16,11,0.6875,0.6,0
SCOPE_all_zh__mix_rel141_evt141,K5000_seed5_coverage__fuse_r0.6,train,fuse,5000,5,coverage,16,11,0.6875,0.6,0
SCOPE_all_zh__mix_rel142_evt142,K200_seed1_random__fuse_r0.3,train,fuse,200,1,random,18,17,0.9444444444444444,0.3,0
SCOPE_all_zh__mix_rel142_evt142,K200_seed1_coverage__fuse_r0.6,train,fuse,200,1,coverage,18,12,0.6666666666666666,0.6,0
SCOPE_all_zh__mix_rel142_evt142,K200_seed2_random__fuse_r0.3,train,fuse,200,2,random,18,17,0.9444444444444444,0.3,0
SCOPE_all_zh__mix_rel142_evt142,K200_seed2_coverage__fuse_r0.3,train,fuse,200,2,coverage,18,17,0.9444444444444444,0.3,0
SCOPE_all_zh__mix_rel142_evt142,K200_seed3_random__fuse_r0.6,train,fuse,200,3,random,18,12,0.6666666666666666,0.6,0
SCOPE_all_zh__mix_rel142_evt142,K200_seed3_coverage__fuse_r0.3,train,fuse,200,3,coverage,18,17,0.9444444444444444,0.3,0
SCOPE_all_zh__mix_rel142_evt142,K200_seed4_random__fuse_r0.6,train,fuse,200,4,random,18,11,0.6111111111111112,0.6,0
SCOPE_all_zh__mix_rel142_evt142,K200_seed4_coverage__fuse_r0.6,train,fuse,200,4,coverage,18,12,0.6666666666666666,0.6,0
SCOPE_all_zh__mix_rel142_evt142,K200_seed5_random__fuse_r0.6,train,fuse,200,5,random,18,12,0.6666666666666666,0.6,0
SCOPE_all_zh__mix_rel142_evt142,K200_seed5_coverage__fuse_r0.6,train,fuse,200,5,coverage,18,12,0.6666666666666666,0.6,0
SCOPE_all_zh__mix_rel142_evt142,K1000_seed1_random__fuse_r0.3,train,fuse,1000,1,random,18,17,0.9444444444444444,0.3,0
SCOPE_all_zh__mix_rel142_evt142,K1000_seed1_coverage__fuse_r0.6,train,fuse,1000,1,coverage,18,12,0.6666666666666666,0.6,0
SCOPE_all_zh__mix_rel142_evt142,K1000_seed2_random__fuse_r0.3,train,fuse,1000,2,random,18,17,0.9444444444444444,0.3,0
SCOPE_all_zh__mix_rel142_evt142,K1000_seed2_coverage__fuse_r0.3,train,fuse,1000,2,coverage,18,17,0.9444444444444444,0.3,0
SCOPE_all_zh__mix_rel142_evt142,K1000_seed3_random__fuse_r0.3,train,fuse,1000,3,random,18,17,0.9444444444444444,0.3,0
SCOPE_all_zh__mix_rel142_evt142,K1000_seed3_coverage__fuse_r0.6,train,fuse,1000,3,coverage,18,12,0.6666666666666666,0.6,0
SCOPE_all_zh__mix_rel142_evt142,K1000_seed4_random__fuse_r0.6,train,fuse,1000,4,random,18,12,0.6666666666666666,0.6,0
SCOPE_all_zh__mix_rel142_evt142,K1000_seed4_coverage__fuse_r0.6,train,fuse,1000,4,coverage,18,12,0.6666666666666666,0.6,0
SCOPE_all_zh__mix_rel142_evt142,K1000_seed5_random__fuse_r0.3,train,fuse,1000,5,random,18,17,0.9444444444444444,0.3,0
SCOPE_all_zh__mix_rel142_evt142,K1000_seed5_coverage__fuse_r0.6,train,fuse,1000,5,coverage,18,12,0.6666666666666666,0.6,0
SCOPE_all_zh__mix_rel142_evt142,K5000_seed1_random__fuse_r0.3,train,fuse,5000,1,random,18,17,0.9444444444444444,0.3,0
SCOPE_all_zh__mix_rel142_evt142,K5000_seed1_coverage__fuse_r0.6,train,fuse,5000,1,coverage,18,12,0.6666666666666666,0.6,0
SCOPE_all_zh__mix_rel142_evt142,K5000_seed2_random__fuse_r0.3,train,fuse,5000,2,random,18,17,0.9444444444444444,0.3,0
SCOPE_all_zh__mix_rel142_evt142,K5000_seed2_coverage__fuse_r0.3,train,fuse,5000,2,coverage,18,17,0.9444444444444444,0.3,0
SCOPE_all_zh__mix_rel142_evt142,K5000_seed3_random__fuse_r0.6,train,fuse,5000,3,random,18,12,0.6666666666666666,0.6,0
SCOPE_all_zh__mix_rel142_evt142,K5000_seed3_coverage__fuse_r0.3,train,fuse,5000,3,coverage,18,17,0.9444444444444444,0.3,0
SCOPE_all_zh__mix_rel142_evt142,K5000_seed4_random__fuse_r0.3,train,fuse,5000,4,random,18,17,0.9444444444444444,0.3,0
SCOPE_all_zh__mix_rel142_evt142,K5000_seed4_coverage__fuse_r0.3,train,fuse,5000,4,coverage,18,17,0.9444444444444444,0.3,0
SCOPE_all_zh__mix_rel142_evt142,K5000_seed5_random__fuse_r0.3,train,fuse,5000,5,random,18,17,0.9444444444444444,0.3,0
SCOPE_all_zh__mix_rel142_evt142,K5000_seed5_coverage__fuse_r0.3,train,fuse,5000,5,coverage,18,17,0.9444444444444444,0.3,0
SCOPE_all_zh__mix_rel143_evt143,K200_seed1_random__fuse_r0.6,train,fuse,200,1,random,22,13,0.5909090909090909,0.6,0
SCOPE_all_zh__mix_rel143_evt143,K200_seed1_coverage__fuse_r0.3,train,fuse,200,1,coverage,22,19,0.8636363636363636,0.3,0
SCOPE_all_zh__mix_rel143_evt143,K200_seed2_random__fuse_r0.6,train,fuse,200,2,random,22,14,0.6363636363636364,0.6,0
SCOPE_all_zh__mix_rel143_evt143,K200_seed2_coverage__fuse_r0.6,train,fuse,200,2,coverage,22,14,0.6363636363636364,0.6,0
SCOPE_all_zh__mix_rel143_evt143,K200_seed3_random__fuse_r0.6,train,fuse,200,3,random,22,14,0.6363636363636364,0.6,0
SCOPE_all_zh__mix_rel143_evt143,K200_seed3_coverage__fuse_r0.3,train,fuse,200,3,coverage,22,19,0.8636363636363636,0.3,0
SCOPE_all_zh__mix_rel143_evt143,K200_seed4_random__fuse_r0.3,train,fuse,200,4,random,22,17,0.7727272727272727,0.3,0
SCOPE_all_zh__mix_rel143_evt143,K200_seed4_coverage__fuse_r0.6,train,fuse,200,4,coverage,22,14,0.6363636363636364,0.6,0
SCOPE_all_zh__mix_rel143_evt143,K200_seed5_random__fuse_r0.3,train,fuse,200,5,random,22,19,0.8636363636363636,0.3,0
SCOPE_all_zh__mix_rel143_evt143,K200_seed5_coverage__fuse_r0.3,train,fuse,200,5,coverage,22,19,0.8636363636363636,0.3,0
SCOPE_all_zh__mix_rel143_evt143,K1000_seed1_random__fuse_r0.6,train,fuse,1000,1,random,22,14,0.6363636363636364,0.6,0
SCOPE_all_zh__mix_rel143_evt143,K1000_seed1_coverage__fuse_r0.6,train,fuse,1000,1,coverage,22,14,0.6363636363636364,0.6,0
SCOPE_all_zh__mix_rel143_evt143,K1000_seed2_random__fuse_r0.6,train,fuse,1000,2,random,22,14,0.6363636363636364,0.6,0
SCOPE_all_zh__mix_rel143_evt143,K1000_seed2_coverage__fuse_r0.6,train,fuse,1000,2,coverage,22,14,0.6363636363636364,0.6,0
SCOPE_all_zh__mix_rel143_evt143,K1000_seed3_random__fuse_r0.6,train,fuse,1000,3,random,22,14,0.6363636363636364,0.6,0
SCOPE_all_zh__mix_rel143_evt143,K1000_seed3_coverage__fuse_r0.6,train,fuse,1000,3,coverage,22,14,0.6363636363636364,0.6,0
SCOPE_all_zh__mix_rel143_evt143,K1000_seed4_random__fuse_r0.6,train,fuse,1000,4,random,22,14,0.6363636363636364,0.6,0
SCOPE_all_zh__mix_rel143_evt143,K1000_seed4_coverage__fuse_r0.3,train,fuse,1000,4,coverage,22,19,0.8636363636363636,0.3,0
SCOPE_all_zh__mix_rel143_evt143,K1000_seed5_random__fuse_r0.3,train,fuse,1000,5,random,22,19,0.8636363636363636,0.3,0
SCOPE_all_zh__mix_rel143_evt143,K1000_seed5_coverage__fuse_r0.6,train,fuse,1000,5,coverage,22,14,0.6363636363636364,0.6,0
SCOPE_all_zh__mix_rel143_evt143,K5000_seed1_random__fuse_r0.3,train,fuse,5000,1,random,22,19,0.8636363636363636,0.3,0
SCOPE_all_zh__mix_rel143_evt143,K5000_seed1_coverage__fuse_r0.3,train,fuse,5000,1,coverage,22,19,0.8636363636363636,0.3,0
SCOPE_all_zh__mix_rel143_evt143,K5000_seed2_random__fuse_r0.6,train,fuse,5000,2,random,22,14,0.6363636363636364,0.6,0
SCOPE_all_zh__mix_rel143_evt143,K5000_seed2_coverage__fuse_r0.6,train,fuse,5000,2,coverage,22,14,0.6363636363636364,0.6,0
SCOPE_all_zh__mix_rel143_evt143,K5000_seed3_random__fuse_r0.3,train,fuse,5000,3,random,22,19,0.8636363636363636,0.3,0
SCOPE_all_zh__mix_rel143_evt143,K5000_seed3_coverage__fuse_r0.6,train,fuse,5000,3,coverage,22,14,0.6363636363636364,0.6,0
SCOPE_all_zh__mix_rel143_evt143,K5000_seed4_random__fuse_r0.3,train,fuse,5000,4,random,22,19,0.8636363636363636,0.3,0
SCOPE_all_zh__mix_rel143_evt143,K5000_seed4_coverage__fuse_r0.3,train,fuse,5000,4,coverage,22,19,0.8636363636363636,0.3,0
SCOPE_all_zh__mix_rel143_evt143,K5000_seed5_random__fuse_r0.6,train,fuse,5000,5,random,22,14,0.6363636363636364,0.6,0
SCOPE_all_zh__mix_rel143_evt143,K5000_seed5_coverage__fuse_r0.6,train,fuse,5000,5,coverage,22,14,0.6363636363636364,0.6,0
SCOPE_all_zh__mix_rel144_evt144,K200_seed1_random__fuse_r0.3,train,fuse,200,1,random,21,17,0.8095238095238095,0.3,0
SCOPE_all_zh__mix_rel144_evt144,K200_seed1_coverage__fuse_r0.3,train,fuse,200,1,coverage,21,21,1.0,0.3,0
SCOPE_all_zh__mix_rel144_evt144,K200_seed2_random__fuse_r0.3,train,fuse,200,2,random,21,17,0.8095238095238095,0.3,0
SCOPE_all_zh__mix_rel144_evt144,K200_seed2_coverage__fuse_r0.6,train,fuse,200,2,coverage,21,16,0.7619047619047619,0.6,0
SCOPE_all_zh__mix_rel144_evt144,K200_seed3_random__fuse_r0.3,train,fuse,200,3,random,21,19,0.9047619047619048,0.3,0
SCOPE_all_zh__mix_rel144_evt144,K200_seed3_coverage__fuse_r0.6,train,fuse,200,3,coverage,21,16,0.7619047619047619,0.6,0
SCOPE_all_zh__mix_rel144_evt144,K200_seed4_random__fuse_r0.3,train,fuse,200,4,random,21,15,0.7142857142857143,0.3,0
SCOPE_all_zh__mix_rel144_evt144,K200_seed4_coverage__fuse_r0.3,train,fuse,200,4,coverage,21,21,1.0,0.3,0
SCOPE_all_zh__mix_rel144_evt144,K200_seed5_random__fuse_r0.6,train,fuse,200,5,random,21,11,0.5238095238095238,0.6,0
SCOPE_all_zh__mix_rel144_evt144,K200_seed5_coverage__fuse_r0.6,train,fuse,200,5,coverage,21,16,0.7619047619047619,0.6,0
SCOPE_all_zh__mix_rel144_evt144,K1000_seed1_random__fuse_r0.3,train,fuse,1000,1,random,21,20,0.9523809523809523,0.3,0
SCOPE_all_zh__mix_rel144_evt144,K1000_seed1_coverage__fuse_r0.3,train,fuse,1000,1,coverage,21,21,1.0,0.3,0
SCOPE_all_zh__mix_rel144_evt144,K1000_seed2_random__fuse_r0.6,train,fuse,1000,2,random,21,15,0.7142857142857143,0.6,0
SCOPE_all_zh__mix_rel144_evt144,K1000_seed2_coverage__fuse_r0.6,train,fuse,1000,2,coverage,21,16,0.7619047619047619,0.6,0
SCOPE_all_zh__mix_rel144_evt144,K1000_seed3_random__fuse_r0.3,train,fuse,1000,3,random,21,20,0.9523809523809523,0.3,0
SCOPE_all_zh__mix_rel144_evt144,K1000_seed3_coverage__fuse_r0.6,train,fuse,1000,3,coverage,21,16,0.7619047619047619,0.6,0
SCOPE_all_zh__mix_rel144_evt144,K1000_seed4_random__fuse_r0.3,train,fuse,1000,4,random,21,20,0.9523809523809523,0.3,0
SCOPE_all_zh__mix_rel144_evt144,K1000_seed4_coverage__fuse_r0.3,train,fuse,1000,4,coverage,21,21,1.0,0.3,0
SCOPE_all_zh__mix_rel144_evt144,K1000_seed5_random__fuse_r0.6,train,fuse,1000,5,random,21,16,0.7619047619047619,0.6,0
SCOPE_all_zh__mix_rel144_evt144,K1000_seed5_coverage__fuse_r0.6,train,fuse,1000,5,coverage,21,16,0.7619047619047619,0.6,0
SCOPE_all_zh__mix_rel144_evt144,K5000_seed1_random__fuse_r0.6,train,fuse,5000,1,random,21,16,0.7619047619047619,0.6,0
SCOPE_all_zh__mix_rel144_evt144,K5000_seed1_coverage__fuse_r0.6,train,fuse,5000,1,coverage,21,16,0.7619047619047619,0.6,0
SCOPE_all_zh__mix_rel144_evt144,K5000_seed2_random__fuse_r0.6,train,fuse,5000,2,random,21,16,0.7619047619047619,0.6,0
SCOPE_all_zh__mix_rel144_evt144,K5000_seed2_coverage__fuse_r0.3,train,fuse,5000,2,coverage,21,21,1.0,0.3,0
SCOPE_all_zh__mix_rel144_evt144,K5000_seed3_random__fuse_r0.6,train,fuse,5000,3,random,21,16,0.7619047619047619,0.6,0
SCOPE_all_zh__mix_rel144_evt144,K5000_seed3_coverage__fuse_r0.3,train,fuse,5000,3,coverage,21,21,1.0,0.3,0
SCOPE_all_zh__mix_rel144_evt144,K5000_seed4_random__fuse_r0.6,train,fuse,5000,4,random,21,16,0.7619047619047619,0.6,0
SCOPE_all_zh__mix_rel144_evt144,K5000_seed4_coverage__fuse_r0.6,train,fuse,5000,4,coverage,21,16,0.7619047619047619,0.6,0
SCOPE_all_zh__mix_rel144_evt144,K5000_seed5_random__fuse_r0.6,train,fuse,5000,5,random,21,16,0.7619047619047619,0.6,0
SCOPE_all_zh__mix_rel144_evt144,K5000_seed5_coverage__fuse_r0.6,train,fuse,5000,5,coverage,21,16,0.7619047619047619,0.6,0
SCOPE_all_en__mix_rel145_evt145,K200_seed1_random__fuse_r0.3,train,fuse,200,1,random,40,13,0.325,0.3,0
SCOPE_all_en__mix_rel145_evt145,K200_seed1_coverage__fuse_r0.6,train,fuse,200,1,coverage,40,13,0.325,0.6,0
SCOPE_all_en__mix_rel145_evt145,K200_seed2_random__fuse_r0.3,train,fuse,200,2,random,40,17,0.425,0.3,0
SCOPE_all_en__mix_rel145_evt145,K200_seed2_coverage__fuse_r0.3,train,fuse,200,2,coverage,40,22,0.55,0.3,0
SCOPE_all_en__mix_rel145_evt145,K200_seed3_random__fuse_r0.6,train,fuse,200,3,random,40,9,0.225,0.6,0
SCOPE_all_en__mix_rel145_evt145,K200_seed3_coverage__fuse_r0.3,train,fuse,200,3,coverage,40,22,0.55,0.3,0
SCOPE_all_en__mix_rel145_evt145,K200_seed4_random__fuse_r0.6,train,fuse,200,4,random,40,7,0.175,0.6,0
SCOPE_all_en__mix_rel145_evt145,K200_seed4_coverage__fuse_r0.3,train,fuse,200,4,coverage,40,22,0.55,0.3,0
SCOPE_all_en__mix_rel145_evt145,K200_seed5_random__fuse_r0.3,train,fuse,200,5,random,40,15,0.375,0.3,0
SCOPE_all_en__mix_rel145_evt145,K200_seed5_coverage__fuse_r0.6,train,fuse,200,5,coverage,40,13,0.325,0.6,0
SCOPE_all_en__mix_rel145_evt145,K1000_seed1_random__fuse_r0.6,train,fuse,1000,1,random,40,12,0.3,0.6,0
SCOPE_all_en__mix_rel145_evt145,K1000_seed1_coverage__fuse_r0.3,train,fuse,1000,1,coverage,40,22,0.55,0.3,0
SCOPE_all_en__mix_rel145_evt145,K1000_seed2_random__fuse_r0.6,train,fuse,1000,2,random,40,13,0.325,0.6,0
SCOPE_all_en__mix_rel145_evt145,K1000_seed2_coverage__fuse_r0.3,train,fuse,1000,2,coverage,40,22,0.55,0.3,0
SCOPE_all_en__mix_rel145_evt145,K1000_seed3_random__fuse_r0.6,train,fuse,1000,3,random,40,12,0.3,0.6,0
SCOPE_all_en__mix_rel145_evt145,K1000_seed3_coverage__fuse_r0.6,train,fuse,1000,3,coverage,40,13,0.325,0.6,0
SCOPE_all_en__mix_rel145_evt145,K1000_seed4_random__fuse_r0.3,train,fuse,1000,4,random,40,20,0.5,0.3,0
SCOPE_all_en__mix_rel145_evt145,K1000_seed4_coverage__fuse_r0.6,train,fuse,1000,4,coverage,40,13,0.325,0.6,0
SCOPE_all_en__mix_rel145_evt145,K1000_seed5_random__fuse_r0.6,train,fuse,1000,5,random,40,13,0.325,0.6,0
SCOPE_all_en__mix_rel145_evt145,K1000_seed5_coverage__fuse_r0.3,train,fuse,1000,5,coverage,40,22,0.55,0.3,0
SCOPE_all_en__mix_rel145_evt145,K5000_seed1_random__fuse_r0.6,train,fuse,5000,1,random,40,12,0.3,0.6,0
SCOPE_all_en__mix_rel145_evt145,K5000_seed1_coverage__fuse_r0.3,train,fuse,5000,1,coverage,40,22,0.55,0.3,0
SCOPE_all_en__mix_rel145_evt145,K5000_seed2_random__fuse_r0.3,train,fuse,5000,2,random,40,21,0.525,0.3,0
SCOPE_all_en__mix_rel145_evt145,K5000_seed2_coverage__fuse_r0.3,train,fuse,5000,2,coverage,40,22,0.55,0.3,0
SCOPE_all_en__mix_rel145_evt145,K5000_seed3_random__fuse_r0.6,train,fuse,5000,3,random,40,13,0.325,0.6,0
SCOPE_all_en__mix_rel145_evt145,K5000_seed3_coverage__fuse_r0.6,train,fuse,5000,3,coverage,40,13,0.325,0.6,0
SCOPE_all_en__mix_rel145_evt145,K5000_seed4_random__fuse_r0.6,train,fuse,5000,4,random,40,13,0.325,0.6,0
SCOPE_all_en__mix_rel145_evt145,K5000_seed4_coverage__fuse_r0.6,train,fuse,5000,4,coverage,40,13,0.325,0.6,0
SCOPE_all_en__mix_rel145_evt145,K5000_seed5_random__fuse_r0.3,train,fuse,5000,5,random,40,21,0.525,0.3,0
SCOPE_all_en__mix_rel145_evt145,K5000_seed5_coverage__fuse_r0.3,train,fuse,5000,5,coverage,40,22,0.55,0.3,0
SCOPE_all_en__mix_rel146_evt146,K200_seed1_random__fuse_r0.3,train,fuse,200,1,random,25,21,0.84,0.3,0
SCOPE_all_en__mix_rel146_evt146,K200_seed1_coverage__fuse_r0.3,train,fuse,200,1,coverage,25,21,0.84,0.3,0
SCOPE_all_en__mix_rel146_evt146,K200_seed2_random__fuse_r0.3,train,fuse,200,2,random,25,19,0.76,0.3,0
SCOPE_all_en__mix_rel146_evt146,K200_seed2_coverage__fuse_r0.3,train,fuse,200,2,coverage,25,21,0.84,0.3,0
SCOPE_all_en__mix_rel146_evt146,K200_seed3_random__fuse_r0.6,train,fuse,200,3,random,25,15,0.6,0.6,0
SCOPE_all_en__mix_rel146_evt146,K200_seed3_coverage__fuse_r0.3,train,fuse,200,3,coverage,25,21,0.84,0.3,0
SCOPE_all_en__mix_rel146_evt146,K200_seed4_random__fuse_r0.3,train,fuse,200,4,random,25,19,0.76,0.3,0
SCOPE_all_en__mix_rel146_evt146,K200_seed4_coverage__fuse_r0.3,train,fuse,200,4,coverage,25,21,0.84,0.3,0
SCOPE_all_en__mix_rel146_evt146,K200_seed5_random__fuse_r0.3,train,fuse,200,5,random,25,21,0.84,0.3,0
SCOPE_all_en__mix_rel146_evt146,K200_seed5_coverage__fuse_r0.3,train,fuse,200,5,coverage,25,21,0.84,0.3,0
SCOPE_all_en__mix_rel146_evt146,K1000_seed1_random__fuse_r0.3,train,fuse,1000,1,random,25,21,0.84,0.3,0
SCOPE_all_en__mix_rel146_evt146,K1000_seed1_coverage__fuse_r0.3,train,fuse,1000,1,coverage,25,21,0.84,0.3,0
SCOPE_all_en__mix_rel146_evt146,K1000_seed2_random__fuse_r0.6,train,fuse,1000,2,random,25,15,0.6,0.6,0
SCOPE_all_en__mix_rel146_evt146,K1000_seed2_coverage__fuse_r0.6,train,fuse,1000,2,coverage,25,15,0.6,0.6,0
SCOPE_all_en__mix_rel146_evt146,K1000_seed3_random__fuse_r0.3,train,fuse,1000,3,random,25,21,0.84,0.3,0
SCOPE_all_en__mix_rel146_evt146,K1000_seed3_coverage__fuse_r0.6,train,fuse,1000,3,coverage,25,15,0.6,0.6,0
SCOPE_all_en__mix_rel146_evt146,K1000_seed4_random__fuse_r0.6,train,fuse,1000,4,random,25,15,0.6,0.6,0
SCOPE_all_en__mix_rel146_evt146,K1000_seed4_coverage__fuse_r0.3,train,fuse,1000,4,coverage,25,21,0.84,0.3,0
SCOPE_all_en__mix_rel146_evt146,K1000_seed5_random__fuse_r0.3,train,fuse,1000,5,random,25,21,0.84,0.3,0
SCOPE_all_en__mix_rel146_evt146,K1000_seed5_coverage__fuse_r0.6,train,fuse,1000,5,coverage,25,15,0.6,0.6,0
SCOPE_all_en__mix_rel146_evt146,K5000_seed1_random__fuse_r0.3,train,fuse,5000,1,random,25,21,0.84,0.3,0
SCOPE_all_en__mix_rel146_evt146,K5000_seed1_coverage__fuse_r0.6,train,fuse,5000,1,coverage,25,15,0.6,0.6,0
SCOPE_all_en__mix_rel146_evt146,K5000_seed2_random__fuse_r0.6,train,fuse,5000,2,random,25,15,0.6,0.6,0
SCOPE_all_en__mix_rel146_evt146,K5000_seed2_coverage__fuse_r0.6,train,fuse,5000,2,coverage,25,15,0.6,0.6,0
SCOPE_all_en__mix_rel146_evt146,K5000_seed3_random__fuse_r0.6,train,fuse,5000,3,random,25,15,0.6,0.6,0
SCOPE_all_en__mix_rel146_evt146,K5000_seed3_coverage__fuse_r0.6,train,fuse,5000,3,coverage,25,15,0.6,0.6,0
SCOPE_all_en__mix_rel146_evt146,K5000_seed4_random__fuse_r0.3,train,fuse,5000,4,random,25,21,0.84,0.3,0
SCOPE_all_en__mix_rel146_evt146,K5000_seed4_coverage__fuse_r0.6,train,fuse,5000,4,coverage,25,15,0.6,0.6,0
SCOPE_all_en__mix_rel146_evt146,K5000_seed5_random__fuse_r0.6,train,fuse,5000,5,random,25,15,0.6,0.6,0
SCOPE_all_en__mix_rel146_evt146,K5000_seed5_coverage__fuse_r0.3,train,fuse,5000,5,coverage,25,21,0.84,0.3,0
SCOPE_all_zh__mix_rel147_evt147,K200_seed1_random__fuse_r0.6,train,fuse,200,1,random,27,15,0.5555555555555556,0.6,0
SCOPE_all_zh__mix_rel147_evt147,K200_seed1_coverage__fuse_r0.6,train,fuse,200,1,coverage,27,15,0.5555555555555556,0.6,0
SCOPE_all_zh__mix_rel147_evt147,K200_seed2_random__fuse_r0.6,train,fuse,200,2,random,27,15,0.5555555555555556,0.6,0
SCOPE_all_zh__mix_rel147_evt147,K200_seed2_coverage__fuse_r0.6,train,fuse,200,2,coverage,27,15,0.5555555555555556,0.6,0
SCOPE_all_zh__mix_rel147_evt147,K200_seed3_random__fuse_r0.6,train,fuse,200,3,random,27,15,0.5555555555555556,0.6,0
SCOPE_all_zh__mix_rel147_evt147,K200_seed3_coverage__fuse_r0.6,train,fuse,200,3,coverage,27,15,0.5555555555555556,0.6,0
SCOPE_all_zh__mix_rel147_evt147,K200_seed4_random__fuse_r0.6,train,fuse,200,4,random,27,15,0.5555555555555556,0.6,0
SCOPE_all_zh__mix_rel147_evt147,K200_seed4_coverage__fuse_r0.6,train,fuse,200,4,coverage,27,15,0.5555555555555556,0.6,0
SCOPE_all_zh__mix_rel147_evt147,K200_seed5_random__fuse_r0.6,train,fuse,200,5,random,27,15,0.5555555555555556,0.6,0
SCOPE_all_zh__mix_rel147_evt147,K200_seed5_coverage__fuse_r0.6,train,fuse,200,5,coverage,27,15,0.5555555555555556,0.6,0
SCOPE_all_zh__mix_rel147_evt147,K1000_seed1_random__fuse_r0.3,train,fuse,1000,1,random,27,22,0.8148148148148148,0.3,0
SCOPE_all_zh__mix_rel147_evt147,K1000_seed1_coverage__fuse_r0.6,train,fuse,1000,1,coverage,27,15,0.5555555555555556,0.6,0
SCOPE_all_zh__mix_rel147_evt147,K1000_seed2_random__fuse_r0.6,train,fuse,1000,2,random,27,15,0.5555555555555556,0.6,0
SCOPE_all_zh__mix_rel147_evt147,K1000_seed2_coverage__fuse_r0.6,train,fuse,1000,2,coverage,27,15,0.5555555555555556,0.6,0
SCOPE_all_zh__mix_rel147_evt147,K1000_seed3_random__fuse_r0.3,train,fuse,1000,3,random,27,22,0.8148148148148148,0.3,0
SCOPE_all_zh__mix_rel147_evt147,K1000_seed3_coverage__fuse_r0.3,train,fuse,1000,3,coverage,27,22,0.8148148148148148,0.3,0
SCOPE_all_zh__mix_rel147_evt147,K1000_seed4_random__fuse_r0.6,train,fuse,1000,4,random,27,15,0.5555555555555556,0.6,0
SCOPE_all_zh__mix_rel147_evt147,K1000_seed4_coverage__fuse_r0.3,train,fuse,1000,4,coverage,27,22,0.8148148148148148,0.3,0
SCOPE_all_zh__mix_rel147_evt147,K1000_seed5_random__fuse_r0.3,train,fuse,1000,5,random,27,22,0.8148148148148148,0.3,0
SCOPE_all_zh__mix_rel147_evt147,K1000_seed5_coverage__fuse_r0.6,train,fuse,1000,5,coverage,27,15,0.5555555555555556,0.6,0
SCOPE_all_zh__mix_rel147_evt147,K5000_seed1_random__fuse_r0.6,train,fuse,5000,1,random,27,15,0.5555555555555556,0.6,0
SCOPE_all_zh__mix_rel147_evt147,K5000_seed1_coverage__fuse_r0.6,train,fuse,5000,1,coverage,27,15,0.5555555555555556,0.6,0
SCOPE_all_zh__mix_rel147_evt147,K5000_seed2_random__fuse_r0.3,train,fuse,5000,2,random,27,22,0.8148148148148148,0.3,0
SCOPE_all_zh__mix_rel147_evt147,K5000_seed2_coverage__fuse_r0.3,train,fuse,5000,2,coverage,27,22,0.8148148148148148,0.3,0
SCOPE_all_zh__mix_rel147_evt147,K5000_seed3_random__fuse_r0.3,train,fuse,5000,3,random,27,22,0.8148148148148148,0.3,0
SCOPE_all_zh__mix_rel147_evt147,K5000_seed3_coverage__fuse_r0.3,train,fuse,5000,3,coverage,27,22,0.8148148148148148,0.3,0
SCOPE_all_zh__mix_rel147_evt147,K5000_seed4_random__fuse_r0.3,train,fuse,5000,4,random,27,22,0.8148148148148148,0.3,0
SCOPE_all_zh__mix_rel147_evt147,K5000_seed4_coverage__fuse_r0.3,train,fuse,5000,4,coverage,27,22,0.8148148148148148,0.3,0
SCOPE_all_zh__mix_rel147_evt147,K5000_seed5_random__fuse_r0.3,train,fuse,5000,5,random,27,22,0.8148148148148148,0.3,0
SCOPE_all_zh__mix_rel147_evt147,K5000_seed5_coverage__fuse_r0.3,train,fuse,5000,5,coverage,27,22,0.8148148148148148,0.3,0
SCOPE_all_zh__mix_rel148_evt148,K200_seed1_random__fuse_r0.6,train,fuse,200,1,random,11,8,0.7272727272727273,0.6,0
SCOPE_all_zh__mix_rel148_evt148,K200_seed1_coverage__fuse_r0.6,train,fuse,200,1,coverage,11,8,0.7272727272727273,0.6,0
SCOPE_all_zh__mix_rel148_evt148,K200_seed2_random__fuse_r0.6,train,fuse,200,2,random,11,8,0.7272727272727273,0.6,0
SCOPE_all_zh__mix_rel148_evt148,K200_seed2_coverage__fuse_r0.6,train,fuse,200,2,coverage,11,8,0.7272727272727273,0.6,0
SCOPE_all_zh__mix_rel148_evt148,K200_seed3_random__fuse_r0.6,train,fuse,200,3,random,11,8,0.7272727272727273,0.6,0
SCOPE_all_zh__mix_rel148_evt148,K200_seed3_coverage__fuse_r0.3,train,fuse,200,3,coverage,11,10,0.9090909090909091,0.3,0
SCOPE_all_zh__mix_rel148_evt148,K200_seed4_random__fuse_r0.3,train,fuse,200,4,random,11,10,0.9090909090909091,0.3,0
SCOPE_all_zh__mix_rel148_evt148,K200_seed4_coverage__fuse_r0.3,train,fuse,200,4,coverage,11,10,0.9090909090909091,0.3,0
SCOPE_all_zh__mix_rel148_evt148,K200_seed5_random__fuse_r0.3,train,fuse,200,5,random,11,10,0.9090909090909091,0.3,0
SCOPE_all_zh__mix_rel148_evt148,K200_seed5_coverage__fuse_r0.3,train,fuse,200,5,coverage,11,10,0.9090909090909091,0.3,0
SCOPE_all_zh__mix_rel148_evt148,K1000_seed1_random__fuse_r0.6,train,fuse,1000,1,random,11,8,0.7272727272727273,0.6,0
SCOPE_all_zh__mix_rel148_evt148,K1000_seed1_coverage__fuse_r0.6,train,fuse,1000,1,coverage,11,8,0.7272727272727273,0.6,0
SCOPE_all_zh__mix_rel148_evt148,K1000_seed2_random__fuse_r0.6,train,fuse,1000,2,random,11,8,0.7272727272727273,0.6,0
SCOPE_all_zh__mix_rel148_evt148,K1000_seed2_coverage__fuse_r0.3,train,fuse,1000,2,coverage,11,10,0.9090909090909091,0.3,0
SCOPE_all_zh__mix_rel148_evt148,K1000_seed3_random__fuse_r0.6,train,fuse,1000,3,random,11,8,0.7272727272727273,0.6,0
SCOPE_all_zh__mix_rel148_evt148,K1000_seed3_coverage__fuse_r0.6,train,fuse,1000,3,coverage,11,8,0.7272727272727273,0.6,0
SCOPE_all_zh__mix_rel148_evt148,K1000_seed4_random__fuse_r0.3,train,fuse,1000,4,random,11,10,0.9090909090909091,0.3,0
SCOPE_all_zh__mix_rel148_evt148,K1000_seed4_coverage__fuse_r0.3,train,fuse,1000,4,coverage,11,10,0.9090909090909091,0.3,0
SCOPE_all_zh__mix_rel148_evt148,K1000_seed5_random__fuse_r0.6,train,fuse,1000,5,random,11,8,0.7272727272727273,0.6,0
SCOPE_all_zh__mix_rel148_evt148,K1000_seed5_coverage__fuse_r0.6,train,fuse,1000,5,coverage,11,8,0.7272727272727273,0.6,0
SCOPE_all_zh__mix_rel148_evt148,K5000_seed1_random__fuse_r0.3,train,fuse,5000,1,random,11,10,0.9090909090909091,0.3,0
SCOPE_all_zh__mix_rel148_evt148,K5000_seed1_coverage__fuse_r0.6,train,fuse,5000,1,coverage,11,8,0.7272727272727273,0.6,0
SCOPE_all_zh__mix_rel148_evt148,K5000_seed2_random__fuse_r0.3,train,fuse,5000,2,random,11,10,0.9090909090909091,0.3,0
SCOPE_all_zh__mix_rel148_evt148,K5000_seed2_coverage__fuse_r0.3,train,fuse,5000,2,coverage,11,10,0.9090909090909091,0.3,0
SCOPE_all_zh__mix_rel148_evt148,K5000_seed3_random__fuse_r0.3,train,fuse,5000,3,random,11,10,0.9090909090909091,0.3,0
SCOPE_all_zh__mix_rel148_evt148,K5000_seed3_coverage__fuse_r0.3,train,fuse,5000,3,coverage,11,10,0.9090909090909091,0.3,0
SCOPE_all_zh__mix_rel148_evt148,K5000_seed4_random__fuse_r0.3,train,fuse,5000,4,random,11,10,0.9090909090909091,0.3,0
SCOPE_all_zh__mix_rel148_evt148,K5000_seed4_coverage__fuse_r0.6,train,fuse,5000,4,coverage,11,8,0.7272727272727273,0.6,0
SCOPE_all_zh__mix_rel148_evt148,K5000_seed5_random__fuse_r0.6,train,fuse,5000,5,random,11,8,0.7272727272727273,0.6,0
SCOPE_all_zh__mix_rel148_evt148,K5000_seed5_coverage__fuse_r0.6,train,fuse,5000,5,coverage,11,8,0.7272727272727273,0.6,0
SCOPE_all_zh__mix_rel149_evt149,K200_seed1_random__fuse_r0.3,train,fuse,200,1,random,33,16,0.48484848484848486,0.3,0
SCOPE_all_zh__mix_rel149_evt149,K200_seed1_coverage__fuse_r0.6,train,fuse,200,1,coverage,33,19,0.5757575757575758,0.6,0
SCOPE_all_zh__mix_rel149_evt149,K200_seed2_random__fuse_r0.6,train,fuse,200,2,random,33,13,0.3939393939393939,0.6,0
SCOPE_all_zh__mix_rel149_evt149,K200_seed2_coverage__fuse_r0.3,train,fuse,200,2,coverage,33,27,0.8181818181818182,0.3,0
SCOPE_all_zh__mix_rel149_evt149,K200_seed3_random__fuse_r0.6,train,fuse,200,3,random,33,13,0.3939393939393939,0.6,0
SCOPE_all_zh__mix_rel149_evt149,K200_seed3_coverage__fuse_r0.3,train,fuse,200,3,coverage,33,27,0.8181818181818182,0.3,0
SCOPE_all_zh__mix_rel149_evt149,K200_seed4_random__fuse_r0.6,train,fuse,200,4,random,33,13,0.3939393939393939,0.6,0
SCOPE_all_zh__mix_rel149_evt149,K200_seed4_coverage__fuse_r0.6,train,fuse,200,4,coverage,33,19,0.5757575757575758,0.6,0
SCOPE_all_zh__mix_rel149_evt149,K200_seed5_random__fuse_r0.3,train,fuse,200,5,random,33,17,0.5151515151515151,0.3,0
SCOPE_all_zh__mix_rel149_evt149,K200_seed5_coverage__fuse_r0.6,train,fuse,200,5,coverage,33,19,0.5757575757575758,0.6,0
SCOPE_all_zh__mix_rel149_evt149,K1000_seed1_random__fuse_r0.3,train,fuse,1000,1,random,33,23,0.696969696969697,0.3,0
SCOPE_all_zh__mix_rel149_evt149,K1000_seed1_coverage__fuse_r0.6,train,fuse,1000,1,coverage,33,19,0.5757575757575758,0.6,0
SCOPE_all_zh__mix_rel149_evt149,K1000_seed2_random__fuse_r0.3,train,fuse,1000,2,random,33,24,0.7272727272727273,0.3,0
SCOPE_all_zh__mix_rel149_evt149,K1000_seed2_coverage__fuse_r0.6,train,fuse,1000,2,coverage,33,19,0.5757575757575758,0.6,0
SCOPE_all_zh__mix_rel149_evt149,K1000_seed3_random__fuse_r0.3,train,fuse,1000,3,random,33,25,0.7575757575757576,0.3,0
SCOPE_all_zh__mix_rel149_evt149,K1000_seed3_coverage__fuse_r0.6,train,fuse,1000,3,coverage,33,19,0.5757575757575758,0.6,0
SCOPE_all_zh__mix_rel149_evt149,K1000_seed4_random__fuse_r0.3,train,fuse,1000,4,random,33,22,0.6666666666666666,0.3,0
SCOPE_all_zh__mix_rel149_evt149,K1000_seed4_coverage__fuse_r0.3,train,fuse,1000,4,coverage,33,27,0.8181818181818182,0.3,0
SCOPE_all_zh__mix_rel149_evt149,K1000_seed5_random__fuse_r0.6,train,fuse,1000,5,random,33,17,0.5151515151515151,0.6,0
SCOPE_all_zh__mix_rel149_evt149,K1000_seed5_coverage__fuse_r0.6,train,fuse,1000,5,coverage,33,19,0.5757575757575758,0.6,0
SCOPE_all_zh__mix_rel149_evt149,K5000_seed1_random__fuse_r0.6,train,fuse,5000,1,random,33,19,0.5757575757575758,0.6,0
SCOPE_all_zh__mix_rel149_evt149,K5000_seed1_coverage__fuse_r0.3,train,fuse,5000,1,coverage,33,27,0.8181818181818182,0.3,0
SCOPE_all_zh__mix_rel149_evt149,K5000_seed2_random__fuse_r0.3,train,fuse,5000,2,random,33,27,0.8181818181818182,0.3,0
SCOPE_all_zh__mix_rel149_evt149,K5000_seed2_coverage__fuse_r0.6,train,fuse,5000,2,coverage,33,19,0.5757575757575758,0.6,0
SCOPE_all_zh__mix_rel149_evt149,K5000_seed3_random__fuse_r0.6,train,fuse,5000,3,random,33,18,0.5454545454545454,0.6,0
SCOPE_all_zh__mix_rel149_evt149,K5000_seed3_coverage__fuse_r0.3,train,fuse,5000,3,coverage,33,27,0.8181818181818182,0.3,0
SCOPE_all_zh__mix_rel149_evt149,K5000_seed4_random__fuse_r0.6,train,fuse,5000,4,random,33,18,0.5454545454545454,0.6,0
SCOPE_all_zh__mix_rel149_evt149,K5000_seed4_coverage__fuse_r0.3,train,fuse,5000,4,coverage,33,27,0.8181818181818182,0.3,0
SCOPE_all_zh__mix_rel149_evt149,K5000_seed5_random__fuse_r0.3,train,fuse,5000,5,random,33,26,0.7878787878787878,0.3,0
SCOPE_all_zh__mix_rel149_evt149,K5000_seed5_coverage__fuse_r0.3,train,fuse,5000,5,coverage,33,27,0.8181818181818182,0.3,0
SCOPE_all_zh__mix_rel150_evt150,K200_seed1_random__fuse_r0.6,train,fuse,200,1,random,18,12,0.6666666666666666,0.6,0
SCOPE_all_zh__mix_rel150_evt150,K200_seed1_coverage__fuse_r0.6,train,fuse,200,1,coverage,18,12,0.6666666666666666,0.6,0
SCOPE_all_zh__mix_rel150_evt150,K200_seed2_random__fuse_r0.3,train,fuse,200,2,random,18,16,0.8888888888888888,0.3,0
SCOPE_all_zh__mix_rel150_evt150,K200_seed2_coverage__fuse_r0.6,train,fuse,200,2,coverage,18,12,0.6666666666666666,0.6,0
SCOPE_all_zh__mix_rel150_evt150,K200_seed3_random__fuse_r0.6,train,fuse,200,3,random,18,12,0.6666666666666666,0.6,0
SCOPE_all_zh__mix_rel150_evt150,K200_seed3_coverage__fuse_r0.3,train,fuse,200,3,coverage,18,16,0.8888888888888888,0.3,0
SCOPE_all_zh__mix_rel150_evt150,K200_seed4_random__fuse_r0.6,train,fuse,200,4,random,18,12,0.6666666666666666,0.6,0
SCOPE_all_zh__mix_rel150_evt150,K200_seed4_coverage__fuse_r0.6,train,fuse,200,4,coverage,18,12,0.6666666666666666,0.6,0
SCOPE_all_zh__mix_rel150_evt150,K200_seed5_random__fuse_r0.3,train,fuse,200,5,random,18,16,0.8888888888888888,0.3,0
SCOPE_all_zh__mix_rel150_evt150,K200_seed5_coverage__fuse_r0.3,train,fuse,200,5,coverage,18,16,0.8888888888888888,0.3,0
SCOPE_all_zh__mix_rel150_evt150,K1000_seed1_random__fuse_r0.3,train,fuse,1000,1,random,18,16,0.8888888888888888,0.3,0
SCOPE_all_zh__mix_rel150_evt150,K1000_seed1_coverage__fuse_r0.6,train,fuse,1000,1,coverage,18,12,0.6666666666666666,0.6,0
SCOPE_all_zh__mix_rel150_evt150,K1000_seed2_random__fuse_r0.6,train,fuse,1000,2,random,18,12,0.6666666666666666,0.6,0
SCOPE_all_zh__mix_rel150_evt150,K1000_seed2_coverage__fuse_r0.6,train,fuse,1000,2,coverage,18,12,0.6666666666666666,0.6,0
SCOPE_all_zh__mix_rel150_evt150,K1000_seed3_random__fuse_r0.3,train,fuse,1000,3,random,18,16,0.8888888888888888,0.3,0
SCOPE_all_zh__mix_rel150_evt150,K1000_seed3_coverage__fuse_r0.3,train,fuse,1000,3,coverage,18,16,0.8888888888888888,0.3,0
SCOPE_all_zh__mix_rel150_evt150,K1000_seed4_random__fuse_r0.6,train,fuse,1000,4,random,18,12,0.6666666666666666,0.6,0
SCOPE_all_zh__mix_rel150_evt150,K1000_seed4_coverage__fuse_r0.6,train,fuse,1000,4,coverage,18,12,0.6666666666666666,0.6,0
SCOPE_all_zh__mix_rel150_evt150,K1000_seed5_random__fuse_r0.6,train,fuse,1000,5,random,18,12,0.6666666666666666,0.6,0
SCOPE_all_zh__mix_rel150_evt150,K1000_seed5_coverage__fuse_r0.3,train,fuse,1000,5,coverage,18,16,0.8888888888888888,0.3,0
SCOPE_all_zh__mix_rel150_evt150,K5000_seed1_random__fuse_r0.3,train,fuse,5000,1,random,18,16,0.8888888888888888,0.3,0
SCOPE_all_zh__mix_rel150_evt150,K5000_seed1_coverage__fuse_r0.6,train,fuse,5000,1,coverage,18,12,0.6666666666666666,0.6,0
SCOPE_all_zh__mix_rel150_evt150,K5000_seed2_random__fuse_r0.3,train,fuse,5000,2,random,18,16,0.8888888888888888,0.3,0
SCOPE_all_zh__mix_rel150_evt150,K5000_seed2_coverage__fuse_r0.3,train,fuse,5000,2,coverage,18,16,0.8888888888888888,0.3,0
SCOPE_all_zh__mix_rel150_evt150,K5000_seed3_random__fuse_r0.3,train,fuse,5000,3,random,18,16,0.8888888888888888,0.3,0
SCOPE_all_zh__mix_rel150_evt150,K5000_seed3_coverage__fuse_r0.6,train,fuse,5000,3,coverage,18,12,0.6666666666666666,0.6,0
SCOPE_all_zh__mix_rel150_evt150,K5000_seed4_random__fuse_r0.3,train,fuse,5000,4,random,18,16,0.8888888888888888,0.3,0
SCOPE_all_zh__mix_rel150_evt150,K5000_seed4_coverage__fuse_r0.6,train,fuse,5000,4,coverage,18,12,0.6666666666666666,0.6,0
SCOPE_all_zh__mix_rel150_evt150,K5000_seed5_random__fuse_r0.6,train,fuse,5000,5,random,18,12,0.6666666666666666,0.6,0
SCOPE_all_zh__mix_rel150_evt150,K5000_seed5_coverage__fuse_r0.6,train,fuse,5000,5,coverage,18,12,0.6666666666666666,0.6,0
SCOPE_all_zh__mix_rel151_evt151,K200_seed1_random__fuse_r0.3,train,fuse,200,1,random,21,17,0.8095238095238095,0.3,0
SCOPE_all_zh__mix_rel151_evt151,K200_seed1_coverage__fuse_r0.6,train,fuse,200,1,coverage,21,13,0.6190476190476191,0.6,0
SCOPE_all_zh__mix_rel151_evt151,K200_seed2_random__fuse_r0.3,train,fuse,200,2,random,21,18,0.8571428571428571,0.3,0
SCOPE_all_zh__mix_rel151_evt151,K200_seed2_coverage__fuse_r0.3,train,fuse,200,2,coverage,21,18,0.8571428571428571,0.3,0
SCOPE_all_zh__mix_rel151_evt151,K200_seed3_random__fuse_r0.6,train,fuse,200,3,random,21,12,0.5714285714285714,0.6,0
SCOPE_all_zh__mix_rel151_evt151,K200_seed3_coverage__fuse_r0.6,train,fuse,200,3,coverage,21,13,0.6190476190476191,0.6,0
SCOPE_all_zh__mix_rel151_evt151,K200_seed4_random__fuse_r0.3,train,fuse,200,4,random,21,18,0.8571428571428571,0.3,0
SCOPE_all_zh__mix_rel151_evt151,K200_seed4_coverage__fuse_r0.6,train,fuse,200,4,coverage,21,13,0.6190476190476191,0.6,0
SCOPE_all_zh__mix_rel151_evt151,K200_seed5_random__fuse_r0.6,train,fuse,200,5,random,21,13,0.6190476190476191,0.6,0
SCOPE_all_zh__mix_rel151_evt151,K200_seed5_coverage__fuse_r0.3,train,fuse,200,5,coverage,21,18,0.8571428571428571,0.3,0
SCOPE_all_zh__mix_rel151_evt151,K1000_seed1_random__fuse_r0.6,train,fuse,1000,1,random,21,13,0.6190476190476191,0.6,0
SCOPE_all_zh__mix_rel151_evt151,K1000_seed1_coverage__fuse_r0.3,train,fuse,1000,1,coverage,21,18,0.8571428571428571,0.3,0
SCOPE_all_zh__mix_rel151_evt151,K1000_seed2_random__fuse_r0.3,train,fuse,1000,2,random,21,18,0.8571428571428571,0.3,0
SCOPE_all_zh__mix_rel151_evt151,K1000_seed2_coverage__fuse_r0.6,train,fuse,1000,2,coverage,21,13,0.6190476190476191,0.6,0
SCOPE_all_zh__mix_rel151_evt151,K1000_seed3_random__fuse_r0.3,train,fuse,1000,3,random,21,18,0.8571428571428571,0.3,0
SCOPE_all_zh__mix_rel151_evt151,K1000_seed3_coverage__fuse_r0.6,train,fuse,1000,3,coverage,21,13,0.6190476190476191,0.6,0
SCOPE_all_zh__mix_rel151_evt151,K1000_seed4_random__fuse_r0.3,train,fuse,1000,4,random,21,18,0.8571428571428571,0.3,0
SCOPE_all_zh__mix_rel151_evt151,K1000_seed4_coverage__fuse_r0.6,train,fuse,1000,4,coverage,21,13,0.6190476190476191,0.6,0
SCOPE_all_zh__mix_rel151_evt151,K1000_seed5_random__fuse_r0.6,train,fuse,1000,5,random,21,13,0.6190476190476191,0.6,0
SCOPE_all_zh__mix_rel151_evt151,K1000_seed5_coverage__fuse_r0.6,train,fuse,1000,5,coverage,21,13,0.6190476190476191,0.6,0
SCOPE_all_zh__mix_rel151_evt151,K5000_seed1_random__fuse_r0.6,train,fuse,5000,1,random,21,13,0.6190476190476191,0.6,0
SCOPE_all_zh__mix_rel151_evt151,K5000_seed1_coverage__fuse_r0.6,train,fuse,5000,1,coverage,21,13,0.6190476190476191,0.6,0
SCOPE_all_zh__mix_rel151_evt151,K5000_seed2_random__fuse_r0.3,train,fuse,5000,2,random,21,18,0.8571428571428571,0.3,0
SCOPE_all_zh__mix_rel151_evt151,K5000_seed2_coverage__fuse_r0.6,train,fuse,5000,2,coverage,21,13,0.6190476190476191,0.6,0
SCOPE_all_zh__mix_rel151_evt151,K5000_seed3_random__fuse_r0.6,train,fuse,5000,3,random,21,13,0.6190476190476191,0.6,0
SCOPE_all_zh__mix_rel151_evt151,K5000_seed3_coverage__fuse_r0.3,train,fuse,5000,3,coverage,21,18,0.8571428571428571,0.3,0
SCOPE_all_zh__mix_rel151_evt151,K5000_seed4_random__fuse_r0.6,train,fuse,5000,4,random,21,13,0.6190476190476191,0.6,0
SCOPE_all_zh__mix_rel151_evt151,K5000_seed4_coverage__fuse_r0.6,train,fuse,5000,4,coverage,21,13,0.6190476190476191,0.6,0
SCOPE_all_zh__mix_rel151_evt151,K5000_seed5_random__fuse_r0.3,train,fuse,5000,5,random,21,18,0.8571428571428571,0.3,0
SCOPE_all_zh__mix_rel151_evt151,K5000_seed5_coverage__fuse_r0.3,train,fuse,5000,5,coverage,21,18,0.8571428571428571,0.3,0
SCOPE_all_zh__mix_rel152_evt152,K200_seed1_random__fuse_r0.3,train,fuse,200,1,random,21,18,0.8571428571428571,0.3,0
SCOPE_all_zh__mix_rel152_evt152,K200_seed1_coverage__fuse_r0.3,train,fuse,200,1,coverage,21,18,0.8571428571428571,0.3,0
SCOPE_all_zh__mix_rel152_evt152,K200_seed2_random__fuse_r0.3,train,fuse,200,2,random,21,18,0.8571428571428571,0.3,0
SCOPE_all_zh__mix_rel152_evt152,K200_seed2_coverage__fuse_r0.3,train,fuse,200,2,coverage,21,18,0.8571428571428571,0.3,0
SCOPE_all_zh__mix_rel152_evt152,K200_seed3_random__fuse_r0.3,train,fuse,200,3,random,21,17,0.8095238095238095,0.3,0
SCOPE_all_zh__mix_rel152_evt152,K200_seed3_coverage__fuse_r0.3,train,fuse,200,3,coverage,21,18,0.8571428571428571,0.3,0
SCOPE_all_zh__mix_rel152_evt152,K200_seed4_random__fuse_r0.3,train,fuse,200,4,random,21,17,0.8095238095238095,0.3,0
SCOPE_all_zh__mix_rel152_evt152,K200_seed4_coverage__fuse_r0.3,train,fuse,200,4,coverage,21,18,0.8571428571428571,0.3,0
SCOPE_all_zh__mix_rel152_evt152,K200_seed5_random__fuse_r0.3,train,fuse,200,5,random,21,18,0.8571428571428571,0.3,0
SCOPE_all_zh__mix_rel152_evt152,K200_seed5_coverage__fuse_r0.6,train,fuse,200,5,coverage,21,13,0.6190476190476191,0.6,0
SCOPE_all_zh__mix_rel152_evt152,K1000_seed1_random__fuse_r0.6,train,fuse,1000,1,random,21,13,0.6190476190476191,0.6,0
SCOPE_all_zh__mix_rel152_evt152,K1000_seed1_coverage__fuse_r0.3,train,fuse,1000,1,coverage,21,18,0.8571428571428571,0.3,0
SCOPE_all_zh__mix_rel152_evt152,K1000_seed2_random__fuse_r0.6,train,fuse,1000,2,random,21,13,0.6190476190476191,0.6,0
SCOPE_all_zh__mix_rel152_evt152,K1000_seed2_coverage__fuse_r0.3,train,fuse,1000,2,coverage,21,18,0.8571428571428571,0.3,0
SCOPE_all_zh__mix_rel152_evt152,K1000_seed3_random__fuse_r0.6,train,fuse,1000,3,random,21,13,0.6190476190476191,0.6,0
SCOPE_all_zh__mix_rel152_evt152,K1000_seed3_coverage__fuse_r0.3,train,fuse,1000,3,coverage,21,18,0.8571428571428571,0.3,0
SCOPE_all_zh__mix_rel152_evt152,K1000_seed4_random__fuse_r0.6,train,fuse,1000,4,random,21,13,0.6190476190476191,0.6,0
SCOPE_all_zh__mix_rel152_evt152,K1000_seed4_coverage__fuse_r0.3,train,fuse,1000,4,coverage,21,18,0.8571428571428571,0.3,0
SCOPE_all_zh__mix_rel152_evt152,K1000_seed5_random__fuse_r0.3,train,fuse,1000,5,random,21,18,0.8571428571428571,0.3,0
SCOPE_all_zh__mix_rel152_evt152,K1000_seed5_coverage__fuse_r0.6,train,fuse,1000,5,coverage,21,13,0.6190476190476191,0.6,0
SCOPE_all_zh__mix_rel152_evt152,K5000_seed1_random__fuse_r0.3,train,fuse,5000,1,random,21,18,0.8571428571428571,0.3,0
SCOPE_all_zh__mix_rel152_evt152,K5000_seed1_coverage__fuse_r0.6,train,fuse,5000,1,coverage,21,13,0.6190476190476191,0.6,0
SCOPE_all_zh__mix_rel152_evt152,K5000_seed2_random__fuse_r0.3,train,fuse,5000,2,random,21,18,0.8571428571428571,0.3,0
SCOPE_all_zh__mix_rel152_evt152,K5000_seed2_coverage__fuse_r0.3,train,fuse,5000,2,coverage,21,18,0.8571428571428571,0.3,0
SCOPE_all_zh__mix_rel152_evt152,K5000_seed3_random__fuse_r0.3,train,fuse,5000,3,random,21,18,0.8571428571428571,0.3,0
SCOPE_all_zh__mix_rel152_evt152,K5000_seed3_coverage__fuse_r0.6,train,fuse,5000,3,coverage,21,13,0.6190476190476191,0.6,0
SCOPE_all_zh__mix_rel152_evt152,K5000_seed4_random__fuse_r0.6,train,fuse,5000,4,random,21,13,0.6190476190476191,0.6,0
SCOPE_all_zh__mix_rel152_evt152,K5000_seed4_coverage__fuse_r0.6,train,fuse,5000,4,coverage,21,13,0.6190476190476191,0.6,0
SCOPE_all_zh__mix_rel152_evt152,K5000_seed5_random__fuse_r0.6,train,fuse,5000,5,random,21,13,0.6190476190476191,0.6,0
SCOPE_all_zh__mix_rel152_evt152,K5000_seed5_coverage__fuse_r0.6,train,fuse,5000,5,coverage,21,13,0.6190476190476191,0.6,0
SCOPE_all_en__mix_rel153_evt153,K200_seed1_random__fuse_r0.6,train,fuse,200,1,random,23,5,0.21739130434782608,0.6,0
SCOPE_all_en__mix_rel153_evt153,K200_seed1_coverage__fuse_r0.6,train,fuse,200,1,coverage,23,9,0.391304347826087,0.6,0
SCOPE_all_en__mix_rel153_evt153,K200_seed2_random__fuse_r0.6,train,fuse,200,2,random,23,5,0.21739130434782608,0.6,0
SCOPE_all_en__mix_rel153_evt153,K200_seed2_coverage__fuse_r0.3,train,fuse,200,2,coverage,23,15,0.6521739130434783,0.3,0
SCOPE_all_en__mix_rel153_evt153,K200_seed3_random__fuse_r0.6,train,fuse,200,3,random,23,5,0.21739130434782608,0.6,0
SCOPE_all_en__mix_rel153_evt153,K200_seed3_coverage__fuse_r0.6,train,fuse,200,3,coverage,23,9,0.391304347826087,0.6,0
SCOPE_all_en__mix_rel153_evt153,K200_seed4_random__fuse_r0.3,train,fuse,200,4,random,23,8,0.34782608695652173,0.3,0
SCOPE_all_en__mix_rel153_evt153,K200_seed4_coverage__fuse_r0.3,train,fuse,200,4,coverage,23,15,0.6521739130434783,0.3,0
SCOPE_all_en__mix_rel153_evt153,K200_seed5_random__fuse_r0.3,train,fuse,200,5,random,23,7,0.30434782608695654,0.3,0
SCOPE_all_en__mix_rel153_evt153,K200_seed5_coverage__fuse_r0.6,train,fuse,200,5,coverage,23,9,0.391304347826087,0.6,0
SCOPE_all_en__mix_rel153_evt153,K1000_seed1_random__fuse_r0.6,train,fuse,1000,1,random,23,8,0.34782608695652173,0.6,0
SCOPE_all_en__mix_rel153_evt153,K1000_seed1_coverage__fuse_r0.3,train,fuse,1000,1,coverage,23,15,0.6521739130434783,0.3,0
SCOPE_all_en__mix_rel153_evt153,K1000_seed2_random__fuse_r0.6,train,fuse,1000,2,random,23,7,0.30434782608695654,0.6,0
SCOPE_all_en__mix_rel153_evt153,K1000_seed2_coverage__fuse_r0.3,train,fuse,1000,2,coverage,23,15,0.6521739130434783,0.3,0
SCOPE_all_en__mix_rel153_evt153,K1000_seed3_random__fuse_r0.6,train,fuse,1000,3,random,23,8,0.34782608695652173,0.6,0
SCOPE_all_en__mix_rel153_evt153,K1000_seed3_coverage__fuse_r0.3,train,fuse,1000,3,coverage,23,15,0.6521739130434783,0.3,0
SCOPE_all_en__mix_rel153_evt153,K1000_seed4_random__fuse_r0.6,train,fuse,1000,4,random,23,7,0.30434782608695654,0.6,0
SCOPE_all_en__mix_rel153_evt153,K1000_seed4_coverage__fuse_r0.6,train,fuse,1000,4,coverage,23,9,0.391304347826087,0.6,0
SCOPE_all_en__mix_rel153_evt153,K1000_seed5_random__fuse_r0.6,train,fuse,1000,5,random,23,8,0.34782608695652173,0.6,0
SCOPE_all_en__mix_rel153_evt153,K1000_seed5_coverage__fuse_r0.3,train,fuse,1000,5,coverage,23,15,0.6521739130434783,0.3,0
SCOPE_all_en__mix_rel153_evt153,K5000_seed1_random__fuse_r0.6,train,fuse,5000,1,random,23,8,0.34782608695652173,0.6,0
SCOPE_all_en__mix_rel153_evt153,K5000_seed1_coverage__fuse_r0.3,train,fuse,5000,1,coverage,23,15,0.6521739130434783,0.3,0
SCOPE_all_en__mix_rel153_evt153,K5000_seed2_random__fuse_r0.3,train,fuse,5000,2,random,23,14,0.6086956521739131,0.3,0
SCOPE_all_en__mix_rel153_evt153,K5000_seed2_coverage__fuse_r0.3,train,fuse,5000,2,coverage,23,15,0.6521739130434783,0.3,0
SCOPE_all_en__mix_rel153_evt153,K5000_seed3_random__fuse_r0.3,train,fuse,5000,3,random,23,14,0.6086956521739131,0.3,0
SCOPE_all_en__mix_rel153_evt153,K5000_seed3_coverage__fuse_r0.3,train,fuse,5000,3,coverage,23,15,0.6521739130434783,0.3,0
SCOPE_all_en__mix_rel153_evt153,K5000_seed4_random__fuse_r0.6,train,fuse,5000,4,random,23,8,0.34782608695652173,0.6,0
SCOPE_all_en__mix_rel153_evt153,K5000_seed4_coverage__fuse_r0.3,train,fuse,5000,4,coverage,23,15,0.6521739130434783,0.3,0
SCOPE_all_en__mix_rel153_evt153,K5000_seed5_random__fuse_r0.3,train,fuse,5000,5,random,23,14,0.6086956521739131,0.3,0
SCOPE_all_en__mix_rel153_evt153,K5000_seed5_coverage__fuse_r0.6,train,fuse,5000,5,coverage,23,9,0.391304347826087,0.6,0
SCOPE_all_zh__mix_rel154_evt154,K200_seed1_random__fuse_r0.3,train,fuse,200,1,random,13,11,0.8461538461538461,0.3,0
SCOPE_all_zh__mix_rel154_evt154,K200_seed1_coverage__fuse_r0.6,train,fuse,200,1,coverage,13,10,0.7692307692307693,0.6,0
SCOPE_all_zh__mix_rel154_evt154,K200_seed2_random__fuse_r0.6,train,fuse,200,2,random,13,9,0.6923076923076923,0.6,0
SCOPE_all_zh__mix_rel154_evt154,K200_seed2_coverage__fuse_r0.6,train,fuse,200,2,coverage,13,10,0.7692307692307693,0.6,0
SCOPE_all_zh__mix_rel154_evt154,K200_seed3_random__fuse_r0.3,train,fuse,200,3,random,13,11,0.8461538461538461,0.3,0
SCOPE_all_zh__mix_rel154_evt154,K200_seed3_coverage__fuse_r0.6,train,fuse,200,3,coverage,13,10,0.7692307692307693,0.6,0
SCOPE_all_zh__mix_rel154_evt154,K200_seed4_random__fuse_r0.3,train,fuse,200,4,random,13,11,0.8461538461538461,0.3,0
SCOPE_all_zh__mix_rel154_evt154,K200_seed4_coverage__fuse_r0.6,train,fuse,200,4,coverage,13,10,0.7692307692307693,0.6,0
SCOPE_all_zh__mix_rel154_evt154,K200_seed5_random__fuse_r0.6,train,fuse,200,5,random,13,9,0.6923076923076923,0.6,0
SCOPE_all_zh__mix_rel154_evt154,K200_seed5_coverage__fuse_r0.3,train,fuse,200,5,coverage,13,12,0.9230769230769231,0.3,0
SCOPE_all_zh__mix_rel154_evt154,K1000_seed1_random__fuse_r0.6,train,fuse,1000,1,random,13,9,0.6923076923076923,0.6,0
SCOPE_all_zh__mix_rel154_evt154,K1000_seed1_coverage__fuse_r0.6,train,fuse,1000,1,coverage,13,10,0.7692307692307693,0.6,0
SCOPE_all_zh__mix_rel154_evt154,K1000_seed2_random__fuse_r0.3,train,fuse,1000,2,random,13,11,0.8461538461538461,0.3,0
SCOPE_all_zh__mix_rel154_evt154,K1000_seed2_coverage__fuse_r0.3,train,fuse,1000,2,coverage,13,12,0.9230769230769231,0.3,0
SCOPE_all_zh__mix_rel154_evt154,K1000_seed3_random__fuse_r0.3,train,fuse,1000,3,random,13,11,0.8461538461538461,0.3,0
SCOPE_all_zh__mix_rel154_evt154,K1000_seed3_coverage__fuse_r0.3,train,fuse,1000,3,coverage,13,12,0.9230769230769231,0.3,0
SCOPE_all_zh__mix_rel154_evt154,K1000_seed4_random__fuse_r0.3,train,fuse,1000,4,random,13,11,0.8461538461538461,0.3,0
SCOPE_all_zh__mix_rel154_evt154,K1000_seed4_coverage__fuse_r0.6,train,fuse,1000,4,coverage,13,10,0.7692307692307693,0.6,0
SCOPE_all_zh__mix_rel154_evt154,K1000_seed5_random__fuse_r0.6,train,fuse,1000,5,random,13,9,0.6923076923076923,0.6,0
SCOPE_all_zh__mix_rel154_evt154,K1000_seed5_coverage__fuse_r0.3,train,fuse,1000,5,coverage,13,12,0.9230769230769231,0.3,0
SCOPE_all_zh__mix_rel154_evt154,K5000_seed1_random__fuse_r0.6,train,fuse,5000,1,random,13,9,0.6923076923076923,0.6,0
SCOPE_all_zh__mix_rel154_evt154,K5000_seed1_coverage__fuse_r0.3,train,fuse,5000,1,coverage,13,12,0.9230769230769231,0.3,0
SCOPE_all_zh__mix_rel154_evt154,K5000_seed2_random__fuse_r0.6,train,fuse,5000,2,random,13,9,0.6923076923076923,0.6,0
SCOPE_all_zh__mix_rel154_evt154,K5000_seed2_coverage__fuse_r0.3,train,fuse,5000,2,coverage,13,12,0.9230769230769231,0.3,0
SCOPE_all_zh__mix_rel154_evt154,K5000_seed3_random__fuse_r0.3,train,fuse,5000,3,random,13,11,0.8461538461538461,0.3,0
SCOPE_all_zh__mix_rel154_evt154,K5000_seed3_coverage__fuse_r0.3,train,fuse,5000,3,coverage,13,12,0.9230769230769231,0.3,0
SCOPE_all_zh__mix_rel154_evt154,K5000_seed4_random__fuse_r0.6,train,fuse,5000,4,random,13,10,0.7692307692307693,0.6,0
SCOPE_all_zh__mix_rel154_evt154,K5000_seed4_coverage__fuse_r0.3,train,fuse,5000,4,coverage,13,12,0.9230769230769231,0.3,0
SCOPE_all_zh__mix_rel154_evt154,K5000_seed5_random__fuse_r0.3,train,fuse,5000,5,random,13,11,0.8461538461538461,0.3,0
SCOPE_all_zh__mix_rel154_evt154,K5000_seed5_coverage__fuse_r0.3,train,fuse,5000,5,coverage,13,12,0.9230769230769231,0.3,0
SCOPE_all_zh__mix_rel155_evt155,K200_seed1_random__fuse_r0.6,train,fuse,200,1,random,25,12,0.48,0.6,0
SCOPE_all_zh__mix_rel155_evt155,K200_seed1_coverage__fuse_r0.3,train,fuse,200,1,coverage,25,20,0.8,0.3,0
SCOPE_all_zh__mix_rel155_evt155,K200_seed2_random__fuse_r0.6,train,fuse,200,2,random,25,12,0.48,0.6,0
SCOPE_all_zh__mix_rel155_evt155,K200_seed2_coverage__fuse_r0.6,train,fuse,200,2,coverage,25,12,0.48,0.6,0
SCOPE_all_zh__mix_rel155_evt155,K200_seed3_random__fuse_r0.3,train,fuse,200,3,random,25,20,0.8,0.3,0
SCOPE_all_zh__mix_rel155_evt155,K200_seed3_coverage__fuse_r0.6,train,fuse,200,3,coverage,25,12,0.48,0.6,0
SCOPE_all_zh__mix_rel155_evt155,K200_seed4_random__fuse_r0.3,train,fuse,200,4,random,25,20,0.8,0.3,0
SCOPE_all_zh__mix_rel155_evt155,K200_seed4_coverage__fuse_r0.6,train,fuse,200,4,coverage,25,12,0.48,0.6,0
SCOPE_all_zh__mix_rel155_evt155,K200_seed5_random__fuse_r0.6,train,fuse,200,5,random,25,12,0.48,0.6,0
SCOPE_all_zh__mix_rel155_evt155,K200_seed5_coverage__fuse_r0.3,train,fuse,200,5,coverage,25,20,0.8,0.3,0
SCOPE_all_zh__mix_rel155_evt155,K1000_seed1_random__fuse_r0.6,train,fuse,1000,1,random,25,12,0.48,0.6,0
SCOPE_all_zh__mix_rel155_evt155,K1000_seed1_coverage__fuse_r0.3,train,fuse,1000,1,coverage,25,20,0.8,0.3,0
SCOPE_all_zh__mix_rel155_evt155,K1000_seed2_random__fuse_r0.3,train,fuse,1000,2,random,25,20,0.8,0.3,0
SCOPE_all_zh__mix_rel155_evt155,K1000_seed2_coverage__fuse_r0.3,train,fuse,1000,2,coverage,25,20,0.8,0.3,0
SCOPE_all_zh__mix_rel155_evt155,K1000_seed3_random__fuse_r0.6,train,fuse,1000,3,random,25,12,0.48,0.6,0
SCOPE_all_zh__mix_rel155_evt155,K1000_seed3_coverage__fuse_r0.3,train,fuse,1000,3,coverage,25,20,0.8,0.3,0
SCOPE_all_zh__mix_rel155_evt155,K1000_seed4_random__fuse_r0.6,train,fuse,1000,4,random,25,12,0.48,0.6,0
SCOPE_all_zh__mix_rel155_evt155,K1000_seed4_coverage__fuse_r0.3,train,fuse,1000,4,coverage,25,20,0.8,0.3,0
SCOPE_all_zh__mix_rel155_evt155,K1000_seed5_random__fuse_r0.3,train,fuse,1000,5,random,25,20,0.8,0.3,0
SCOPE_all_zh__mix_rel155_evt155,K1000_seed5_coverage__fuse_r0.6,train,fuse,1000,5,coverage,25,12,0.48,0.6,0
SCOPE_all_zh__mix_rel155_evt155,K5000_seed1_random__fuse_r0.6,train,fuse,5000,1,random,25,12,0.48,0.6,0
SCOPE_all_zh__mix_rel155_evt155,K5000_seed1_coverage__fuse_r0.3,train,fuse,5000,1,coverage,25,20,0.8,0.3,0
SCOPE_all_zh__mix_rel155_evt155,K5000_seed2_random__fuse_r0.6,train,fuse,5000,2,random,25,12,0.48,0.6,0
SCOPE_all_zh__mix_rel155_evt155,K5000_seed2_coverage__fuse_r0.6,train,fuse,5000,2,coverage,25,12,0.48,0.6,0
SCOPE_all_zh__mix_rel155_evt155,K5000_seed3_random__fuse_r0.6,train,fuse,5000,3,random,25,12,0.48,0.6,0
SCOPE_all_zh__mix_rel155_evt155,K5000_seed3_coverage__fuse_r0.3,train,fuse,5000,3,coverage,25,20,0.8,0.3,0
SCOPE_all_zh__mix_rel155_evt155,K5000_seed4_random__fuse_r0.3,train,fuse,5000,4,random,25,20,0.8,0.3,0
SCOPE_all_zh__mix_rel155_evt155,K5000_seed4_coverage__fuse_r0.3,train,fuse,5000,4,coverage,25,20,0.8,0.3,0
SCOPE_all_zh__mix_rel155_evt155,K5000_seed5_random__fuse_r0.3,train,fuse,5000,5,random,25,20,0.8,0.3,0
SCOPE_all_zh__mix_rel155_evt155,K5000_seed5_coverage__fuse_r0.3,train,fuse,5000,5,coverage,25,20,0.8,0.3,0
SCOPE_all_en__mix_rel156_evt156,K200_seed1_random__fuse_r0.6,train,fuse,200,1,random,35,12,0.34285714285714286,0.6,0
SCOPE_all_en__mix_rel156_evt156,K200_seed1_coverage__fuse_r0.3,train,fuse,200,1,coverage,35,27,0.7714285714285715,0.3,0
SCOPE_all_en__mix_rel156_evt156,K200_seed2_random__fuse_r0.6,train,fuse,200,2,random,35,15,0.42857142857142855,0.6,0
SCOPE_all_en__mix_rel156_evt156,K200_seed2_coverage__fuse_r0.6,train,fuse,200,2,coverage,35,18,0.5142857142857142,0.6,0
SCOPE_all_en__mix_rel156_evt156,K200_seed3_random__fuse_r0.6,train,fuse,200,3,random,35,12,0.34285714285714286,0.6,0
SCOPE_all_en__mix_rel156_evt156,K200_seed3_coverage__fuse_r0.6,train,fuse,200,3,coverage,35,18,0.5142857142857142,0.6,0
SCOPE_all_en__mix_rel156_evt156,K200_seed4_random__fuse_r0.6,train,fuse,200,4,random,35,12,0.34285714285714286,0.6,0
SCOPE_all_en__mix_rel156_evt156,K200_seed4_coverage__fuse_r0.6,train,fuse,200,4,coverage,35,18,0.5142857142857142,0.6,0
SCOPE_all_en__mix_rel156_evt156,K200_seed5_random__fuse_r0.3,train,fuse,200,5,random,35,19,0.5428571428571428,0.3,0
SCOPE_all_en__mix_rel156_evt156,K200_seed5_coverage__fuse_r0.6,train,fuse,200,5,coverage,35,18,0.5142857142857142,0.6,0
SCOPE_all_en__mix_rel156_evt156,K1000_seed1_random__fuse_r0.3,train,fuse,1000,1,random,35,23,0.6571428571428571,0.3,0
SCOPE_all_en__mix_rel156_evt156,K1000_seed1_coverage__fuse_r0.6,train,fuse,1000,1,coverage,35,18,0.5142857142857142,0.6,0
SCOPE_all_en__mix_rel156_evt156,K1000_seed2_random__fuse_r0.3,train,fuse,1000,2,random,35,25,0.7142857142857143,0.3,0
SCOPE_all_en__mix_rel156_evt156,K1000_seed2_coverage__fuse_r0.3,train,fuse,1000,2,coverage,35,27,0.7714285714285715,0.3,0
SCOPE_all_en__mix_rel156_evt156,K1000_seed3_random__fuse_r0.3,train,fuse,1000,3,random,35,25,0.7142857142857143,0.3,0
SCOPE_all_en__mix_rel156_evt156,K1000_seed3_coverage__fuse_r0.6,train,fuse,1000,3,coverage,35,18,0.5142857142857142,0.6,0
SCOPE_all_en__mix_rel156_evt156,K1000_seed4_random__fuse_r0.6,train,fuse,1000,4,random,35,17,0.4857142857142857,0.6,0
SCOPE_all_en__mix_rel156_evt156,K1000_seed4_coverage__fuse_r0.3,train,fuse,1000,4,coverage,35,27,0.7714285714285715,0.3,0
SCOPE_all_en__mix_rel156_evt156,K1000_seed5_random__fuse_r0.3,train,fuse,1000,5,random,35,25,0.7142857142857143,0.3,0
SCOPE_all_en__mix_rel156_evt156,K1000_seed5_coverage__fuse_r0.3,train,fuse,1000,5,coverage,35,27,0.7714285714285715,0.3,0
SCOPE_all_en__mix_rel156_evt156,K5000_seed1_random__fuse_r0.3,train,fuse,5000,1,random,35,25,0.7142857142857143,0.3,0
SCOPE_all_en__mix_rel156_evt156,K5000_seed1_coverage__fuse_r0.6,train,fuse,5000,1,coverage,35,18,0.5142857142857142,0.6,0
SCOPE_all_en__mix_rel156_evt156,K5000_seed2_random__fuse_r0.3,train,fuse,5000,2,random,35,26,0.7428571428571429,0.3,0
SCOPE_all_en__mix_rel156_evt156,K5000_seed2_coverage__fuse_r0.3,train,fuse,5000,2,coverage,35,27,0.7714285714285715,0.3,0
SCOPE_all_en__mix_rel156_evt156,K5000_seed3_random__fuse_r0.6,train,fuse,5000,3,random,35,17,0.4857142857142857,0.6,0
SCOPE_all_en__mix_rel156_evt156,K5000_seed3_coverage__fuse_r0.3,train,fuse,5000,3,coverage,35,27,0.7714285714285715,0.3,0
SCOPE_all_en__mix_rel156_evt156,K5000_seed4_random__fuse_r0.6,train,fuse,5000,4,random,35,18,0.5142857142857142,0.6,0
SCOPE_all_en__mix_rel156_evt156,K5000_seed4_coverage__fuse_r0.6,train,fuse,5000,4,coverage,35,18,0.5142857142857142,0.6,0
SCOPE_all_en__mix_rel156_evt156,K5000_seed5_random__fuse_r0.3,train,fuse,5000,5,random,35,27,0.7714285714285715,0.3,0
SCOPE_all_en__mix_rel156_evt156,K5000_seed5_coverage__fuse_r0.3,train,fuse,5000,5,coverage,35,27,0.7714285714285715,0.3,0
SCOPE_all_zh__mix_rel157_evt157,K200_seed1_random__fuse_r0.6,train,fuse,200,1,random,12,10,0.8333333333333334,0.6,0
SCOPE_all_zh__mix_rel157_evt157,K200_seed1_coverage__fuse_r0.3,train,fuse,200,1,coverage,12,11,0.9166666666666666,0.3,0
SCOPE_all_zh__mix_rel157_evt157,K200_seed2_random__fuse_r0.6,train,fuse,200,2,random,12,10,0.8333333333333334,0.6,0
SCOPE_all_zh__mix_rel157_evt157,K200_seed2_coverage__fuse_r0.6,train,fuse,200,2,coverage,12,10,0.8333333333333334,0.6,0
SCOPE_all_zh__mix_rel157_evt157,K200_seed3_random__fuse_r0.3,train,fuse,200,3,random,12,11,0.9166666666666666,0.3,0
SCOPE_all_zh__mix_rel157_evt157,K200_seed3_coverage__fuse_r0.6,train,fuse,200,3,coverage,12,10,0.8333333333333334,0.6,0
SCOPE_all_zh__mix_rel157_evt157,K200_seed4_random__fuse_r0.3,train,fuse,200,4,random,12,11,0.9166666666666666,0.3,0
SCOPE_all_zh__mix_rel157_evt157,K200_seed4_coverage__fuse_r0.6,train,fuse,200,4,coverage,12,10,0.8333333333333334,0.6,0
SCOPE_all_zh__mix_rel157_evt157,K200_seed5_random__fuse_r0.6,train,fuse,200,5,random,12,10,0.8333333333333334,0.6,0
SCOPE_all_zh__mix_rel157_evt157,K200_seed5_coverage__fuse_r0.6,train,fuse,200,5,coverage,12,10,0.8333333333333334,0.6,0
SCOPE_all_zh__mix_rel157_evt157,K1000_seed1_random__fuse_r0.3,train,fuse,1000,1,random,12,11,0.9166666666666666,0.3,0
SCOPE_all_zh__mix_rel157_evt157,K1000_seed1_coverage__fuse_r0.6,train,fuse,1000,1,coverage,12,10,0.8333333333333334,0.6,0
SCOPE_all_zh__mix_rel157_evt157,K1000_seed2_random__fuse_r0.6,train,fuse,1000,2,random,12,10,0.8333333333333334,0.6,0
SCOPE_all_zh__mix_rel157_evt157,K1000_seed2_coverage__fuse_r0.3,train,fuse,1000,2,coverage,12,11,0.9166666666666666,0.3,0
SCOPE_all_zh__mix_rel157_evt157,K1000_seed3_random__fuse_r0.3,train,fuse,1000,3,random,12,11,0.9166666666666666,0.3,0
SCOPE_all_zh__mix_rel157_evt157,K1000_seed3_coverage__fuse_r0.6,train,fuse,1000,3,coverage,12,10,0.8333333333333334,0.6,0
SCOPE_all_zh__mix_rel157_evt157,K1000_seed4_random__fuse_r0.3,train,fuse,1000,4,random,12,11,0.9166666666666666,0.3,0
SCOPE_all_zh__mix_rel157_evt157,K1000_seed4_coverage__fuse_r0.3,train,fuse,1000,4,coverage,12,11,0.9166666666666666,0.3,0
SCOPE_all_zh__mix_rel157_evt157,K1000_seed5_random__fuse_r0.6,train,fuse,1000,5,random,12,10,0.8333333333333334,0.6,0
SCOPE_all_zh__mix_rel157_evt157,K1000_seed5_coverage__fuse_r0.3,train,fuse,1000,5,coverage,12,11,0.9166666666666666,0.3,0
SCOPE_all_zh__mix_rel157_evt157,K5000_seed1_random__fuse_r0.6,train,fuse,5000,1,random,12,10,0.8333333333333334,0.6,0
SCOPE_all_zh__mix_rel157_evt157,K5000_seed1_coverage__fuse_r0.6,train,fuse,5000,1,coverage,12,10,0.8333333333333334,0.6,0
SCOPE_all_zh__mix_rel157_evt157,K5000_seed2_random__fuse_r0.6,train,fuse,5000,2,random,12,10,0.8333333333333334,0.6,0
SCOPE_all_zh__mix_rel157_evt157,K5000_seed2_coverage__fuse_r0.3,train,fuse,5000,2,coverage,12,11,0.9166666666666666,0.3,0
SCOPE_all_zh__mix_rel157_evt157,K5000_seed3_random__fuse_r0.3,train,fuse,5000,3,random,12,11,0.9166666666666666,0.3,0
SCOPE_all_zh__mix_rel157_evt157,K5000_seed3_coverage__fuse_r0.3,train,fuse,5000,3,coverage,12,11,0.9166666666666666,0.3,0
SCOPE_all_zh__mix_rel157_evt157,K5000_seed4_random__fuse_r0.3,train,fuse,5000,4,random,12,11,0.9166666666666666,0.3,0
SCOPE_all_zh__mix_rel157_evt157,K5000_seed4_coverage__fuse_r0.6,train,fuse,5000,4,coverage,12,10,0.8333333333333334,0.6,0
SCOPE_all_zh__mix_rel157_evt157,K5000_seed5_random__fuse_r0.6,train,fuse,5000,5,random,12,10,0.8333333333333334,0.6,0
SCOPE_all_zh__mix_rel157_evt157,K5000_seed5_coverage__fuse_r0.3,train,fuse,5000,5,coverage,12,11,0.9166666666666666,0.3,0
SCOPE_all_en__mix_rel158_evt158,K200_seed1_random__fuse_r0.3,train,fuse,200,1,random,23,16,0.6956521739130435,0.3,0
SCOPE_all_en__mix_rel158_evt158,K200_seed1_coverage__fuse_r0.3,train,fuse,200,1,coverage,23,19,0.8260869565217391,0.3,0
SCOPE_all_en__mix_rel158_evt158,K200_seed2_random__fuse_r0.6,train,fuse,200,2,random,23,13,0.5652173913043478,0.6,0
SCOPE_all_en__mix_rel158_evt158,K200_seed2_coverage__fuse_r0.3,train,fuse,200,2,coverage,23,19,0.8260869565217391,0.3,0
SCOPE_all_en__mix_rel158_evt158,K200_seed3_random__fuse_r0.6,train,fuse,200,3,random,23,12,0.5217391304347826,0.6,0
SCOPE_all_en__mix_rel158_evt158,K200_seed3_coverage__fuse_r0.6,train,fuse,200,3,coverage,23,13,0.5652173913043478,0.6,0
SCOPE_all_en__mix_rel158_evt158,K200_seed4_random__fuse_r0.3,train,fuse,200,4,random,23,16,0.6956521739130435,0.3,0
SCOPE_all_en__mix_rel158_evt158,K200_seed4_coverage__fuse_r0.6,train,fuse,200,4,coverage,23,13,0.5652173913043478,0.6,0
SCOPE_all_en__mix_rel158_evt158,K200_seed5_random__fuse_r0.6,train,fuse,200,5,random,23,12,0.5217391304347826,0.6,0
SCOPE_all_en__mix_rel158_evt158,K200_seed5_coverage__fuse_r0.6,train,fuse,200,5,coverage,23,13,0.5652173913043478,0.6,0
SCOPE_all_en__mix_rel158_evt158,K1000_seed1_random__fuse_r0.6,train,fuse,1000,1,random,23,13,0.5652173913043478,0.6,0
SCOPE_all_en__mix_rel158_evt158,K1000_seed1_coverage__fuse_r0.6,train,fuse,1000,1,coverage,23,13,0.5652173913043478,0.6,0
SCOPE_all_en__mix_rel158_evt158,K1000_seed2_random__fuse_r0.3,train,fuse,1000,2,random,23,19,0.8260869565217391,0.3,0
SCOPE_all_en__mix_rel158_evt158,K1000_seed2_coverage__fuse_r0.3,train,fuse,1000,2,coverage,23,19,0.8260869565217391,0.3,0
SCOPE_all_en__mix_rel158_evt158,K1000_seed3_random__fuse_r0.3,train,fuse,1000,3,random,23,19,0.8260869565217391,0.3,0
SCOPE_all_en__mix_rel158_evt158,K1000_seed3_coverage__fuse_r0.3,train,fuse,1000,3,coverage,23,19,0.8260869565217391,0.3,0
SCOPE_all_en__mix_rel158_evt158,K1000_seed4_random__fuse_r0.3,train,fuse,1000,4,random,23,18,0.782608695652174,0.3,0
SCOPE_all_en__mix_rel158_evt158,K1000_seed4_coverage__fuse_r0.6,train,fuse,1000,4,coverage,23,13,0.5652173913043478,0.6,0
SCOPE_all_en__mix_rel158_evt158,K1000_seed5_random__fuse_r0.3,train,fuse,1000,5,random,23,19,0.8260869565217391,0.3,0
SCOPE_all_en__mix_rel158_evt158,K1000_seed5_coverage__fuse_r0.3,train,fuse,1000,5,coverage,23,19,0.8260869565217391,0.3,0
SCOPE_all_en__mix_rel158_evt158,K5000_seed1_random__fuse_r0.6,train,fuse,5000,1,random,23,13,0.5652173913043478,0.6,0
SCOPE_all_en__mix_rel158_evt158,K5000_seed1_coverage__fuse_r0.6,train,fuse,5000,1,coverage,23,13,0.5652173913043478,0.6,0
SCOPE_all_en__mix_rel158_evt158,K5000_seed2_random__fuse_r0.3,train,fuse,5000,2,random,23,19,0.8260869565217391,0.3,0
SCOPE_all_en__mix_rel158_evt158,K5000_seed2_coverage__fuse_r0.6,train,fuse,5000,2,coverage,23,13,0.5652173913043478,0.6,0
SCOPE_all_en__mix_rel158_evt158,K5000_seed3_random__fuse_r0.3,train,fuse,5000,3,random,23,19,0.8260869565217391,0.3,0
SCOPE_all_en__mix_rel158_evt158,K5000_seed3_coverage__fuse_r0.3,train,fuse,5000,3,coverage,23,19,0.8260869565217391,0.3,0
SCOPE_all_en__mix_rel158_evt158,K5000_seed4_random__fuse_r0.3,train,fuse,5000,4,random,23,19,0.8260869565217391,0.3,0
SCOPE_all_en__mix_rel158_evt158,K5000_seed4_coverage__fuse_r0.6,train,fuse,5000,4,coverage,23,13,0.5652173913043478,0.6,0
SCOPE_all_en__mix_rel158_evt158,K5000_seed5_random__fuse_r0.3,train,fuse,5000,5,random,23,19,0.8260869565217391,0.3,0
SCOPE_all_en__mix_rel158_evt158,K5000_seed5_coverage__fuse_r0.3,train,fuse,5000,5,coverage,23,19,0.8260869565217391,0.3,0
SCOPE_all_zh__mix_rel159_evt159,K200_seed1_random__fuse_r0.3,train,fuse,200,1,random,15,12,0.8,0.3,0
SCOPE_all_zh__mix_rel159_evt159,K200_seed1_coverage__fuse_r0.6,train,fuse,200,1,coverage,15,8,0.5333333333333333,0.6,0
SCOPE_all_zh__mix_rel159_evt159,K200_seed2_random__fuse_r0.3,train,fuse,200,2,random,15,12,0.8,0.3,0
SCOPE_all_zh__mix_rel159_evt159,K200_seed2_coverage__fuse_r0.3,train,fuse,200,2,coverage,15,12,0.8,0.3,0
SCOPE_all_zh__mix_rel159_evt159,K200_seed3_random__fuse_r0.6,train,fuse,200,3,random,15,8,0.5333333333333333,0.6,0
SCOPE_all_zh__mix_rel159_evt159,K200_seed3_coverage__fuse_r0.3,train,fuse,200,3,coverage,15,12,0.8,0.3,0
SCOPE_all_zh__mix_rel159_evt159,K200_seed4_random__fuse_r0.3,train,fuse,200,4,random,15,12,0.8,0.3,0
SCOPE_all_zh__mix_rel159_evt159,K200_seed4_coverage__fuse_r0.3,train,fuse,200,4,coverage,15,12,0.8,0.3,0
SCOPE_all_zh__mix_rel159_evt159,K200_seed5_random__fuse_r0.6,train,fuse,200,5,random,15,8,0.5333333333333333,0.6,0
SCOPE_all_zh__mix_rel159_evt159,K200_seed5_coverage__fuse_r0.6,train,fuse,200,5,coverage,15,8,0.5333333333333333,0.6,0
SCOPE_all_zh__mix_rel159_evt159,K1000_seed1_random__fuse_r0.3,train,fuse,1000,1,random,15,12,0.8,0.3,0
SCOPE_all_zh__mix_rel159_evt159,K1000_seed1_coverage__fuse_r0.6,train,fuse,1000,1,coverage,15,8,0.5333333333333333,0.6,0
SCOPE_all_zh__mix_rel159_evt159,K1000_seed2_random__fuse_r0.6,train,fuse,1000,2,random,15,8,0.5333333333333333,0.6,0
SCOPE_all_zh__mix_rel159_evt159,K1000_seed2_coverage__fuse_r0.6,train,fuse,1000,2,coverage,15,8,0.5333333333333333,0.6,0
SCOPE_all_zh__mix_rel159_evt159,K1000_seed3_random__fuse_r0.3,train,fuse,1000,3,random,15,12,0.8,0.3,0
SCOPE_all_zh__mix_rel159_evt159,K1000_seed3_coverage__fuse_r0.3,train,fuse,1000,3,coverage,15,12,0.8,0.3,0
SCOPE_all_zh__mix_rel159_evt159,K1000_seed4_random__fuse_r0.6,train,fuse,1000,4,random,15,8,0.5333333333333333,0.6,0
SCOPE_all_zh__mix_rel159_evt159,K1000_seed4_coverage__fuse_r0.3,train,fuse,1000,4,coverage,15,12,0.8,0.3,0
SCOPE_all_zh__mix_rel159_evt159,K1000_seed5_random__fuse_r0.6,train,fuse,1000,5,random,15,8,0.5333333333333333,0.6,0
SCOPE_all_zh__mix_rel159_evt159,K1000_seed5_coverage__fuse_r0.6,train,fuse,1000,5,coverage,15,8,0.5333333333333333,0.6,0
SCOPE_all_zh__mix_rel159_evt159,K5000_seed1_random__fuse_r0.6,train,fuse,5000,1,random,15,8,0.5333333333333333,0.6,0
SCOPE_all_zh__mix_rel159_evt159,K5000_seed1_coverage__fuse_r0.6,train,fuse,5000,1,coverage,15,8,0.5333333333333333,0.6,0
SCOPE_all_zh__mix_rel159_evt159,K5000_seed2_random__fuse_r0.6,train,fuse,5000,2,random,15,8,0.5333333333333333,0.6,0
SCOPE_all_zh__mix_rel159_evt159,K5000_seed2_coverage__fuse_r0.6,train,fuse,5000,2,coverage,15,8,0.5333333333333333,0.6,0
SCOPE_all_zh__mix_rel159_evt159,K5000_seed3_random__fuse_r0.6,train,fuse,5000,3,random,15,8,0.5333333333333333,0.6,0
SCOPE_all_zh__mix_rel159_evt159,K5000_seed3_coverage__fuse_r0.3,train,fuse,5000,3,coverage,15,12,0.8,0.3,0
SCOPE_all_zh__mix_rel159_evt159,K5000_seed4_random__fuse_r0.3,train,fuse,5000,4,random,15,12,0.8,0.3,0
SCOPE_all_zh__mix_rel159_evt159,K5000_seed4_coverage__fuse_r0.6,train,fuse,5000,4,coverage,15,8,0.5333333333333333,0.6,0
SCOPE_all_zh__mix_rel159_evt159,K5000_seed5_random__fuse_r0.3,train,fuse,5000,5,random,15,12,0.8,0.3,0
SCOPE_all_zh__mix_rel159_evt159,K5000_seed5_coverage__fuse_r0.6,train,fuse,5000,5,coverage,15,8,0.5333333333333333,0.6,0
SCOPE_all_zh__mix_rel160_evt160,K200_seed1_random__fuse_r0.3,train,fuse,200,1,random,30,21,0.7,0.3,0
SCOPE_all_zh__mix_rel160_evt160,K200_seed1_coverage__fuse_r0.6,train,fuse,200,1,coverage,30,17,0.5666666666666667,0.6,0
SCOPE_all_zh__mix_rel160_evt160,K200_seed2_random__fuse_r0.6,train,fuse,200,2,random,30,15,0.5,0.6,0
SCOPE_all_zh__mix_rel160_evt160,K200_seed2_coverage__fuse_r0.6,train,fuse,200,2,coverage,30,17,0.5666666666666667,0.6,0
SCOPE_all_zh__mix_rel160_evt160,K200_seed3_random__fuse_r0.3,train,fuse,200,3,random,30,23,0.7666666666666667,0.3,0
SCOPE_all_zh__mix_rel160_evt160,K200_seed3_coverage__fuse_r0.6,train,fuse,200,3,coverage,30,17,0.5666666666666667,0.6,0
SCOPE_all_zh__mix_rel160_evt160,K200_seed4_random__fuse_r0.6,train,fuse,200,4,random,30,14,0.4666666666666667,0.6,0
SCOPE_all_zh__mix_rel160_evt160,K200_seed4_coverage__fuse_r0.3,train,fuse,200,4,coverage,30,25,0.8333333333333334,0.3,0
SCOPE_all_zh__mix_rel160_evt160,K200_seed5_random__fuse_r0.3,train,fuse,200,5,random,30,22,0.7333333333333333,0.3,0
SCOPE_all_zh__mix_rel160_evt160,K200_seed5_coverage__fuse_r0.3,train,fuse,200,5,coverage,30,25,0.8333333333333334,0.3,0
SCOPE_all_zh__mix_rel160_evt160,K1000_seed1_random__fuse_r0.3,train,fuse,1000,1,random,30,24,0.8,0.3,0
SCOPE_all_zh__mix_rel160_evt160,K1000_seed1_coverage__fuse_r0.3,train,fuse,1000,1,coverage,30,25,0.8333333333333334,0.3,0
SCOPE_all_zh__mix_rel160_evt160,K1000_seed2_random__fuse_r0.6,train,fuse,1000,2,random,30,17,0.5666666666666667,0.6,0
SCOPE_all_zh__mix_rel160_evt160,K1000_seed2_coverage__fuse_r0.3,train,fuse,1000,2,coverage,30,25,0.8333333333333334,0.3,0
SCOPE_all_zh__mix_rel160_evt160,K1000_seed3_random__fuse_r0.3,train,fuse,1000,3,random,30,24,0.8,0.3,0
SCOPE_all_zh__mix_rel160_evt160,K1000_seed3_coverage__fuse_r0.3,train,fuse,1000,3,coverage,30,25,0.8333333333333334,0.3,0
SCOPE_all_zh__mix_rel160_evt160,K1000_seed4_random__fuse_r0.6,train,fuse,1000,4,random,30,16,0.5333333333333333,0.6,0
SCOPE_all_zh__mix_rel160_evt160,K1000_seed4_coverage__fuse_r0.6,train,fuse,1000,4,coverage,30,17,0.5666666666666667,0.6,0
SCOPE_all_zh__mix_rel160_evt160,K1000_seed5_random__fuse_r0.3,train,fuse,1000,5,random,30,23,0.7666666666666667,0.3,0
SCOPE_all_zh__mix_rel160_evt160,K1000_seed5_coverage__fuse_r0.3,train,fuse,1000,5,coverage,30,25,0.8333333333333334,0.3,0
SCOPE_all_zh__mix_rel160_evt160,K5000_seed1_random__fuse_r0.3,train,fuse,5000,1,random,30,25,0.8333333333333334,0.3,0
SCOPE_all_zh__mix_rel160_evt160,K5000_seed1_coverage__fuse_r0.6,train,fuse,5000,1,coverage,30,17,0.5666666666666667,0.6,0
SCOPE_all_zh__mix_rel160_evt160,K5000_seed2_random__fuse_r0.3,train,fuse,5000,2,random,30,25,0.8333333333333334,0.3,0
SCOPE_all_zh__mix_rel160_evt160,K5000_seed2_coverage__fuse_r0.6,train,fuse,5000,2,coverage,30,17,0.5666666666666667,0.6,0
SCOPE_all_zh__mix_rel160_evt160,K5000_seed3_random__fuse_r0.6,train,fuse,5000,3,random,30,17,0.5666666666666667,0.6,0
SCOPE_all_zh__mix_rel160_evt160,K5000_seed3_coverage__fuse_r0.3,train,fuse,5000,3,coverage,30,25,0.8333333333333334,0.3,0
SCOPE_all_zh__mix_rel160_evt160,K5000_seed4_random__fuse_r0.3,train,fuse,5000,4,random,30,25,0.8333333333333334,0.3,0
SCOPE_all_zh__mix_rel160_evt160,K5000_seed4_coverage__fuse_r0.6,train,fuse,5000,4,coverage,30,17,0.5666666666666667,0.6,0
SCOPE_all_zh__mix_rel160_evt160,K5000_seed5_random__fuse_r0.6,train,fuse,5000,5,random,30,17,0.5666666666666667,0.6,0
SCOPE_all_zh__mix_rel160_evt160,K5000_seed5_coverage__fuse_r0.3,train,fuse,5000,5,coverage,30,25,0.8333333333333334,0.3,0
SCOPE_all_zh__mix_rel161_evt161,K200_seed1_random__fuse_r0.6,train,fuse,200,1,random,27,15,0.5555555555555556,0.6,0
SCOPE_all_zh__mix_rel161_evt161,K200_seed1_coverage__fuse_r0.3,train,fuse,200,1,coverage,27,22,0.8148148148148148,0.3,0
SCOPE_all_zh__mix_rel161_evt161,K200_seed2_random__fuse_r0.3,train,fuse,200,2,random,27,22,0.8148148148148148,0.3,0
SCOPE_all_zh__mix_rel161_evt161,K200_seed2_coverage__fuse_r0.6,train,fuse,200,2,coverage,27,15,0.5555555555555556,0.6,0
SCOPE_all_zh__mix_rel161_evt161,K200_seed3_random__fuse_r0.6,train,fuse,200,3,random,27,15,0.5555555555555556,0.6,0
SCOPE_all_zh__mix_rel161_evt161,K200_seed3_coverage__fuse_r0.3,train,fuse,200,3,coverage,27,22,0.8148148148148148,0.3,0
SCOPE_all_zh__mix_rel161_evt161,K200_seed4_random__fuse_r0.3,train,fuse,200,4,random,27,22,0.8148148148148148,0.3,0
SCOPE_all_zh__mix_rel161_evt161,K200_seed4_coverage__fuse_r0.3,train,fuse,200,4,coverage,27,22,0.8148148148148148,0.3,0
SCOPE_all_zh__mix_rel161_evt161,K200_seed5_random__fuse_r0.6,train,fuse,200,5,random,27,15,0.5555555555555556,0.6,0
SCOPE_all_zh__mix_rel161_evt161,K200_seed5_coverage__fuse_r0.3,train,fuse,200,5,coverage,27,22,0.8148148148148148,0.3,0
SCOPE_all_zh__mix_rel161_evt161,K1000_seed1_random__fuse_r0.3,train,fuse,1000,1,random,27,22,0.8148148148148148,0.3,0
SCOPE_all_zh__mix_rel161_evt161,K1000_seed1_coverage__fuse_r0.3,train,fuse,1000,1,coverage,27,22,0.8148148148148148,0.3,0
SCOPE_all_zh__mix_rel161_evt161,K1000_seed2_random__fuse_r0.3,train,fuse,1000,2,random,27,22,0.8148148148148148,0.3,0
SCOPE_all_zh__mix_rel161_evt161,K1000_seed2_coverage__fuse_r0.6,train,fuse,1000,2,coverage,27,15,0.5555555555555556,0.6,0
SCOPE_all_zh__mix_rel161_evt161,K1000_seed3_random__fuse_r0.3,train,fuse,1000,3,random,27,22,0.8148148148148148,0.3,0
SCOPE_all_zh__mix_rel161_evt161,K1000_seed3_coverage__fuse_r0.3,train,fuse,1000,3,coverage,27,22,0.8148148148148148,0.3,0
SCOPE_all_zh__mix_rel161_evt161,K1000_seed4_random__fuse_r0.3,train,fuse,1000,4,random,27,22,0.8148148148148148,0.3,0
SCOPE_all_zh__mix_rel161_evt161,K1000_seed4_coverage__fuse_r0.6,train,fuse,1000,4,coverage,27,15,0.5555555555555556,0.6,0
SCOPE_all_zh__mix_rel161_evt161,K1000_seed5_random__fuse_r0.3,train,fuse,1000,5,random,27,22,0.8148148148148148,0.3,0
SCOPE_all_zh__mix_rel161_evt161,K1000_seed5_coverage__fuse_r0.6,train,fuse,1000,5,coverage,27,15,0.5555555555555556,0.6,0
SCOPE_all_zh__mix_rel161_evt161,K5000_seed1_random__fuse_r0.6,train,fuse,5000,1,random,27,15,0.5555555555555556,0.6,0
SCOPE_all_zh__mix_rel161_evt161,K5000_seed1_coverage__fuse_r0.3,train,fuse,5000,1,coverage,27,22,0.8148148148148148,0.3,0
SCOPE_all_zh__mix_rel161_evt161,K5000_seed2_random__fuse_r0.6,train,fuse,5000,2,random,27,15,0.5555555555555556,0.6,0
SCOPE_all_zh__mix_rel161_evt161,K5000_seed2_coverage__fuse_r0.6,train,fuse,5000,2,coverage,27,15,0.5555555555555556,0.6,0
SCOPE_all_zh__mix_rel161_evt161,K5000_seed3_random__fuse_r0.3,train,fuse,5000,3,random,27,22,0.8148148148148148,0.3,0
SCOPE_all_zh__mix_rel161_evt161,K5000_seed3_coverage__fuse_r0.3,train,fuse,5000,3,coverage,27,22,0.8148148148148148,0.3,0
SCOPE_all_zh__mix_rel161_evt161,K5000_seed4_random__fuse_r0.6,train,fuse,5000,4,random,27,15,0.5555555555555556,0.6,0
SCOPE_all_zh__mix_rel161_evt161,K5000_seed4_coverage__fuse_r0.3,train,fuse,5000,4,coverage,27,22,0.8148148148148148,0.3,0
SCOPE_all_zh__mix_rel161_evt161,K5000_seed5_random__fuse_r0.3,train,fuse,5000,5,random,27,22,0.8148148148148148,0.3,0
SCOPE_all_zh__mix_rel161_evt161,K5000_seed5_coverage__fuse_r0.3,train,fuse,5000,5,coverage,27,22,0.8148148148148148,0.3,0
SCOPE_all_zh__mix_rel162_evt162,K200_seed1_random__fuse_r0.3,train,fuse,200,1,random,26,23,0.8846153846153846,0.3,0
SCOPE_all_zh__mix_rel162_evt162,K200_seed1_coverage__fuse_r0.6,train,fuse,200,1,coverage,26,18,0.6923076923076923,0.6,0
SCOPE_all_zh__mix_rel162_evt162,K200_seed2_random__fuse_r0.6,train,fuse,200,2,random,26,18,0.6923076923076923,0.6,0
SCOPE_all_zh__mix_rel162_evt162,K200_seed2_coverage__fuse_r0.3,train,fuse,200,2,coverage,26,24,0.9230769230769231,0.3,0
SCOPE_all_zh__mix_rel162_evt162,K200_seed3_random__fuse_r0.6,train,fuse,200,3,random,26,17,0.6538461538461539,0.6,0
SCOPE_all_zh__mix_rel162_evt162,K200_seed3_coverage__fuse_r0.3,train,fuse,200,3,coverage,26,24,0.9230769230769231,0.3,0
SCOPE_all_zh__mix_rel162_evt162,K200_seed4_random__fuse_r0.6,train,fuse,200,4,random,26,17,0.6538461538461539,0.6,0
SCOPE_all_zh__mix_rel162_evt162,K200_seed4_coverage__fuse_r0.3,train,fuse,200,4,coverage,26,24,0.9230769230769231,0.3,0
SCOPE_all_zh__mix_rel162_evt162,K200_seed5_random__fuse_r0.3,train,fuse,200,5,random,26,22,0.8461538461538461,0.3,0
SCOPE_all_zh__mix_rel162_evt162,K200_seed5_coverage__fuse_r0.6,train,fuse,200,5,coverage,26,18,0.6923076923076923,0.6,0
SCOPE_all_zh__mix_rel162_evt162,K1000_seed1_random__fuse_r0.3,train,fuse,1000,1,random,26,24,0.9230769230769231,0.3,0
SCOPE_all_zh__mix_rel162_evt162,K1000_seed1_coverage__fuse_r0.3,train,fuse,1000,1,coverage,26,24,0.9230769230769231,0.3,0
SCOPE_all_zh__mix_rel162_evt162,K1000_seed2_random__fuse_r0.6,train,fuse,1000,2,random,26,18,0.6923076923076923,0.6,0
SCOPE_all_zh__mix_rel162_evt162,K1000_seed2_coverage__fuse_r0.6,train,fuse,1000,2,coverage,26,18,0.6923076923076923,0.6,0
SCOPE_all_zh__mix_rel162_evt162,K1000_seed3_random__fuse_r0.6,train,fuse,1000,3,random,26,18,0.6923076923076923,0.6,0
SCOPE_all_zh__mix_rel162_evt162,K1000_seed3_coverage__fuse_r0.3,train,fuse,1000,3,coverage,26,24,0.9230769230769231,0.3,0
SCOPE_all_zh__mix_rel162_evt162,K1000_seed4_random__fuse_r0.6,train,fuse,1000,4,random,26,18,0.6923076923076923,0.6,0
SCOPE_all_zh__mix_rel162_evt162,K1000_seed4_coverage__fuse_r0.3,train,fuse,1000,4,coverage,26,24,0.9230769230769231,0.3,0
SCOPE_all_zh__mix_rel162_evt162,K1000_seed5_random__fuse_r0.3,train,fuse,1000,5,random,26,24,0.9230769230769231,0.3,0
SCOPE_all_zh__mix_rel162_evt162,K1000_seed5_coverage__fuse_r0.6,train,fuse,1000,5,coverage,26,18,0.6923076923076923,0.6,0
SCOPE_all_zh__mix_rel162_evt162,K5000_seed1_random__fuse_r0.3,train,fuse,5000,1,random,26,24,0.9230769230769231,0.3,0
SCOPE_all_zh__mix_rel162_evt162,K5000_seed1_coverage__fuse_r0.6,train,fuse,5000,1,coverage,26,18,0.6923076923076923,0.6,0
SCOPE_all_zh__mix_rel162_evt162,K5000_seed2_random__fuse_r0.3,train,fuse,5000,2,random,26,24,0.9230769230769231,0.3,0
SCOPE_all_zh__mix_rel162_evt162,K5000_seed2_coverage__fuse_r0.3,train,fuse,5000,2,coverage,26,24,0.9230769230769231,0.3,0
SCOPE_all_zh__mix_rel162_evt162,K5000_seed3_random__fuse_r0.6,train,fuse,5000,3,random,26,18,0.6923076923076923,0.6,0
SCOPE_all_zh__mix_rel162_evt162,K5000_seed3_coverage__fuse_r0.6,train,fuse,5000,3,coverage,26,18,0.6923076923076923,0.6,0
SCOPE_all_zh__mix_rel162_evt162,K5000_seed4_random__fuse_r0.6,train,fuse,5000,4,random,26,18,0.6923076923076923,0.6,0
SCOPE_all_zh__mix_rel162_evt162,K5000_seed4_coverage__fuse_r0.6,train,fuse,5000,4,coverage,26,18,0.6923076923076923,0.6,0
SCOPE_all_zh__mix_rel162_evt162,K5000_seed5_random__fuse_r0.3,train,fuse,5000,5,random,26,24,0.9230769230769231,0.3,0
SCOPE_all_zh__mix_rel162_evt162,K5000_seed5_coverage__fuse_r0.6,train,fuse,5000,5,coverage,26,18,0.6923076923076923,0.6,0
SCOPE_all_zh__mix_rel163_evt163,K200_seed1_random__fuse_r0.3,train,fuse,200,1,random,17,16,0.9411764705882353,0.3,0
SCOPE_all_zh__mix_rel163_evt163,K200_seed1_coverage__fuse_r0.3,train,fuse,200,1,coverage,17,16,0.9411764705882353,0.3,0
SCOPE_all_zh__mix_rel163_evt163,K200_seed2_random__fuse_r0.6,train,fuse,200,2,random,17,12,0.7058823529411765,0.6,0
SCOPE_all_zh__mix_rel163_evt163,K200_seed2_coverage__fuse_r0.6,train,fuse,200,2,coverage,17,12,0.7058823529411765,0.6,0
SCOPE_all_zh__mix_rel163_evt163,K200_seed3_random__fuse_r0.3,train,fuse,200,3,random,17,15,0.8823529411764706,0.3,0
SCOPE_all_zh__mix_rel163_evt163,K200_seed3_coverage__fuse_r0.3,train,fuse,200,3,coverage,17,16,0.9411764705882353,0.3,0
SCOPE_all_zh__mix_rel163_evt163,K200_seed4_random__fuse_r0.3,train,fuse,200,4,random,17,16,0.9411764705882353,0.3,0
SCOPE_all_zh__mix_rel163_evt163,K200_seed4_coverage__fuse_r0.6,train,fuse,200,4,coverage,17,12,0.7058823529411765,0.6,0
SCOPE_all_zh__mix_rel163_evt163,K200_seed5_random__fuse_r0.6,train,fuse,200,5,random,17,12,0.7058823529411765,0.6,0
SCOPE_all_zh__mix_rel163_evt163,K200_seed5_coverage__fuse_r0.6,train,fuse,200,5,coverage,17,12,0.7058823529411765,0.6,0
SCOPE_all_zh__mix_rel163_evt163,K1000_seed1_random__fuse_r0.6,train,fuse,1000,1,random,17,12,0.7058823529411765,0.6,0
SCOPE_all_zh__mix_rel163_evt163,K1000_seed1_coverage__fuse_r0.6,train,fuse,1000,1,coverage,17,12,0.7058823529411765,0.6,0
SCOPE_all_zh__mix_rel163_evt163,K1000_seed2_random__fuse_r0.3,train,fuse,1000,2,random,17,16,0.9411764705882353,0.3,0
SCOPE_all_zh__mix_rel163_evt163,K1000_seed2_coverage__fuse_r0.3,train,fuse,1000,2,coverage,17,16,0.9411764705882353,0.3,0
SCOPE_all_zh__mix_rel163_evt163,K1000_seed3_random__fuse_r0.3,train,fuse,1000,3,random,17,16,0.9411764705882353,0.3,0
SCOPE_all_zh__mix_rel163_evt163,K1000_seed3_coverage__fuse_r0.3,train,fuse,1000,3,coverage,17,16,0.9411764705882353,0.3,0
SCOPE_all_zh__mix_rel163_evt163,K1000_seed4_random__fuse_r0.3,train,fuse,1000,4,random,17,16,0.9411764705882353,0.3,0
SCOPE_all_zh__mix_rel163_evt163,K1000_seed4_coverage__fuse_r0.6,train,fuse,1000,4,coverage,17,12,0.7058823529411765,0.6,0
SCOPE_all_zh__mix_rel163_evt163,K1000_seed5_random__fuse_r0.3,train,fuse,1000,5,random,17,16,0.9411764705882353,0.3,0
SCOPE_all_zh__mix_rel163_evt163,K1000_seed5_coverage__fuse_r0.6,train,fuse,1000,5,coverage,17,12,0.7058823529411765,0.6,0
SCOPE_all_zh__mix_rel163_evt163,K5000_seed1_random__fuse_r0.3,train,fuse,5000,1,random,17,16,0.9411764705882353,0.3,0
SCOPE_all_zh__mix_rel163_evt163,K5000_seed1_coverage__fuse_r0.6,train,fuse,5000,1,coverage,17,12,0.7058823529411765,0.6,0
SCOPE_all_zh__mix_rel163_evt163,K5000_seed2_random__fuse_r0.6,train,fuse,5000,2,random,17,12,0.7058823529411765,0.6,0
SCOPE_all_zh__mix_rel163_evt163,K5000_seed2_coverage__fuse_r0.6,train,fuse,5000,2,coverage,17,12,0.7058823529411765,0.6,0
SCOPE_all_zh__mix_rel163_evt163,K5000_seed3_random__fuse_r0.3,train,fuse,5000,3,random,17,16,0.9411764705882353,0.3,0
SCOPE_all_zh__mix_rel163_evt163,K5000_seed3_coverage__fuse_r0.6,train,fuse,5000,3,coverage,17,12,0.7058823529411765,0.6,0
SCOPE_all_zh__mix_rel163_evt163,K5000_seed4_random__fuse_r0.3,train,fuse,5000,4,random,17,16,0.9411764705882353,0.3,0
SCOPE_all_zh__mix_rel163_evt163,K5000_seed4_coverage__fuse_r0.6,train,fuse,5000,4,coverage,17,12,0.7058823529411765,0.6,0
SCOPE_all_zh__mix_rel163_evt163,K5000_seed5_random__fuse_r0.3,train,fuse,5000,5,random,17,16,0.9411764705882353,0.3,0
SCOPE_all_zh__mix_rel163_evt163,K5000_seed5_coverage__fuse_r0.6,train,fuse,5000,5,coverage,17,12,0.7058823529411765,0.6,0
SCOPE_all_en__mix_rel164_evt164,K200_seed1_random__fuse_r0.3,train,fuse,200,1,random,39,23,0.5897435897435898,0.3,0
SCOPE_all_en__mix_rel164_evt164,K200_seed1_coverage__fuse_r0.3,train,fuse,200,1,coverage,39,31,0.7948717948717948,0.3,0
SCOPE_all_en__mix_rel164_evt164,K200_seed2_random__fuse_r0.3,train,fuse,200,2,random,39,24,0.6153846153846154,0.3,0
SCOPE_all_en__mix_rel164_evt164,K200_seed2_coverage__fuse_r0.3,train,fuse,200,2,coverage,39,31,0.7948717948717948,0.3,0
SCOPE_all_en__mix_rel164_evt164,K200_seed3_random__fuse_r0.6,train,fuse,200,3,random,39,18,0.46153846153846156,0.6,0
SCOPE_all_en__mix_rel164_evt164,K200_seed3_coverage__fuse_r0.3,train,fuse,200,3,coverage,39,31,0.7948717948717948,0.3,0
SCOPE_all_en__mix_rel164_evt164,K200_seed4_random__fuse_r0.6,train,fuse,200,4,random,39,17,0.4358974358974359,0.6,0
SCOPE_all_en__mix_rel164_evt164,K200_seed4_coverage__fuse_r0.6,train,fuse,200,4,coverage,39,21,0.5384615384615384,0.6,0
SCOPE_all_en__mix_rel164_evt164,K200_seed5_random__fuse_r0.3,train,fuse,200,5,random,39,27,0.6923076923076923,0.3,0
SCOPE_all_en__mix_rel164_evt164,K200_seed5_coverage__fuse_r0.6,train,fuse,200,5,coverage,39,21,0.5384615384615384,0.6,0
SCOPE_all_en__mix_rel164_evt164,K1000_seed1_random__fuse_r0.6,train,fuse,1000,1,random,39,21,0.5384615384615384,0.6,0
SCOPE_all_en__mix_rel164_evt164,K1000_seed1_coverage__fuse_r0.6,train,fuse,1000,1,coverage,39,21,0.5384615384615384,0.6,0
SCOPE_all_en__mix_rel164_evt164,K1000_seed2_random__fuse_r0.3,train,fuse,1000,2,random,39,31,0.7948717948717948,0.3,0
SCOPE_all_en__mix_rel164_evt164,K1000_seed2_coverage__fuse_r0.3,train,fuse,1000,2,coverage,39,31,0.7948717948717948,0.3,0
SCOPE_all_en__mix_rel164_evt164,K1000_seed3_random__fuse_r0.3,train,fuse,1000,3,random,39,30,0.7692307692307693,0.3,0
SCOPE_all_en__mix_rel164_evt164,K1000_seed3_coverage__fuse_r0.3,train,fuse,1000,3,coverage,39,31,0.7948717948717948,0.3,0
SCOPE_all_en__mix_rel164_evt164,K1000_seed4_random__fuse_r0.3,train,fuse,1000,4,random,39,31,0.7948717948717948,0.3,0
SCOPE_all_en__mix_rel164_evt164,K1000_seed4_coverage__fuse_r0.3,train,fuse,1000,4,coverage,39,31,0.7948717948717948,0.3,0
SCOPE_all_en__mix_rel164_evt164,K1000_seed5_random__fuse_r0.3,train,fuse,1000,5,random,39,30,0.7692307692307693,0.3,0
SCOPE_all_en__mix_rel164_evt164,K1000_seed5_coverage__fuse_r0.6,train,fuse,1000,5,coverage,39,21,0.5384615384615384,0.6,0
SCOPE_all_en__mix_rel164_evt164,K5000_seed1_random__fuse_r0.6,train,fuse,5000,1,random,39,21,0.5384615384615384,0.6,0
SCOPE_all_en__mix_rel164_evt164,K5000_seed1_coverage__fuse_r0.6,train,fuse,5000,1,coverage,39,21,0.5384615384615384,0.6,0
SCOPE_all_en__mix_rel164_evt164,K5000_seed2_random__fuse_r0.6,train,fuse,5000,2,random,39,21,0.5384615384615384,0.6,0
SCOPE_all_en__mix_rel164_evt164,K5000_seed2_coverage__fuse_r0.6,train,fuse,5000,2,coverage,39,21,0.5384615384615384,0.6,0
SCOPE_all_en__mix_rel164_evt164,K5000_seed3_random__fuse_r0.3,train,fuse,5000,3,random,39,31,0.7948717948717948,0.3,0
SCOPE_all_en__mix_rel164_evt164,K5000_seed3_coverage__fuse_r0.3,train,fuse,5000,3,coverage,39,31,0.7948717948717948,0.3,0
SCOPE_all_en__mix_rel164_evt164,K5000_seed4_random__fuse_r0.6,train,fuse,5000,4,random,39,21,0.5384615384615384,0.6,0
SCOPE_all_en__mix_rel164_evt164,K5000_seed4_coverage__fuse_r0.3,train,fuse,5000,4,coverage,39,31,0.7948717948717948,0.3,0
SCOPE_all_en__mix_rel164_evt164,K5000_seed5_random__fuse_r0.3,train,fuse,5000,5,random,39,31,0.7948717948717948,0.3,0
SCOPE_all_en__mix_rel164_evt164,K5000_seed5_coverage__fuse_r0.3,train,fuse,5000,5,coverage,39,31,0.7948717948717948,0.3,0
SCOPE_all_zh__mix_rel165_evt165,K200_seed1_random__fuse_r0.3,train,fuse,200,1,random,5,4,0.8,0.3,0
SCOPE_all_zh__mix_rel165_evt165,K200_seed1_coverage__fuse_r0.6,train,fuse,200,1,coverage,5,3,0.6,0.6,0
SCOPE_all_zh__mix_rel165_evt165,K200_seed2_random__fuse_r0.3,train,fuse,200,2,random,5,4,0.8,0.3,0
SCOPE_all_zh__mix_rel165_evt165,K200_seed2_coverage__fuse_r0.3,train,fuse,200,2,coverage,5,4,0.8,0.3,0
SCOPE_all_zh__mix_rel165_evt165,K200_seed3_random__fuse_r0.6,train,fuse,200,3,random,5,3,0.6,0.6,0
SCOPE_all_zh__mix_rel165_evt165,K200_seed3_coverage__fuse_r0.3,train,fuse,200,3,coverage,5,4,0.8,0.3,0
SCOPE_all_zh__mix_rel165_evt165,K200_seed4_random__fuse_r0.6,train,fuse,200,4,random,5,3,0.6,0.6,0
SCOPE_all_zh__mix_rel165_evt165,K200_seed4_coverage__fuse_r0.6,train,fuse,200,4,coverage,5,3,0.6,0.6,0
SCOPE_all_zh__mix_rel165_evt165,K200_seed5_random__fuse_r0.6,train,fuse,200,5,random,5,3,0.6,0.6,0
SCOPE_all_zh__mix_rel165_evt165,K200_seed5_coverage__fuse_r0.6,train,fuse,200,5,coverage,5,3,0.6,0.6,0
SCOPE_all_zh__mix_rel165_evt165,K1000_seed1_random__fuse_r0.6,train,fuse,1000,1,random,5,3,0.6,0.6,0
SCOPE_all_zh__mix_rel165_evt165,K1000_seed1_coverage__fuse_r0.3,train,fuse,1000,1,coverage,5,4,0.8,0.3,0
SCOPE_all_zh__mix_rel165_evt165,K1000_seed2_random__fuse_r0.3,train,fuse,1000,2,random,5,4,0.8,0.3,0
SCOPE_all_zh__mix_rel165_evt165,K1000_seed2_coverage__fuse_r0.3,train,fuse,1000,2,coverage,5,4,0.8,0.3,0
SCOPE_all_zh__mix_rel165_evt165,K1000_seed3_random__fuse_r0.3,train,fuse,1000,3,random,5,4,0.8,0.3,0
SCOPE_all_zh__mix_rel165_evt165,K1000_seed3_coverage__fuse_r0.3,train,fuse,1000,3,coverage,5,4,0.8,0.3,0
SCOPE_all_zh__mix_rel165_evt165,K1000_seed4_random__fuse_r0.6,train,fuse,1000,4,random,5,3,0.6,0.6,0
SCOPE_all_zh__mix_rel165_evt165,K1000_seed4_coverage__fuse_r0.3,train,fuse,1000,4,coverage,5,4,0.8,0.3,0
SCOPE_all_zh__mix_rel165_evt165,K1000_seed5_random__fuse_r0.6,train,fuse,1000,5,random,5,3,0.6,0.6,0
SCOPE_all_zh__mix_rel165_evt165,K1000_seed5_coverage__fuse_r0.6,train,fuse,1000,5,coverage,5,3,0.6,0.6,0
SCOPE_all_zh__mix_rel165_evt165,K5000_seed1_random__fuse_r0.3,train,fuse,5000,1,random,5,4,0.8,0.3,0
SCOPE_all_zh__mix_rel165_evt165,K5000_seed1_coverage__fuse_r0.3,train,fuse,5000,1,coverage,5,4,0.8,0.3,0
SCOPE_all_zh__mix_rel165_evt165,K5000_seed2_random__fuse_r0.6,train,fuse,5000,2,random,5,3,0.6,0.6,0
SCOPE_all_zh__mix_rel165_evt165,K5000_seed2_coverage__fuse_r0.3,train,fuse,5000,2,coverage,5,4,0.8,0.3,0
SCOPE_all_zh__mix_rel165_evt165,K5000_seed3_random__fuse_r0.3,train,fuse,5000,3,random,5,4,0.8,0.3,0
SCOPE_all_zh__mix_rel165_evt165,K5000_seed3_coverage__fuse_r0.6,train,fuse,5000,3,coverage,5,3,0.6,0.6,0
SCOPE_all_zh__mix_rel165_evt165,K5000_seed4_random__fuse_r0.6,train,fuse,5000,4,random,5,3,0.6,0.6,0
SCOPE_all_zh__mix_rel165_evt165,K5000_seed4_coverage__fuse_r0.3,train,fuse,5000,4,coverage,5,4,0.8,0.3,0
SCOPE_all_zh__mix_rel165_evt165,K5000_seed5_random__fuse_r0.3,train,fuse,5000,5,random,5,4,0.8,0.3,0
SCOPE_all_zh__mix_rel165_evt165,K5000_seed5_coverage__fuse_r0.6,train,fuse,5000,5,coverage,5,3,0.6,0.6,0
SCOPE_all_zh__mix_rel166_evt166,K200_seed1_random__fuse_r0.3,train,fuse,200,1,random,30,25,0.8333333333333334,0.3,0
SCOPE_all_zh__mix_rel166_evt166,K200_seed1_coverage__fuse_r0.6,train,fuse,200,1,coverage,30,17,0.5666666666666667,0.6,0
SCOPE_all_zh__mix_rel166_evt166,K200_seed2_random__fuse_r0.6,train,fuse,200,2,random,30,16,0.5333333333333333,0.6,0
SCOPE_all_zh__mix_rel166_evt166,K200_seed2_coverage__fuse_r0.6,train,fuse,200,2,coverage,30,17,0.5666666666666667,0.6,0
SCOPE_all_zh__mix_rel166_evt166,K200_seed3_random__fuse_r0.3,train,fuse,200,3,random,30,21,0.7,0.3,0
SCOPE_all_zh__mix_rel166_evt166,K200_seed3_coverage__fuse_r0.6,train,fuse,200,3,coverage,30,17,0.5666666666666667,0.6,0
SCOPE_all_zh__mix_rel166_evt166,K200_seed4_random__fuse_r0.6,train,fuse,200,4,random,30,15,0.5,0.6,0
SCOPE_all_zh__mix_rel166_evt166,K200_seed4_coverage__fuse_r0.6,train,fuse,200,4,coverage,30,17,0.5666666666666667,0.6,0
SCOPE_all_zh__mix_rel166_evt166,K200_seed5_random__fuse_r0.6,train,fuse,200,5,random,30,13,0.43333333333333335,0.6,0
SCOPE_all_zh__mix_rel166_evt166,K200_seed5_coverage__fuse_r0.6,train,fuse,200,5,coverage,30,17,0.5666666666666667,0.6,0
SCOPE_all_zh__mix_rel166_evt166,K1000_seed1_random__fuse_r0.6,train,fuse,1000,1,random,30,17,0.5666666666666667,0.6,0
SCOPE_all_zh__mix_rel166_evt166,K1000_seed1_coverage__fuse_r0.3,train,fuse,1000,1,coverage,30,25,0.8333333333333334,0.3,0
SCOPE_all_zh__mix_rel166_evt166,K1000_seed2_random__fuse_r0.6,train,fuse,1000,2,random,30,17,0.5666666666666667,0.6,0
SCOPE_all_zh__mix_rel166_evt166,K1000_seed2_coverage__fuse_r0.3,train,fuse,1000,2,coverage,30,25,0.8333333333333334,0.3,0
SCOPE_all_zh__mix_rel166_evt166,K1000_seed3_random__fuse_r0.6,train,fuse,1000,3,random,30,17,0.5666666666666667,0.6,0
SCOPE_all_zh__mix_rel166_evt166,K1000_seed3_coverage__fuse_r0.3,train,fuse,1000,3,coverage,30,25,0.8333333333333334,0.3,0
SCOPE_all_zh__mix_rel166_evt166,K1000_seed4_random__fuse_r0.3,train,fuse,1000,4,random,30,25,0.8333333333333334,0.3,0
SCOPE_all_zh__mix_rel166_evt166,K1000_seed4_coverage__fuse_r0.3,train,fuse,1000,4,coverage,30,25,0.8333333333333334,0.3,0
SCOPE_all_zh__mix_rel166_evt166,K1000_seed5_random__fuse_r0.3,train,fuse,1000,5,random,30,25,0.8333333333333334,0.3,0
SCOPE_all_zh__mix_rel166_evt166,K1000_seed5_coverage__fuse_r0.3,train,fuse,1000,5,coverage,30,25,0.8333333333333334,0.3,0
SCOPE_all_zh__mix_rel166_evt166,K5000_seed1_random__fuse_r0.6,train,fuse,5000,1,random,30,17,0.5666666666666667,0.6,0
SCOPE_all_zh__mix_rel166_evt166,K5000_seed1_coverage__fuse_r0.6,train,fuse,5000,1,coverage,30,17,0.5666666666666667,0.6,0
SCOPE_all_zh__mix_rel166_evt166,K5000_seed2_random__fuse_r0.6,train,fuse,5000,2,random,30,17,0.5666666666666667,0.6,0
SCOPE_all_zh__mix_rel166_evt166,K5000_seed2_coverage__fuse_r0.3,train,fuse,5000,2,coverage,30,25,0.8333333333333334,0.3,0
SCOPE_all_zh__mix_rel166_evt166,K5000_seed3_random__fuse_r0.6,train,fuse,5000,3,random,30,17,0.5666666666666667,0.6,0
SCOPE_all_zh__mix_rel166_evt166,K5000_seed3_coverage__fuse_r0.6,train,fuse,5000,3,coverage,30,17,0.5666666666666667,0.6,0
SCOPE_all_zh__mix_rel166_evt166,K5000_seed4_random__fuse_r0.6,train,fuse,5000,4,random,30,17,0.5666666666666667,0.6,0
SCOPE_all_zh__mix_rel166_evt166,K5000_seed4_coverage__fuse_r0.3,train,fuse,5000,4,coverage,30,25,0.8333333333333334,0.3,0
SCOPE_all_zh__mix_rel166_evt166,K5000_seed5_random__fuse_r0.3,train,fuse,5000,5,random,30,25,0.8333333333333334,0.3,0
SCOPE_all_zh__mix_rel166_evt166,K5000_seed5_coverage__fuse_r0.6,train,fuse,5000,5,coverage,30,17,0.5666666666666667,0.6,0
SCOPE_all_zh__mix_rel167_evt167,K200_seed1_random__fuse_r0.3,train,fuse,200,1,random,19,17,0.8947368421052632,0.3,0
SCOPE_all_zh__mix_rel167_evt167,K200_seed1_coverage__fuse_r0.6,train,fuse,200,1,coverage,19,15,0.7894736842105263,0.6,0
SCOPE_all_zh__mix_rel167_evt167,K200_seed2_random__fuse_r0.3,train,fuse,200,2,random,19,18,0.9473684210526315,0.3,0
SCOPE_all_zh__mix_rel167_evt167,K200_seed2_coverage__fuse_r0.3,train,fuse,200,2,coverage,19,19,1.0,0.3,0
SCOPE_all_zh__mix_rel167_evt167,K200_seed3_random__fuse_r0.3,train,fuse,200,3,random,19,18,0.9473684210526315,0.3,0
SCOPE_all_zh__mix_rel167_evt167,K200_seed3_coverage__fuse_r0.3,train,fuse,200,3,coverage,19,19,1.0,0.3,0
SCOPE_all_zh__mix_rel167_evt167,K200_seed4_random__fuse_r0.6,train,fuse,200,4,random,19,13,0.6842105263157895,0.6,0
SCOPE_all_zh__mix_rel167_evt167,K200_seed4_coverage__fuse_r0.3,train,fuse,200,4,coverage,19,19,1.0,0.3,0
SCOPE_all_zh__mix_rel167_evt167,K200_seed5_random__fuse_r0.6,train,fuse,200,5,random,19,14,0.7368421052631579,0.6,0
SCOPE_all_zh__mix_rel167_evt167,K200_seed5_coverage__fuse_r0.3,train,fuse,200,5,coverage,19,19,1.0,0.3,0
SCOPE_all_zh__mix_rel167_evt167,K1000_seed1_random__fuse_r0.6,train,fuse,1000,1,random,19,15,0.7894736842105263,0.6,0
SCOPE_all_zh__mix_rel167_evt167,K1000_seed1_coverage__fuse_r0.6,train,fuse,1000,1,coverage,19,15,0.7894736842105263,0.6,0
SCOPE_all_zh__mix_rel167_evt167,K1000_seed2_random__fuse_r0.6,train,fuse,1000,2,random,19,15,0.7894736842105263,0.6,0
SCOPE_all_zh__mix_rel167_evt167,K1000_seed2_coverage__fuse_r0.6,train,fuse,1000,2,coverage,19,15,0.7894736842105263,0.6,0
SCOPE_all_zh__mix_rel167_evt167,K1000_seed3_random__fuse_r0.3,train,fuse,1000,3,random,19,19,1.0,0.3,0
SCOPE_all_zh__mix_rel167_evt167,K1000_seed3_coverage__fuse_r0.3,train,fuse,1000,3,coverage,19,19,1.0,0.3,0
SCOPE_all_zh__mix_rel167_evt167,K1000_seed4_random__fuse_r0.3,train,fuse,1000,4,random,19,19,1.0,0.3,0
SCOPE_all_zh__mix_rel167_evt167,K1000_seed4_coverage__fuse_r0.6,train,fuse,1000,4,coverage,19,15,0.7894736842105263,0.6,0
SCOPE_all_zh__mix_rel167_evt167,K1000_seed5_random__fuse_r0.3,train,fuse,1000,5,random,19,19,1.0,0.3,0
SCOPE_all_zh__mix_rel167_evt167,K1000_seed5_coverage__fuse_r0.6,train,fuse,1000,5,coverage,19,15,0.7894736842105263,0.6,0
SCOPE_all_zh__mix_rel167_evt167,K5000_seed1_random__fuse_r0.3,train,fuse,5000,1,random,19,19,1.0,0.3,0
SCOPE_all_zh__mix_rel167_evt167,K5000_seed1_coverage__fuse_r0.3,train,fuse,5000,1,coverage,19,19,1.0,0.3,0
SCOPE_all_zh__mix_rel167_evt167,K5000_seed2_random__fuse_r0.6,train,fuse,5000,2,random,19,15,0.7894736842105263,0.6,0
SCOPE_all_zh__mix_rel167_evt167,K5000_seed2_coverage__fuse_r0.3,train,fuse,5000,2,coverage,19,19,1.0,0.3,0
SCOPE_all_zh__mix_rel167_evt167,K5000_seed3_random__fuse_r0.3,train,fuse,5000,3,random,19,19,1.0,0.3,0
SCOPE_all_zh__mix_rel167_evt167,K5000_seed3_coverage__fuse_r0.3,train,fuse,5000,3,coverage,19,19,1.0,0.3,0
SCOPE_all_zh__mix_rel167_evt167,K5000_seed4_random__fuse_r0.6,train,fuse,5000,4,random,19,15,0.7894736842105263,0.6,0
SCOPE_all_zh__mix_rel167_evt167,K5000_seed4_coverage__fuse_r0.6,train,fuse,5000,4,coverage,19,15,0.7894736842105263,0.6,0
SCOPE_all_zh__mix_rel167_evt167,K5000_seed5_random__fuse_r0.3,train,fuse,5000,5,random,19,19,1.0,0.3,0
SCOPE_all_zh__mix_rel167_evt167,K5000_seed5_coverage__fuse_r0.6,train,fuse,5000,5,coverage,19,15,0.7894736842105263,0.6,0
SCOPE_all_zh__mix_rel168_evt168,K200_seed1_random__fuse_r0.3,train,fuse,200,1,random,27,18,0.6666666666666666,0.3,0
SCOPE_all_zh__mix_rel168_evt168,K200_seed1_coverage__fuse_r0.6,train,fuse,200,1,coverage,27,16,0.5925925925925926,0.6,0
SCOPE_all_zh__mix_rel168_evt168,K200_seed2_random__fuse_r0.6,train,fuse,200,2,random,27,13,0.48148148148148145,0.6,0
SCOPE_all_zh__mix_rel168_evt168,K200_seed2_coverage__fuse_r0.3,train,fuse,200,2,coverage,27,22,0.8148148148148148,0.3,0
SCOPE_all_zh__mix_rel168_evt168,K200_seed3_random__fuse_r0.3,train,fuse,200,3,random,27,17,0.6296296296296297,0.3,0
SCOPE_all_zh__mix_rel168_evt168,K200_seed3_coverage__fuse_r0.3,train,fuse,200,3,coverage,27,22,0.8148148148148148,0.3,0
SCOPE_all_zh__mix_rel168_evt168,K200_seed4_random__fuse_r0.3,train,fuse,200,4,random,27,14,0.5185185185185185,0.3,0
SCOPE_all_zh__mix_rel168_evt168,K200_seed4_coverage__fuse_r0.3,train,fuse,200,4,coverage,27,22,0.8148148148148148,0.3,0
SCOPE_all_zh__mix_rel168_evt168,K200_seed5_random__fuse_r0.3,train,fuse,200,5,random,27,14,0.5185185185185185,0.3,0
SCOPE_all_zh__mix_rel168_evt168,K200_seed5_coverage__fuse_r0.3,train,fuse,200,5,coverage,27,22,0.8148148148148148,0.3,0
SCOPE_all_zh__mix_rel168_evt168,K1000_seed1_random__fuse_r0.3,train,fuse,1000,1,random,27,22,0.8148148148148148,0.3,0
SCOPE_all_zh__mix_rel168_evt168,K1000_seed1_coverage__fuse_r0.3,train,fuse,1000,1,coverage,27,22,0.8148148148148148,0.3,0
SCOPE_all_zh__mix_rel168_evt168,K1000_seed2_random__fuse_r0.3,train,fuse,1000,2,random,27,21,0.7777777777777778,0.3,0
SCOPE_all_zh__mix_rel168_evt168,K1000_seed2_coverage__fuse_r0.6,train,fuse,1000,2,coverage,27,16,0.5925925925925926,0.6,0
SCOPE_all_zh__mix_rel168_evt168,K1000_seed3_random__fuse_r0.3,train,fuse,1000,3,random,27,21,0.7777777777777778,0.3,0
SCOPE_all_zh__mix_rel168_evt168,K1000_seed3_coverage__fuse_r0.6,train,fuse,1000,3,coverage,27,16,0.5925925925925926,0.6,0
SCOPE_all_zh__mix_rel168_evt168,K1000_seed4_random__fuse_r0.6,train,fuse,1000,4,random,27,15,0.5555555555555556,0.6,0
SCOPE_all_zh__mix_rel168_evt168,K1000_seed4_coverage__fuse_r0.3,train,fuse,1000,4,coverage,27,22,0.8148148148148148,0.3,0
SCOPE_all_zh__mix_rel168_evt168,K1000_seed5_random__fuse_r0.6,train,fuse,1000,5,random,27,15,0.5555555555555556,0.6,0
SCOPE_all_zh__mix_rel168_evt168,K1000_seed5_coverage__fuse_r0.6,train,fuse,1000,5,coverage,27,16,0.5925925925925926,0.6,0
SCOPE_all_zh__mix_rel168_evt168,K5000_seed1_random__fuse_r0.3,train,fuse,5000,1,random,27,22,0.8148148148148148,0.3,0
SCOPE_all_zh__mix_rel168_evt168,K5000_seed1_coverage__fuse_r0.3,train,fuse,5000,1,coverage,27,22,0.8148148148148148,0.3,0
SCOPE_all_zh__mix_rel168_evt168,K5000_seed2_random__fuse_r0.6,train,fuse,5000,2,random,27,16,0.5925925925925926,0.6,0
SCOPE_all_zh__mix_rel168_evt168,K5000_seed2_coverage__fuse_r0.3,train,fuse,5000,2,coverage,27,22,0.8148148148148148,0.3,0
SCOPE_all_zh__mix_rel168_evt168,K5000_seed3_random__fuse_r0.3,train,fuse,5000,3,random,27,22,0.8148148148148148,0.3,0
SCOPE_all_zh__mix_rel168_evt168,K5000_seed3_coverage__fuse_r0.3,train,fuse,5000,3,coverage,27,22,0.8148148148148148,0.3,0
SCOPE_all_zh__mix_rel168_evt168,K5000_seed4_random__fuse_r0.3,train,fuse,5000,4,random,27,22,0.8148148148148148,0.3,0
SCOPE_all_zh__mix_rel168_evt168,K5000_seed4_coverage__fuse_r0.3,train,fuse,5000,4,coverage,27,22,0.8148148148148148,0.3,0
SCOPE_all_zh__mix_rel168_evt168,K5000_seed5_random__fuse_r0.3,train,fuse,5000,5,random,27,21,0.7777777777777778,0.3,0
SCOPE_all_zh__mix_rel168_evt168,K5000_seed5_coverage__fuse_r0.3,train,fuse,5000,5,coverage,27,22,0.8148148148148148,0.3,0
SCOPE_all_zh__mix_rel169_evt169,K200_seed1_random__fuse_r0.6,train,fuse,200,1,random,11,10,0.9090909090909091,0.6,0
SCOPE_all_zh__mix_rel169_evt169,K200_seed1_coverage__fuse_r0.6,train,fuse,200,1,coverage,11,10,0.9090909090909091,0.6,0
SCOPE_all_zh__mix_rel169_evt169,K200_seed2_random__fuse_r0.3,train,fuse,200,2,random,11,11,1.0,0.3,0
SCOPE_all_zh__mix_rel169_evt169,K200_seed2_coverage__fuse_r0.3,train,fuse,200,2,coverage,11,11,1.0,0.3,0
SCOPE_all_zh__mix_rel169_evt169,K200_seed3_random__fuse_r0.3,train,fuse,200,3,random,11,11,1.0,0.3,0
SCOPE_all_zh__mix_rel169_evt169,K200_seed3_coverage__fuse_r0.6,train,fuse,200,3,coverage,11,10,0.9090909090909091,0.6,0
SCOPE_all_zh__mix_rel169_evt169,K200_seed4_random__fuse_r0.3,train,fuse,200,4,random,11,11,1.0,0.3,0
SCOPE_all_zh__mix_rel169_evt169,K200_seed4_coverage__fuse_r0.6,train,fuse,200,4,coverage,11,10,0.9090909090909091,0.6,0
SCOPE_all_zh__mix_rel169_evt169,K200_seed5_random__fuse_r0.6,train,fuse,200,5,random,11,10,0.9090909090909091,0.6,0
SCOPE_all_zh__mix_rel169_evt169,K200_seed5_coverage__fuse_r0.3,train,fuse,200,5,coverage,11,11,1.0,0.3,0
SCOPE_all_zh__mix_rel169_evt169,K1000_seed1_random__fuse_r0.6,train,fuse,1000,1,random,11,10,0.9090909090909091,0.6,0
SCOPE_all_zh__mix_rel169_evt169,K1000_seed1_coverage__fuse_r0.6,train,fuse,1000,1,coverage,11,10,0.9090909090909091,0.6,0
SCOPE_all_zh__mix_rel169_evt169,K1000_seed2_random__fuse_r0.3,train,fuse,1000,2,random,11,11,1.0,0.3,0
SCOPE_all_zh__mix_rel169_evt169,K1000_seed2_coverage__fuse_r0.3,train,fuse,1000,2,coverage,11,11,1.0,0.3,0
SCOPE_all_zh__mix_rel169_evt169,K1000_seed3_random__fuse_r0.6,train,fuse,1000,3,random,11,10,0.9090909090909091,0.6,0
SCOPE_all_zh__mix_rel169_evt169,K1000_seed3_coverage__fuse_r0.3,train,fuse,1000,3,coverage,11,11,1.0,0.3,0
SCOPE_all_zh__mix_rel169_evt169,K1000_seed4_random__fuse_r0.3,train,fuse,1000,4,random,11,11,1.0,0.3,0
SCOPE_all_zh__mix_rel169_evt169,K1000_seed4_coverage__fuse_r0.3,train,fuse,1000,4,coverage,11,11,1.0,0.3,0
SCOPE_all_zh__mix_rel169_evt169,K1000_seed5_random__fuse_r0.6,train,fuse,1000,5,random,11,10,0.9090909090909091,0.6,0
SCOPE_all_zh__mix_rel169_evt169,K1000_seed5_coverage__fuse_r0.6,train,fuse,1000,5,coverage,11,10,0.9090909090909091,0.6,0
SCOPE_all_zh__mix_rel169_evt169,K5000_seed1_random__fuse_r0.3,train,fuse,5000,1,random,11,11,1.0,0.3,0
SCOPE_all_zh__mix_rel169_evt169,K5000_seed1_coverage__fuse_r0.3,train,fuse,5000,1,coverage,11,11,1.0,0.3,0
SCOPE_all_zh__mix_rel169_evt169,K5000_seed2_random__fuse_r0.6,train,fuse,5000,2,random,11,10,0.9090909090909091,0.6,0
SCOPE_all_zh__mix_rel169_evt169,K5000_seed2_coverage__fuse_r0.6,train,fuse,5000,2,coverage,11,10,0.9090909090909091,0.6,0
SCOPE_all_zh__mix_rel169_evt169,K5000_seed3_random__fuse_r0.3,train,fuse,5000,3,random,11,11,1.0,0.3,0
SCOPE_all_zh__mix_rel169_evt169,K5000_seed3_coverage__fuse_r0.3,train,fuse,5000,3,coverage,11,11,1.0,0.3,0
SCOPE_all_zh__mix_rel169_evt169,K5000_seed4_random__fuse_r0.6,train,fuse,5000,4,random,11,10,0.9090909090909091,0.6,0
SCOPE_all_zh__mix_rel169_evt169,K5000_seed4_coverage__fuse_r0.3,train,fuse,5000,4,coverage,11,11,1.0,0.3,0
SCOPE_all_zh__mix_rel169_evt169,K5000_seed5_random__fuse_r0.6,train,fuse,5000,5,random,11,10,0.9090909090909091,0.6,0
SCOPE_all_zh__mix_rel169_evt169,K5000_seed5_coverage__fuse_r0.3,train,fuse,5000,5,coverage,11,11,1.0,0.3,0
SCOPE_all_zh__mix_rel170_evt170,K200_seed1_random__fuse_r0.3,train,fuse,200,1,random,34,26,0.7647058823529411,0.3,0
SCOPE_all_zh__mix_rel170_evt170,K200_seed1_coverage__fuse_r0.3,train,fuse,200,1,coverage,34,28,0.8235294117647058,0.3,0
SCOPE_all_zh__mix_rel170_evt170,K200_seed2_random__fuse_r0.3,train,fuse,200,2,random,34,23,0.6764705882352942,0.3,0
SCOPE_all_zh__mix_rel170_evt170,K200_seed2_coverage__fuse_r0.3,train,fuse,200,2,coverage,34,28,0.8235294117647058,0.3,0
SCOPE_all_zh__mix_rel170_evt170,K200_seed3_random__fuse_r0.6,train,fuse,200,3,random,34,19,0.5588235294117647,0.6,0
SCOPE_all_zh__mix_rel170_evt170,K200_seed3_coverage__fuse_r0.6,train,fuse,200,3,coverage,34,20,0.5882352941176471,0.6,0
SCOPE_all_zh__mix_rel170_evt170,K200_seed4_random__fuse_r0.6,train,fuse,200,4,random,34,19,0.5588235294117647,0.6,0
SCOPE_all_zh__mix_rel170_evt170,K200_seed4_coverage__fuse_r0.3,train,fuse,200,4,coverage,34,28,0.8235294117647058,0.3,0
SCOPE_all_zh__mix_rel170_evt170,K200_seed5_random__fuse_r0.3,train,fuse,200,5,random,34,25,0.7352941176470589,0.3,0
SCOPE_all_zh__mix_rel170_evt170,K200_seed5_coverage__fuse_r0.6,train,fuse,200,5,coverage,34,20,0.5882352941176471,0.6,0
SCOPE_all_zh__mix_rel170_evt170,K1000_seed1_random__fuse_r0.6,train,fuse,1000,1,random,34,20,0.5882352941176471,0.6,0
SCOPE_all_zh__mix_rel170_evt170,K1000_seed1_coverage__fuse_r0.3,train,fuse,1000,1,coverage,34,28,0.8235294117647058,0.3,0
SCOPE_all_zh__mix_rel170_evt170,K1000_seed2_random__fuse_r0.3,train,fuse,1000,2,random,34,27,0.7941176470588235,0.3,0
SCOPE_all_zh__mix_rel170_evt170,K1000_seed2_coverage__fuse_r0.6,train,fuse,1000,2,coverage,34,20,0.5882352941176471,0.6,0
SCOPE_all_zh__mix_rel170_evt170,K1000_seed3_random__fuse_r0.3,train,fuse,1000,3,random,34,27,0.7941176470588235,0.3,0
SCOPE_all_zh__mix_rel170_evt170,K1000_seed3_coverage__fuse_r0.3,train,fuse,1000,3,coverage,34,28,0.8235294117647058,0.3,0
SCOPE_all_zh__mix_rel170_evt170,K1000_seed4_random__fuse_r0.3,train,fuse,1000,4,random,34,28,0.8235294117647058,0.3,0
SCOPE_all_zh__mix_rel170_evt170,K1000_seed4_coverage__fuse_r0.6,train,fuse,1000,4,coverage,34,20,0.5882352941176471,0.6,0
SCOPE_all_zh__mix_rel170_evt170,K1000_seed5_random__fuse_r0.3,train,fuse,1000,5,random,34,28,0.8235294117647058,0.3,0
SCOPE_all_zh__mix_rel170_evt170,K1000_seed5_coverage__fuse_r0.3,train,fuse,1000,5,coverage,34,28,0.8235294117647058,0.3,0
SCOPE_all_zh__mix_rel170_evt170,K5000_seed1_random__fuse_r0.3,train,fuse,5000,1,random,34,28,0.8235294117647058,0.3,0
SCOPE_all_zh__mix_rel170_evt170,K5000_seed1_coverage__fuse_r0.6,train,fuse,5000,1,coverage,34,20,0.5882352941176471,0.6,0
SCOPE_all_zh__mix_rel170_evt170,K5000_seed2_random__fuse_r0.6,train,fuse,5000,2,random,34,20,0.5882352941176471,0.6,0
SCOPE_all_zh__mix_rel170_evt170,K5000_seed2_coverage__fuse_r0.3,train,fuse,5000,2,coverage,34,28,0.8235294117647058,0.3,0
SCOPE_all_zh__mix_rel170_evt170,K5000_seed3_random__fuse_r0.6,train,fuse,5000,3,random,34,20,0.5882352941176471,0.6,0
SCOPE_all_zh__mix_rel170_evt170,K5000_seed3_coverage__fuse_r0.6,train,fuse,5000,3,coverage,34,20,0.5882352941176471,0.6,0
SCOPE_all_zh__mix_rel170_evt170,K5000_seed4_random__fuse_r0.3,train,fuse,5000,4,random,34,28,0.8235294117647058,0.3,0
SCOPE_all_zh__mix_rel170_evt170,K5000_seed4_coverage__fuse_r0.6,train,fuse,5000,4,coverage,34,20,0.5882352941176471,0.6,0
SCOPE_all_zh__mix_rel170_evt170,K5000_seed5_random__fuse_r0.6,train,fuse,5000,5,random,34,20,0.5882352941176471,0.6,0
SCOPE_all_zh__mix_rel170_evt170,K5000_seed5_coverage__fuse_r0.3,train,fuse,5000,5,coverage,34,28,0.8235294117647058,0.3,0
SCOPE_all_zh__mix_rel171_evt171,K200_seed1_random__fuse_r0.3,train,fuse,200,1,random,24,22,0.9166666666666666,0.3,0
SCOPE_all_zh__mix_rel171_evt171,K200_seed1_coverage__fuse_r0.6,train,fuse,200,1,coverage,24,16,0.6666666666666666,0.6,0
SCOPE_all_zh__mix_rel171_evt171,K200_seed2_random__fuse_r0.6,train,fuse,200,2,random,24,16,0.6666666666666666,0.6,0
SCOPE_all_zh__mix_rel171_evt171,K200_seed2_coverage__fuse_r0.3,train,fuse,200,2,coverage,24,22,0.9166666666666666,0.3,0
SCOPE_all_zh__mix_rel171_evt171,K200_seed3_random__fuse_r0.3,train,fuse,200,3,random,24,22,0.9166666666666666,0.3,0
SCOPE_all_zh__mix_rel171_evt171,K200_seed3_coverage__fuse_r0.3,train,fuse,200,3,coverage,24,22,0.9166666666666666,0.3,0
SCOPE_all_zh__mix_rel171_evt171,K200_seed4_random__fuse_r0.3,train,fuse,200,4,random,24,22,0.9166666666666666,0.3,0
SCOPE_all_zh__mix_rel171_evt171,K200_seed4_coverage__fuse_r0.6,train,fuse,200,4,coverage,24,16,0.6666666666666666,0.6,0
SCOPE_all_zh__mix_rel171_evt171,K200_seed5_random__fuse_r0.6,train,fuse,200,5,random,24,16,0.6666666666666666,0.6,0
SCOPE_all_zh__mix_rel171_evt171,K200_seed5_coverage__fuse_r0.3,train,fuse,200,5,coverage,24,22,0.9166666666666666,0.3,0
SCOPE_all_zh__mix_rel171_evt171,K1000_seed1_random__fuse_r0.3,train,fuse,1000,1,random,24,22,0.9166666666666666,0.3,0
SCOPE_all_zh__mix_rel171_evt171,K1000_seed1_coverage__fuse_r0.6,train,fuse,1000,1,coverage,24,16,0.6666666666666666,0.6,0
SCOPE_all_zh__mix_rel171_evt171,K1000_seed2_random__fuse_r0.3,train,fuse,1000,2,random,24,22,0.9166666666666666,0.3,0
SCOPE_all_zh__mix_rel171_evt171,K1000_seed2_coverage__fuse_r0.6,train,fuse,1000,2,coverage,24,16,0.6666666666666666,0.6,0
SCOPE_all_zh__mix_rel171_evt171,K1000_seed3_random__fuse_r0.6,train,fuse,1000,3,random,24,16,0.6666666666666666,0.6,0
SCOPE_all_zh__mix_rel171_evt171,K1000_seed3_coverage__fuse_r0.3,train,fuse,1000,3,coverage,24,22,0.9166666666666666,0.3,0
SCOPE_all_zh__mix_rel171_evt171,K1000_seed4_random__fuse_r0.6,train,fuse,1000,4,random,24,16,0.6666666666666666,0.6,0
SCOPE_all_zh__mix_rel171_evt171,K1000_seed4_coverage__fuse_r0.3,train,fuse,1000,4,coverage,24,22,0.9166666666666666,0.3,0
SCOPE_all_zh__mix_rel171_evt171,K1000_seed5_random__fuse_r0.6,train,fuse,1000,5,random,24,16,0.6666666666666666,0.6,0
SCOPE_all_zh__mix_rel171_evt171,K1000_seed5_coverage__fuse_r0.6,train,fuse,1000,5,coverage,24,16,0.6666666666666666,0.6,0
SCOPE_all_zh__mix_rel171_evt171,K5000_seed1_random__fuse_r0.6,train,fuse,5000,1,random,24,16,0.6666666666666666,0.6,0
SCOPE_all_zh__mix_rel171_evt171,K5000_seed1_coverage__fuse_r0.3,train,fuse,5000,1,coverage,24,22,0.9166666666666666,0.3,0
SCOPE_all_zh__mix_rel171_evt171,K5000_seed2_random__fuse_r0.3,train,fuse,5000,2,random,24,22,0.9166666666666666,0.3,0
SCOPE_all_zh__mix_rel171_evt171,K5000_seed2_coverage__fuse_r0.3,train,fuse,5000,2,coverage,24,22,0.9166666666666666,0.3,0
SCOPE_all_zh__mix_rel171_evt171,K5000_seed3_random__fuse_r0.3,train,fuse,5000,3,random,24,22,0.9166666666666666,0.3,0
SCOPE_all_zh__mix_rel171_evt171,K5000_seed3_coverage__fuse_r0.3,train,fuse,5000,3,coverage,24,22,0.9166666666666666,0.3,0
SCOPE_all_zh__mix_rel171_evt171,K5000_seed4_random__fuse_r0.3,train,fuse,5000,4,random,24,22,0.9166666666666666,0.3,0
SCOPE_all_zh__mix_rel171_evt171,K5000_seed4_coverage__fuse_r0.6,train,fuse,5000,4,coverage,24,16,0.6666666666666666,0.6,0
SCOPE_all_zh__mix_rel171_evt171,K5000_seed5_random__fuse_r0.6,train,fuse,5000,5,random,24,16,0.6666666666666666,0.6,0
SCOPE_all_zh__mix_rel171_evt171,K5000_seed5_coverage__fuse_r0.6,train,fuse,5000,5,coverage,24,16,0.6666666666666666,0.6,0
SCOPE_all_en__mix_rel172_evt172,K200_seed1_random__fuse_r0.3,train,fuse,200,1,random,34,16,0.47058823529411764,0.3,0
SCOPE_all_en__mix_rel172_evt172,K200_seed1_coverage__fuse_r0.3,train,fuse,200,1,coverage,34,22,0.6470588235294118,0.3,0
SCOPE_all_en__mix_rel172_evt172,K200_seed2_random__fuse_r0.6,train,fuse,200,2,random,34,9,0.2647058823529412,0.6,0
SCOPE_all_en__mix_rel172_evt172,K200_seed2_coverage__fuse_r0.3,train,fuse,200,2,coverage,34,22,0.6470588235294118,0.3,0
SCOPE_all_en__mix_rel172_evt172,K200_seed3_random__fuse_r0.6,train,fuse,200,3,random,34,9,0.2647058823529412,0.6,0
SCOPE_all_en__mix_rel172_evt172,K200_seed3_coverage__fuse_r0.3,train,fuse,200,3,coverage,34,22,0.6470588235294118,0.3,0
SCOPE_all_en__mix_rel172_evt172,K200_seed4_random__fuse_r0.3,train,fuse,200,4,random,34,16,0.47058823529411764,0.3,0
SCOPE_all_en__mix_rel172_evt172,K200_seed4_coverage__fuse_r0.6,train,fuse,200,4,coverage,34,13,0.38235294117647056,0.6,0
SCOPE_all_en__mix_rel172_evt172,K200_seed5_random__fuse_r0.3,train,fuse,200,5,random,34,17,0.5,0.3,0
SCOPE_all_en__mix_rel172_evt172,K200_seed5_coverage__fuse_r0.3,train,fuse,200,5,coverage,34,22,0.6470588235294118,0.3,0
SCOPE_all_en__mix_rel172_evt172,K1000_seed1_random__fuse_r0.6,train,fuse,1000,1,random,34,13,0.38235294117647056,0.6,0
SCOPE_all_en__mix_rel172_evt172,K1000_seed1_coverage__fuse_r0.6,train,fuse,1000,1,coverage,34,13,0.38235294117647056,0.6,0
SCOPE_all_en__mix_rel172_evt172,K1000_seed2_random__fuse_r0.6,train,fuse,1000,2,random,34,12,0.35294117647058826,0.6,0
SCOPE_all_en__mix_rel172_evt172,K1000_seed2_coverage__fuse_r0.3,train,fuse,1000,2,coverage,34,22,0.6470588235294118,0.3,0
SCOPE_all_en__mix_rel172_evt172,K1000_seed3_random__fuse_r0.3,train,fuse,1000,3,random,34,20,0.5882352941176471,0.3,0
SCOPE_all_en__mix_rel172_evt172,K1000_seed3_coverage__fuse_r0.6,train,fuse,1000,3,coverage,34,13,0.38235294117647056,0.6,0
SCOPE_all_en__mix_rel172_evt172,K1000_seed4_random__fuse_r0.6,train,fuse,1000,4,random,34,12,0.35294117647058826,0.6,0
SCOPE_all_en__mix_rel172_evt172,K1000_seed4_coverage__fuse_r0.3,train,fuse,1000,4,coverage,34,22,0.6470588235294118,0.3,0
SCOPE_all_en__mix_rel172_evt172,K1000_seed5_random__fuse_r0.6,train,fuse,1000,5,random,34,12,0.35294117647058826,0.6,0
SCOPE_all_en__mix_rel172_evt172,K1000_seed5_coverage__fuse_r0.3,train,fuse,1000,5,coverage,34,22,0.6470588235294118,0.3,0
SCOPE_all_en__mix_rel172_evt172,K5000_seed1_random__fuse_r0.3,train,fuse,5000,1,random,34,21,0.6176470588235294,0.3,0
SCOPE_all_en__mix_rel172_evt172,K5000_seed1_coverage__fuse_r0.3,train,fuse,5000,1,coverage,34,22,0.6470588235294118,0.3,0
SCOPE_all_en__mix_rel172_evt172,K5000_seed2_random__fuse_r0.6,train,fuse,5000,2,random,34,13,0.38235294117647056,0.6,0
SCOPE_all_en__mix_rel172_evt172,K5000_seed2_coverage__fuse_r0.6,train,fuse,5000,2,coverage,34,13,0.38235294117647056,0.6,0
SCOPE_all_en__mix_rel172_evt172,K5000_seed3_random__fuse_r0.6,train,fuse,5000,3,random,34,13,0.38235294117647056,0.6,0
SCOPE_all_en__mix_rel172_evt172,K5000_seed3_coverage__fuse_r0.3,train,fuse,5000,3,coverage,34,22,0.6470588235294118,0.3,0
SCOPE_all_en__mix_rel172_evt172,K5000_seed4_random__fuse_r0.6,train,fuse,5000,4,random,34,13,0.38235294117647056,0.6,0
SCOPE_all_en__mix_rel172_evt172,K5000_seed4_coverage__fuse_r0.6,train,fuse,5000,4,coverage,34,13,0.38235294117647056,0.6,0
SCOPE_all_en__mix_rel172_evt172,K5000_seed5_random__fuse_r0.6,train,fuse,5000,5,random,34,13,0.38235294117647056,0.6,0
SCOPE_all_en__mix_rel172_evt172,K5000_seed5_coverage__fuse_r0.6,train,fuse,5000,5,coverage,34,13,0.38235294117647056,0.6,0
SCOPE_all_zh__mix_rel173_evt173,K200_seed1_random__fuse_r0.3,train,fuse,200,1,random,10,9,0.9,0.3,0
SCOPE_all_zh__mix_rel173_evt173,K200_seed1_coverage__fuse_r0.6,train,fuse,200,1,coverage,10,8,0.8,0.6,0
SCOPE_all_zh__mix_rel173_evt173,K200_seed2_random__fuse_r0.6,train,fuse,200,2,random,10,8,0.8,0.6,0
SCOPE_all_zh__mix_rel173_evt173,K200_seed2_coverage__fuse_r0.3,train,fuse,200,2,coverage,10,9,0.9,0.3,0
SCOPE_all_zh__mix_rel173_evt173,K200_seed3_random__fuse_r0.6,train,fuse,200,3,random,10,8,0.8,0.6,0
SCOPE_all_zh__mix_rel173_evt173,K200_seed3_coverage__fuse_r0.6,train,fuse,200,3,coverage,10,8,0.8,0.6,0
SCOPE_all_zh__mix_rel173_evt173,K200_seed4_random__fuse_r0.6,train,fuse,200,4,random,10,8,0.8,0.6,0
SCOPE_all_zh__mix_rel173_evt173,K200_seed4_coverage__fuse_r0.3,train,fuse,200,4,coverage,10,9,0.9,0.3,0
SCOPE_all_zh__mix_rel173_evt173,K200_seed5_random__fuse_r0.3,train,fuse,200,5,random,10,9,0.9,0.3,0
SCOPE_all_zh__mix_rel173_evt173,K200_seed5_coverage__fuse_r0.6,train,fuse,200,5,coverage,10,8,0.8,0.6,0
SCOPE_all_zh__mix_rel173_evt173,K1000_seed1_random__fuse_r0.6,train,fuse,1000,1,random,10,8,0.8,0.6,0
SCOPE_all_zh__mix_rel173_evt173,K1000_seed1_coverage__fuse_r0.6,train,fuse,1000,1,coverage,10,8,0.8,0.6,0
SCOPE_all_zh__mix_rel173_evt173,K1000_seed2_random__fuse_r0.6,train,fuse,1000,2,random,10,8,0.8,0.6,0
SCOPE_all_zh__mix_rel173_evt173,K1000_seed2_coverage__fuse_r0.3,train,fuse,1000,2,coverage,10,9,0.9,0.3,0
SCOPE_all_zh__mix_rel173_evt173,K1000_seed3_random__fuse_r0.6,train,fuse,1000,3,random,10,8,0.8,0.6,0
SCOPE_all_zh__mix_rel173_evt173,K1000_seed3_coverage__fuse_r0.3,train,fuse,1000,3,coverage,10,9,0.9,0.3,0
SCOPE_all_zh__mix_rel173_evt173,K1000_seed4_random__fuse_r0.6,train,fuse,1000,4,random,10,8,0.8,0.6,0
SCOPE_all_zh__mix_rel173_evt173,K1000_seed4_coverage__fuse_r0.3,train,fuse,1000,4,coverage,10,9,0.9,0.3,0
SCOPE_all_zh__mix_rel173_evt173,K1000_seed5_random__fuse_r0.3,train,fuse,1000,5,random,10,9,0.9,0.3,0
SCOPE_all_zh__mix_rel173_evt173,K1000_seed5_coverage__fuse_r0.6,train,fuse,1000,5,coverage,10,8,0.8,0.6,0
SCOPE_all_zh__mix_rel173_evt173,K5000_seed1_random__fuse_r0.6,train,fuse,5000,1,random,10,8,0.8,0.6,0
SCOPE_all_zh__mix_rel173_evt173,K5000_seed1_coverage__fuse_r0.3,train,fuse,5000,1,coverage,10,9,0.9,0.3,0
SCOPE_all_zh__mix_rel173_evt173,K5000_seed2_random__fuse_r0.3,train,fuse,5000,2,random,10,9,0.9,0.3,0
SCOPE_all_zh__mix_rel173_evt173,K5000_seed2_coverage__fuse_r0.6,train,fuse,5000,2,coverage,10,8,0.8,0.6,0
SCOPE_all_zh__mix_rel173_evt173,K5000_seed3_random__fuse_r0.3,train,fuse,5000,3,random,10,9,0.9,0.3,0
SCOPE_all_zh__mix_rel173_evt173,K5000_seed3_coverage__fuse_r0.3,train,fuse,5000,3,coverage,10,9,0.9,0.3,0
SCOPE_all_zh__mix_rel173_evt173,K5000_seed4_random__fuse_r0.3,train,fuse,5000,4,random,10,9,0.9,0.3,0
SCOPE_all_zh__mix_rel173_evt173,K5000_seed4_coverage__fuse_r0.6,train,fuse,5000,4,coverage,10,8,0.8,0.6,0
SCOPE_all_zh__mix_rel173_evt173,K5000_seed5_random__fuse_r0.3,train,fuse,5000,5,random,10,9,0.9,0.3,0
SCOPE_all_zh__mix_rel173_evt173,K5000_seed5_coverage__fuse_r0.6,train,fuse,5000,5,coverage,10,8,0.8,0.6,0
SCOPE_all_zh__mix_rel174_evt174,K200_seed1_random__fuse_r0.6,train,fuse,200,1,random,23,14,0.6086956521739131,0.6,0
SCOPE_all_zh__mix_rel174_evt174,K200_seed1_coverage__fuse_r0.3,train,fuse,200,1,coverage,23,20,0.8695652173913043,0.3,0
SCOPE_all_zh__mix_rel174_evt174,K200_seed2_random__fuse_r0.6,train,fuse,200,2,random,23,12,0.5217391304347826,0.6,0
SCOPE_all_zh__mix_rel174_evt174,K200_seed2_coverage__fuse_r0.6,train,fuse,200,2,coverage,23,15,0.6521739130434783,0.6,0
SCOPE_all_zh__mix_rel174_evt174,K200_seed3_random__fuse_r0.3,train,fuse,200,3,random,23,15,0.6521739130434783,0.3,0
SCOPE_all_zh__mix_rel174_evt174,K200_seed3_coverage__fuse_r0.6,train,fuse,200,3,coverage,23,15,0.6521739130434783,0.6,0
SCOPE_all_zh__mix_rel174_evt174,K200_seed4_random__fuse_r0.3,train,fuse,200,4,random,23,12,0.5217391304347826,0.3,0
SCOPE_all_zh__mix_rel174_evt174,K200_seed4_coverage__fuse_r0.3,train,fuse,200,4,coverage,23,20,0.8695652173913043,0.3,0
SCOPE_all_zh__mix_rel174_evt174,K200_seed5_random__fuse_r0.3,train,fuse,200,5,random,23,11,0.4782608695652174,0.3,0
SCOPE_all_zh__mix_rel174_evt174,K200_seed5_coverage__fuse_r0.6,train,fuse,200,5,coverage,23,15,0.6521739130434783,0.6,0
SCOPE_all_zh__mix_rel174_evt174,K1000_seed1_random__fuse_r0.3,train,fuse,1000,1,random,23,20,0.8695652173913043,0.3,0
SCOPE_all_zh__mix_rel174_evt174,K1000_seed1_coverage__fuse_r0.3,train,fuse,1000,1,coverage,23,20,0.8695652173913043,0.3,0
SCOPE_all_zh__mix_rel174_evt174,K1000_seed2_random__fuse_r0.3,train,fuse,1000,2,random,23,18,0.782608695652174,0.3,0
SCOPE_all_zh__mix_rel174_evt174,K1000_seed2_coverage__fuse_r0.6,train,fuse,1000,2,coverage,23,15,0.6521739130434783,0.6,0
SCOPE_all_zh__mix_rel174_evt174,K1000_seed3_random__fuse_r0.3,train,fuse,1000,3,random,23,20,0.8695652173913043,0.3,0
SCOPE_all_zh__mix_rel174_evt174,K1000_seed3_coverage__fuse_r0.3,train,fuse,1000,3,coverage,23,20,0.8695652173913043,0.3,0
SCOPE_all_zh__mix_rel174_evt174,K1000_seed4_random__fuse_r0.3,train,fuse,1000,4,random,23,18,0.782608695652174,0.3,0
SCOPE_all_zh__mix_rel174_evt174,K1000_seed4_coverage__fuse_r0.6,train,fuse,1000,4,coverage,23,15,0.6521739130434783,0.6,0
SCOPE_all_zh__mix_rel174_evt174,K1000_seed5_random__fuse_r0.3,train,fuse,1000,5,random,23,19,0.8260869565217391,0.3,0
SCOPE_all_zh__mix_rel174_evt174,K1000_seed5_coverage__fuse_r0.6,train,fuse,1000,5,coverage,23,15,0.6521739130434783,0.6,0
SCOPE_all_zh__mix_rel174_evt174,K5000_seed1_random__fuse_r0.6,train,fuse,5000,1,random,23,15,0.6521739130434783,0.6,0
SCOPE_all_zh__mix_rel174_evt174,K5000_seed1_coverage__fuse_r0.6,train,fuse,5000,1,coverage,23,15,0.6521739130434783,0.6,0
SCOPE_all_zh__mix_rel174_evt174,K5000_seed2_random__fuse_r0.3,train,fuse,5000,2,random,23,19,0.8260869565217391,0.3,0
SCOPE_all_zh__mix_rel174_evt174,K5000_seed2_coverage__fuse_r0.6,train,fuse,5000,2,coverage,23,15,0.6521739130434783,0.6,0
SCOPE_all_zh__mix_rel174_evt174,K5000_seed3_random__fuse_r0.3,train,fuse,5000,3,random,23,20,0.8695652173913043,0.3,0
SCOPE_all_zh__mix_rel174_evt174,K5000_seed3_coverage__fuse_r0.6,train,fuse,5000,3,coverage,23,15,0.6521739130434783,0.6,0
SCOPE_all_zh__mix_rel174_evt174,K5000_seed4_random__fuse_r0.6,train,fuse,5000,4,random,23,15,0.6521739130434783,0.6,0
SCOPE_all_zh__mix_rel174_evt174,K5000_seed4_coverage__fuse_r0.3,train,fuse,5000,4,coverage,23,20,0.8695652173913043,0.3,0
SCOPE_all_zh__mix_rel174_evt174,K5000_seed5_random__fuse_r0.3,train,fuse,5000,5,random,23,20,0.8695652173913043,0.3,0
SCOPE_all_zh__mix_rel174_evt174,K5000_seed5_coverage__fuse_r0.6,train,fuse,5000,5,coverage,23,15,0.6521739130434783,0.6,0
SCOPE_all_zh__mix_rel175_evt175,K200_seed1_random__fuse_r0.6,train,fuse,200,1,random,10,8,0.8,0.6,0
SCOPE_all_zh__mix_rel175_evt175,K200_seed1_coverage__fuse_r0.6,train,fuse,200,1,coverage,10,8,0.8,0.6,0
SCOPE_all_zh__mix_rel175_evt175,K200_seed2_random__fuse_r0.3,train,fuse,200,2,random,10,9,0.9,0.3,0
SCOPE_all_zh__mix_rel175_evt175,K200_seed2_coverage__fuse_r0.3,train,fuse,200,2,coverage,10,9,0.9,0.3,0
SCOPE_all_zh__mix_rel175_evt175,K200_seed3_random__fuse_r0.6,train,fuse,200,3,random,10,8,0.8,0.6,0
SCOPE_all_zh__mix_rel175_evt175,K200_seed3_coverage__fuse_r0.3,train,fuse,200,3,coverage,10,9,0.9,0.3,0
SCOPE_all_zh__mix_rel175_evt175,K200_seed4_random__fuse_r0.6,train,fuse,200,4,random,10,8,0.8,0.6,0
SCOPE_all_zh__mix_rel175_evt175,K200_seed4_coverage__fuse_r0.6,train,fuse,200,4,coverage,10,8,0.8,0.6,0
SCOPE_all_zh__mix_rel175_evt175,K200_seed5_random__fuse_r0.3,train,fuse,200,5,random,10,9,0.9,0.3,0
SCOPE_all_zh__mix_rel175_evt175,K200_seed5_coverage__fuse_r0.6,train,fuse,200,5,coverage,10,8,0.8,0.6,0
SCOPE_all_zh__mix_rel175_evt175,K1000_seed1_random__fuse_r0.3,train,fuse,1000,1,random,10,9,0.9,0.3,0
SCOPE_all_zh__mix_rel175_evt175,K1000_seed1_coverage__fuse_r0.3,train,fuse,1000,1,coverage,10,9,0.9,0.3,0
SCOPE_all_zh__mix_rel175_evt175,K1000_seed2_random__fuse_r0.3,train,fuse,1000,2,random,10,9,0.9,0.3,0
SCOPE_all_zh__mix_rel175_evt175,K1000_seed2_coverage__fuse_r0.3,train,fuse,1000,2,coverage,10,9,0.9,0.3,0
SCOPE_all_zh__mix_rel175_evt175,K1000_seed3_random__fuse_r0.3,train,fuse,1000,3,random,10,9,0.9,0.3,0
SCOPE_all_zh__mix_rel175_evt175,K1000_seed3_coverage__fuse_r0.3,train,fuse,1000,3,coverage,10,9,0.9,0.3,0
SCOPE_all_zh__mix_rel175_evt175,K1000_seed4_random__fuse_r0.3,train,fuse,1000,4,random,10,9,0.9,0.3,0
SCOPE_all_zh__mix_rel175_evt175,K1000_seed4_coverage__fuse_r0.3,train,fuse,1000,4,coverage,10,9,0.9,0.3,0
SCOPE_all_zh__mix_rel175_evt175,K1000_seed5_random__fuse_r0.6,train,fuse,1000,5,random,10,8,0.8,0.6,0
SCOPE_all_zh__mix_rel175_evt175,K1000_seed5_coverage__fuse_r0.6,train,fuse,1000,5,coverage,10,8,0.8,0.6,0
SCOPE_all_zh__mix_rel175_evt175,K5000_seed1_random__fuse_r0.6,train,fuse,5000,1,random,10,8,0.8,0.6,0
SCOPE_all_zh__mix_rel175_evt175,K5000_seed1_coverage__fuse_r0.6,train,fuse,5000,1,coverage,10,8,0.8,0.6,0
SCOPE_all_zh__mix_rel175_evt175,K5000_seed2_random__fuse_r0.6,train,fuse,5000,2,random,10,8,0.8,0.6,0
SCOPE_all_zh__mix_rel175_evt175,K5000_seed2_coverage__fuse_r0.6,train,fuse,5000,2,coverage,10,8,0.8,0.6,0
SCOPE_all_zh__mix_rel175_evt175,K5000_seed3_random__fuse_r0.6,train,fuse,5000,3,random,10,8,0.8,0.6,0
SCOPE_all_zh__mix_rel175_evt175,K5000_seed3_coverage__fuse_r0.6,train,fuse,5000,3,coverage,10,8,0.8,0.6,0
SCOPE_all_zh__mix_rel175_evt175,K5000_seed4_random__fuse_r0.6,train,fuse,5000,4,random,10,8,0.8,0.6,0
SCOPE_all_zh__mix_rel175_evt175,K5000_seed4_coverage__fuse_r0.3,train,fuse,5000,4,coverage,10,9,0.9,0.3,0
SCOPE_all_zh__mix_rel175_evt175,K5000_seed5_random__fuse_r0.3,train,fuse,5000,5,random,10,9,0.9,0.3,0
SCOPE_all_zh__mix_rel175_evt175,K5000_seed5_coverage__fuse_r0.3,train,fuse,5000,5,coverage,10,9,0.9,0.3,0
SCOPE_all_zh__mix_rel176_evt176,K200_seed1_random__fuse_r0.6,train,fuse,200,1,random,24,11,0.4583333333333333,0.6,0
SCOPE_all_zh__mix_rel176_evt176,K200_seed1_coverage__fuse_r0.3,train,fuse,200,1,coverage,24,21,0.875,0.3,0
SCOPE_all_zh__mix_rel176_evt176,K200_seed2_random__fuse_r0.6,train,fuse,200,2,random,24,13,0.5416666666666666,0.6,0
SCOPE_all_zh__mix_rel176_evt176,K200_seed2_coverage__fuse_r0.3,train,fuse,200,2,coverage,24,21,0.875,0.3,0
SCOPE_all_zh__mix_rel176_evt176,K200_seed3_random__fuse_r0.3,train,fuse,200,3,random,24,17,0.7083333333333334,0.3,0
SCOPE_all_zh__mix_rel176_evt176,K200_seed3_coverage__fuse_r0.3,train,fuse,200,3,coverage,24,21,0.875,0.3,0
SCOPE_all_zh__mix_rel176_evt176,K200_seed4_random__fuse_r0.3,train,fuse,200,4,random,24,21,0.875,0.3,0
SCOPE_all_zh__mix_rel176_evt176,K200_seed4_coverage__fuse_r0.6,train,fuse,200,4,coverage,24,15,0.625,0.6,0
SCOPE_all_zh__mix_rel176_evt176,K200_seed5_random__fuse_r0.3,train,fuse,200,5,random,24,15,0.625,0.3,0
SCOPE_all_zh__mix_rel176_evt176,K200_seed5_coverage__fuse_r0.6,train,fuse,200,5,coverage,24,15,0.625,0.6,0
SCOPE_all_zh__mix_rel176_evt176,K1000_seed1_random__fuse_r0.6,train,fuse,1000,1,random,24,15,0.625,0.6,0
SCOPE_all_zh__mix_rel176_evt176,K1000_seed1_coverage__fuse_r0.6,train,fuse,1000,1,coverage,24,15,0.625,0.6,0
SCOPE_all_zh__mix_rel176_evt176,K1000_seed2_random__fuse_r0.6,train,fuse,1000,2,random,24,15,0.625,0.6,0
SCOPE_all_zh__mix_rel176_evt176,K1000_seed2_coverage__fuse_r0.3,train,fuse,1000,2,coverage,24,21,0.875,0.3,0
SCOPE_all_zh__mix_rel176_evt176,K1000_seed3_random__fuse_r0.3,train,fuse,1000,3,random,24,18,0.75,0.3,0
SCOPE_all_zh__mix_rel176_evt176,K1000_seed3_coverage__fuse_r0.3,train,fuse,1000,3,coverage,24,21,0.875,0.3,0
SCOPE_all_zh__mix_rel176_evt176,K1000_seed4_random__fuse_r0.3,train,fuse,1000,4,random,24,21,0.875,0.3,0
SCOPE_all_zh__mix_rel176_evt176,K1000_seed4_coverage__fuse_r0.6,train,fuse,1000,4,coverage,24,15,0.625,0.6,0
SCOPE_all_zh__mix_rel176_evt176,K1000_seed5_random__fuse_r0.6,train,fuse,1000,5,random,24,15,0.625,0.6,0
SCOPE_all_zh__mix_rel176_evt176,K1000_seed5_coverage__fuse_r0.6,train,fuse,1000,5,coverage,24,15,0.625,0.6,0
SCOPE_all_zh__mix_rel176_evt176,K5000_seed1_random__fuse_r0.6,train,fuse,5000,1,random,24,15,0.625,0.6,0
SCOPE_all_zh__mix_rel176_evt176,K5000_seed1_coverage__fuse_r0.3,train,fuse,5000,1,coverage,24,21,0.875,0.3,0
SCOPE_all_zh__mix_rel176_evt176,K5000_seed2_random__fuse_r0.6,train,fuse,5000,2,random,24,15,0.625,0.6,0
SCOPE_all_zh__mix_rel176_evt176,K5000_seed2_coverage__fuse_r0.3,train,fuse,5000,2,coverage,24,21,0.875,0.3,0
SCOPE_all_zh__mix_rel176_evt176,K5000_seed3_random__fuse_r0.3,train,fuse,5000,3,random,24,21,0.875,0.3,0
SCOPE_all_zh__mix_rel176_evt176,K5000_seed3_coverage__fuse_r0.3,train,fuse,5000,3,coverage,24,21,0.875,0.3,0
SCOPE_all_zh__mix_rel176_evt176,K5000_seed4_random__fuse_r0.6,train,fuse,5000,4,random,24,15,0.625,0.6,0
SCOPE_all_zh__mix_rel176_evt176,K5000_seed4_coverage__fuse_r0.3,train,fuse,5000,4,coverage,24,21,0.875,0.3,0
SCOPE_all_zh__mix_rel176_evt176,K5000_seed5_random__fuse_r0.3,train,fuse,5000,5,random,24,20,0.8333333333333334,0.3,0
SCOPE_all_zh__mix_rel176_evt176,K5000_seed5_coverage__fuse_r0.6,train,fuse,5000,5,coverage,24,15,0.625,0.6,0
SCOPE_all_zh__mix_rel177_evt177,K200_seed1_random__fuse_r0.3,train,fuse,200,1,random,24,17,0.7083333333333334,0.3,0
SCOPE_all_zh__mix_rel177_evt177,K200_seed1_coverage__fuse_r0.6,train,fuse,200,1,coverage,24,15,0.625,0.6,0
SCOPE_all_zh__mix_rel177_evt177,K200_seed2_random__fuse_r0.6,train,fuse,200,2,random,24,13,0.5416666666666666,0.6,0
SCOPE_all_zh__mix_rel177_evt177,K200_seed2_coverage__fuse_r0.6,train,fuse,200,2,coverage,24,15,0.625,0.6,0
SCOPE_all_zh__mix_rel177_evt177,K200_seed3_random__fuse_r0.6,train,fuse,200,3,random,24,14,0.5833333333333334,0.6,0
SCOPE_all_zh__mix_rel177_evt177,K200_seed3_coverage__fuse_r0.3,train,fuse,200,3,coverage,24,21,0.875,0.3,0
SCOPE_all_zh__mix_rel177_evt177,K200_seed4_random__fuse_r0.3,train,fuse,200,4,random,24,17,0.7083333333333334,0.3,0
SCOPE_all_zh__mix_rel177_evt177,K200_seed4_coverage__fuse_r0.6,train,fuse,200,4,coverage,24,15,0.625,0.6,0
SCOPE_all_zh__mix_rel177_evt177,K200_seed5_random__fuse_r0.3,train,fuse,200,5,random,24,15,0.625,0.3,0
SCOPE_all_zh__mix_rel177_evt177,K200_seed5_coverage__fuse_r0.6,train,fuse,200,5,coverage,24,15,0.625,0.6,0
SCOPE_all_zh__mix_rel177_evt177,K1000_seed1_random__fuse_r0.6,train,fuse,1000,1,random,24,15,0.625,0.6,0
SCOPE_all_zh__mix_rel177_evt177,K1000_seed1_coverage__fuse_r0.3,train,fuse,1000,1,coverage,24,21,0.875,0.3,0
SCOPE_all_zh__mix_rel177_evt177,K1000_seed2_random__fuse_r0.3,train,fuse,1000,2,random,24,21,0.875,0.3,0
SCOPE_all_zh__mix_rel177_evt177,K1000_seed2_coverage__fuse_r0.3,train,fuse,1000,2,coverage,24,21,0.875,0.3,0
SCOPE_all_zh__mix_rel177_evt177,K1000_seed3_random__fuse_r0.3,train,fuse,1000,3,random,24,20,0.8333333333333334,0.3,0
SCOPE_all_zh__mix_rel177_evt177,K1000_seed3_coverage__fuse_r0.6,train,fuse,1000,3,coverage,24,15,0.625,0.6,0
SCOPE_all_zh__mix_rel177_evt177,K1000_seed4_random__fuse_r0.6,train,fuse,1000,4,random,24,14,0.5833333333333334,0.6,0
SCOPE_all_zh__mix_rel177_evt177,K1000_seed4_coverage__fuse_r0.3,train,fuse,1000,4,coverage,24,21,0.875,0.3,0
SCOPE_all_zh__mix_rel177_evt177,K1000_seed5_random__fuse_r0.3,train,fuse,1000,5,random,24,20,0.8333333333333334,0.3,0
SCOPE_all_zh__mix_rel177_evt177,K1000_seed5_coverage__fuse_r0.3,train,fuse,1000,5,coverage,24,21,0.875,0.3,0
SCOPE_all_zh__mix_rel177_evt177,K5000_seed1_random__fuse_r0.6,train,fuse,5000,1,random,24,15,0.625,0.6,0
SCOPE_all_zh__mix_rel177_evt177,K5000_seed1_coverage__fuse_r0.3,train,fuse,5000,1,coverage,24,21,0.875,0.3,0
SCOPE_all_zh__mix_rel177_evt177,K5000_seed2_random__fuse_r0.6,train,fuse,5000,2,random,24,15,0.625,0.6,0
SCOPE_all_zh__mix_rel177_evt177,K5000_seed2_coverage__fuse_r0.6,train,fuse,5000,2,coverage,24,15,0.625,0.6,0
SCOPE_all_zh__mix_rel177_evt177,K5000_seed3_random__fuse_r0.6,train,fuse,5000,3,random,24,15,0.625,0.6,0
SCOPE_all_zh__mix_rel177_evt177,K5000_seed3_coverage__fuse_r0.6,train,fuse,5000,3,coverage,24,15,0.625,0.6,0
SCOPE_all_zh__mix_rel177_evt177,K5000_seed4_random__fuse_r0.6,train,fuse,5000,4,random,24,15,0.625,0.6,0
SCOPE_all_zh__mix_rel177_evt177,K5000_seed4_coverage__fuse_r0.3,train,fuse,5000,4,coverage,24,21,0.875,0.3,0
SCOPE_all_zh__mix_rel177_evt177,K5000_seed5_random__fuse_r0.3,train,fuse,5000,5,random,24,21,0.875,0.3,0
SCOPE_all_zh__mix_rel177_evt177,K5000_seed5_coverage__fuse_r0.6,train,fuse,5000,5,coverage,24,15,0.625,0.6,0
SCOPE_all_zh__mix_rel178_evt178,K200_seed1_random__fuse_r0.6,train,fuse,200,1,random,21,11,0.5238095238095238,0.6,0
SCOPE_all_zh__mix_rel178_evt178,K200_seed1_coverage__fuse_r0.6,train,fuse,200,1,coverage,21,14,0.6666666666666666,0.6,0
SCOPE_all_zh__mix_rel178_evt178,K200_seed2_random__fuse_r0.6,train,fuse,200,2,random,21,11,0.5238095238095238,0.6,0
SCOPE_all_zh__mix_rel178_evt178,K200_seed2_coverage__fuse_r0.6,train,fuse,200,2,coverage,21,14,0.6666666666666666,0.6,0
SCOPE_all_zh__mix_rel178_evt178,K200_seed3_random__fuse_r0.3,train,fuse,200,3,random,21,14,0.6666666666666666,0.3,0
SCOPE_all_zh__mix_rel178_evt178,K200_seed3_coverage__fuse_r0.3,train,fuse,200,3,coverage,21,18,0.8571428571428571,0.3,0
SCOPE_all_zh__mix_rel178_evt178,K200_seed4_random__fuse_r0.6,train,fuse,200,4,random,21,11,0.5238095238095238,0.6,0
SCOPE_all_zh__mix_rel178_evt178,K200_seed4_coverage__fuse_r0.3,train,fuse,200,4,coverage,21,18,0.8571428571428571,0.3,0
SCOPE_all_zh__mix_rel178_evt178,K200_seed5_random__fuse_r0.6,train,fuse,200,5,random,21,11,0.5238095238095238,0.6,0
SCOPE_all_zh__mix_rel178_evt178,K200_seed5_coverage__fuse_r0.3,train,fuse,200,5,coverage,21,18,0.8571428571428571,0.3,0
SCOPE_all_zh__mix_rel178_evt178,K1000_seed1_random__fuse_r0.3,train,fuse,1000,1,random,21,18,0.8571428571428571,0.3,0
SCOPE_all_zh__mix_rel178_evt178,K1000_seed1_coverage__fuse_r0.3,train,fuse,1000,1,coverage,21,18,0.8571428571428571,0.3,0
SCOPE_all_zh__mix_rel178_evt178,K1000_seed2_random__fuse_r0.3,train,fuse,1000,2,random,21,17,0.8095238095238095,0.3,0
SCOPE_all_zh__mix_rel178_evt178,K1000_seed2_coverage__fuse_r0.6,train,fuse,1000,2,coverage,21,14,0.6666666666666666,0.6,0
SCOPE_all_zh__mix_rel178_evt178,K1000_seed3_random__fuse_r0.6,train,fuse,1000,3,random,21,12,0.5714285714285714,0.6,0
SCOPE_all_zh__mix_rel178_evt178,K1000_seed3_coverage__fuse_r0.6,train,fuse,1000,3,coverage,21,14,0.6666666666666666,0.6,0
SCOPE_all_zh__mix_rel178_evt178,K1000_seed4_random__fuse_r0.3,train,fuse,1000,4,random,21,17,0.8095238095238095,0.3,0
SCOPE_all_zh__mix_rel178_evt178,K1000_seed4_coverage__fuse_r0.6,train,fuse,1000,4,coverage,21,14,0.6666666666666666,0.6,0
SCOPE_all_zh__mix_rel178_evt178,K1000_seed5_random__fuse_r0.3,train,fuse,1000,5,random,21,17,0.8095238095238095,0.3,0
SCOPE_all_zh__mix_rel178_evt178,K1000_seed5_coverage__fuse_r0.6,train,fuse,1000,5,coverage,21,14,0.6666666666666666,0.6,0
SCOPE_all_zh__mix_rel178_evt178,K5000_seed1_random__fuse_r0.6,train,fuse,5000,1,random,21,14,0.6666666666666666,0.6,0
SCOPE_all_zh__mix_rel178_evt178,K5000_seed1_coverage__fuse_r0.6,train,fuse,5000,1,coverage,21,14,0.6666666666666666,0.6,0
SCOPE_all_zh__mix_rel178_evt178,K5000_seed2_random__fuse_r0.6,train,fuse,5000,2,random,21,14,0.6666666666666666,0.6,0
SCOPE_all_zh__mix_rel178_evt178,K5000_seed2_coverage__fuse_r0.3,train,fuse,5000,2,coverage,21,18,0.8571428571428571,0.3,0
SCOPE_all_zh__mix_rel178_evt178,K5000_seed3_random__fuse_r0.6,train,fuse,5000,3,random,21,14,0.6666666666666666,0.6,0
SCOPE_all_zh__mix_rel178_evt178,K5000_seed3_coverage__fuse_r0.6,train,fuse,5000,3,coverage,21,14,0.6666666666666666,0.6,0
SCOPE_all_zh__mix_rel178_evt178,K5000_seed4_random__fuse_r0.3,train,fuse,5000,4,random,21,17,0.8095238095238095,0.3,0
SCOPE_all_zh__mix_rel178_evt178,K5000_seed4_coverage__fuse_r0.6,train,fuse,5000,4,coverage,21,14,0.6666666666666666,0.6,0
SCOPE_all_zh__mix_rel178_evt178,K5000_seed5_random__fuse_r0.6,train,fuse,5000,5,random,21,14,0.6666666666666666,0.6,0
SCOPE_all_zh__mix_rel178_evt178,K5000_seed5_coverage__fuse_r0.3,train,fuse,5000,5,coverage,21,18,0.8571428571428571,0.3,0
SCOPE_all_zh__mix_rel179_evt179,K200_seed1_random__fuse_r0.6,train,fuse,200,1,random,25,16,0.64,0.6,0
SCOPE_all_zh__mix_rel179_evt179,K200_seed1_coverage__fuse_r0.3,train,fuse,200,1,coverage,25,23,0.92,0.3,0
SCOPE_all_zh__mix_rel179_evt179,K200_seed2_random__fuse_r0.6,train,fuse,200,2,random,25,16,0.64,0.6,0
SCOPE_all_zh__mix_rel179_evt179,K200_seed2_coverage__fuse_r0.3,train,fuse,200,2,coverage,25,23,0.92,0.3,0
SCOPE_all_zh__mix_rel179_evt179,K200_seed3_random__fuse_r0.3,train,fuse,200,3,random,25,22,0.88,0.3,0
SCOPE_all_zh__mix_rel179_evt179,K200_seed3_coverage__fuse_r0.3,train,fuse,200,3,coverage,25,23,0.92,0.3,0
SCOPE_all_zh__mix_rel179_evt179,K200_seed4_random__fuse_r0.3,train,fuse,200,4,random,25,21,0.84,0.3,0
SCOPE_all_zh__mix_rel179_evt179,K200_seed4_coverage__fuse_r0.3,train,fuse,200,4,coverage,25,23,0.92,0.3,0
SCOPE_all_zh__mix_rel179_evt179,K200_seed5_random__fuse_r0.3,train,fuse,200,5,random,25,22,0.88,0.3,0
SCOPE_all_zh__mix_rel179_evt179,K200_seed5_coverage__fuse_r0.6,train,fuse,200,5,coverage,25,17,0.68,0.6,0
SCOPE_all_zh__mix_rel179_evt179,K1000_seed1_random__fuse_r0.6,train,fuse,1000,1,random,25,17,0.68,0.6,0
SCOPE_all_zh__mix_rel179_evt179,K1000_seed1_coverage__fuse_r0.6,train,fuse,1000,1,coverage,25,17,0.68,0.6,0
SCOPE_all_zh__mix_rel179_evt179,K1000_seed2_random__fuse_r0.6,train,fuse,1000,2,random,25,17,0.68,0.6,0
SCOPE_all_zh__mix_rel179_evt179,K1000_seed2_coverage__fuse_r0.3,train,fuse,1000,2,coverage,25,23,0.92,0.3,0
SCOPE_all_zh__mix_rel179_evt179,K1000_seed3_random__fuse_r0.6,train,fuse,1000,3,random,25,17,0.68,0.6,0
SCOPE_all_zh__mix_rel179_evt179,K1000_seed3_coverage__fuse_r0.6,train,fuse,1000,3,coverage,25,17,0.68,0.6,0
SCOPE_all_zh__mix_rel179_evt179,K1000_seed4_random__fuse_r0.6,train,fuse,1000,4,random,25,17,0.68,0.6,0
SCOPE_all_zh__mix_rel179_evt179,K1000_seed4_coverage__fuse_r0.3,train,fuse,1000,4,coverage,25,23,0.92,0.3,0
SCOPE_all_zh__mix_rel179_evt179,K1000_seed5_random__fuse_r0.3,train,fuse,1000,5,random,25,23,0.92,0.3,0
SCOPE_all_zh__mix_rel179_evt179,K1000_seed5_coverage__fuse_r0.6,train,fuse,1000,5,coverage,25,17,0.68,0.6,0
SCOPE_all_zh__mix_rel179_evt179,K5000_seed1_random__fuse_r0.3,train,fuse,5000,1,random,25,23,0.92,0.3,0
SCOPE_all_zh__mix_rel179_evt179,K5000_seed1_coverage__fuse_r0.3,train,fuse,5000,1,coverage,25,23,0.92,0.3,0
SCOPE_all_zh__mix_rel179_evt179,K5000_seed2_random__fuse_r0.6,train,fuse,5000,2,random,25,17,0.68,0.6,0
SCOPE_all_zh__mix_rel179_evt179,K5000_seed2_coverage__fuse_r0.6,train,fuse,5000,2,coverage,25,17,0.68,0.6,0
SCOPE_all_zh__mix_rel179_evt179,K5000_seed3_random__fuse_r0.6,train,fuse,5000,3,random,25,17,0.68,0.6,0
SCOPE_all_zh__mix_rel179_evt179,K5000_seed3_coverage__fuse_r0.3,train,fuse,5000,3,coverage,25,23,0.92,0.3,0
SCOPE_all_zh__mix_rel179_evt179,K5000_seed4_random__fuse_r0.6,train,fuse,5000,4,random,25,17,0.68,0.6,0
SCOPE_all_zh__mix_rel179_evt179,K5000_seed4_coverage__fuse_r0.6,train,fuse,5000,4,coverage,25,17,0.68,0.6,0
SCOPE_all_zh__mix_rel179_evt179,K5000_seed5_random__fuse_r0.3,train,fuse,5000,5,random,25,23,0.92,0.3,0
SCOPE_all_zh__mix_rel179_evt179,K5000_seed5_coverage__fuse_r0.3,train,fuse,5000,5,coverage,25,23,0.92,0.3,0
SCOPE_all_en__mix_rel180_evt180,K200_seed1_random__fuse_r0.6,train,fuse,200,1,random,22,8,0.36363636363636365,0.6,0
SCOPE_all_en__mix_rel180_evt180,K200_seed1_coverage__fuse_r0.6,train,fuse,200,1,coverage,22,8,0.36363636363636365,0.6,0
SCOPE_all_en__mix_rel180_evt180,K200_seed2_random__fuse_r0.3,train,fuse,200,2,random,22,10,0.45454545454545453,0.3,0
SCOPE_all_en__mix_rel180_evt180,K200_seed2_coverage__fuse_r0.3,train,fuse,200,2,coverage,22,14,0.6363636363636364,0.3,0
SCOPE_all_en__mix_rel180_evt180,K200_seed3_random__fuse_r0.6,train,fuse,200,3,random,22,7,0.3181818181818182,0.6,0
SCOPE_all_en__mix_rel180_evt180,K200_seed3_coverage__fuse_r0.3,train,fuse,200,3,coverage,22,14,0.6363636363636364,0.3,0
SCOPE_all_en__mix_rel180_evt180,K200_seed4_random__fuse_r0.3,train,fuse,200,4,random,22,10,0.45454545454545453,0.3,0
SCOPE_all_en__mix_rel180_evt180,K200_seed4_coverage__fuse_r0.6,train,fuse,200,4,coverage,22,8,0.36363636363636365,0.6,0
SCOPE_all_en__mix_rel180_evt180,K200_seed5_random__fuse_r0.6,train,fuse,200,5,random,22,7,0.3181818181818182,0.6,0
SCOPE_all_en__mix_rel180_evt180,K200_seed5_coverage__fuse_r0.6,train,fuse,200,5,coverage,22,8,0.36363636363636365,0.6,0
SCOPE_all_en__mix_rel180_evt180,K1000_seed1_random__fuse_r0.3,train,fuse,1000,1,random,22,12,0.5454545454545454,0.3,0
SCOPE_all_en__mix_rel180_evt180,K1000_seed1_coverage__fuse_r0.6,train,fuse,1000,1,coverage,22,8,0.36363636363636365,0.6,0
SCOPE_all_en__mix_rel180_evt180,K1000_seed2_random__fuse_r0.6,train,fuse,1000,2,random,22,7,0.3181818181818182,0.6,0
SCOPE_all_en__mix_rel180_evt180,K1000_seed2_coverage__fuse_r0.3,train,fuse,1000,2,coverage,22,14,0.6363636363636364,0.3,0
SCOPE_all_en__mix_rel180_evt180,K1000_seed3_random__fuse_r0.6,train,fuse,1000,3,random,22,8,0.36363636363636365,0.6,0
SCOPE_all_en__mix_rel180_evt180,K1000_seed3_coverage__fuse_r0.3,train,fuse,1000,3,coverage,22,14,0.6363636363636364,0.3,0
SCOPE_all_en__mix_rel180_evt180,K1000_seed4_random__fuse_r0.3,train,fuse,1000,4,random,22,14,0.6363636363636364,0.3,0
SCOPE_all_en__mix_rel180_evt180,K1000_seed4_coverage__fuse_r0.6,train,fuse,1000,4,coverage,22,8,0.36363636363636365,0.6,0
SCOPE_all_en__mix_rel180_evt180,K1000_seed5_random__fuse_r0.6,train,fuse,1000,5,random,22,8,0.36363636363636365,0.6,0
SCOPE_all_en__mix_rel180_evt180,K1000_seed5_coverage__fuse_r0.3,train,fuse,1000,5,coverage,22,14,0.6363636363636364,0.3,0
SCOPE_all_en__mix_rel180_evt180,K5000_seed1_random__fuse_r0.3,train,fuse,5000,1,random,22,14,0.6363636363636364,0.3,0
SCOPE_all_en__mix_rel180_evt180,K5000_seed1_coverage__fuse_r0.6,train,fuse,5000,1,coverage,22,8,0.36363636363636365,0.6,0
SCOPE_all_en__mix_rel180_evt180,K5000_seed2_random__fuse_r0.6,train,fuse,5000,2,random,22,8,0.36363636363636365,0.6,0
SCOPE_all_en__mix_rel180_evt180,K5000_seed2_coverage__fuse_r0.6,train,fuse,5000,2,coverage,22,8,0.36363636363636365,0.6,0
SCOPE_all_en__mix_rel180_evt180,K5000_seed3_random__fuse_r0.6,train,fuse,5000,3,random,22,8,0.36363636363636365,0.6,0
SCOPE_all_en__mix_rel180_evt180,K5000_seed3_coverage__fuse_r0.6,train,fuse,5000,3,coverage,22,8,0.36363636363636365,0.6,0
SCOPE_all_en__mix_rel180_evt180,K5000_seed4_random__fuse_r0.6,train,fuse,5000,4,random,22,8,0.36363636363636365,0.6,0
SCOPE_all_en__mix_rel180_evt180,K5000_seed4_coverage__fuse_r0.6,train,fuse,5000,4,coverage,22,8,0.36363636363636365,0.6,0
SCOPE_all_en__mix_rel180_evt180,K5000_seed5_random__fuse_r0.6,train,fuse,5000,5,random,22,8,0.36363636363636365,0.6,0
SCOPE_all_en__mix_rel180_evt180,K5000_seed5_coverage__fuse_r0.6,train,fuse,5000,5,coverage,22,8,0.36363636363636365,0.6,0
SCOPE_all_zh__mix_rel181_evt181,K200_seed1_random__fuse_r0.6,train,fuse,200,1,random,33,17,0.5151515151515151,0.6,0
SCOPE_all_zh__mix_rel181_evt181,K200_seed1_coverage__fuse_r0.6,train,fuse,200,1,coverage,33,19,0.5757575757575758,0.6,0
SCOPE_all_zh__mix_rel181_evt181,K200_seed2_random__fuse_r0.3,train,fuse,200,2,random,33,23,0.696969696969697,0.3,0
SCOPE_all_zh__mix_rel181_evt181,K200_seed2_coverage__fuse_r0.6,train,fuse,200,2,coverage,33,19,0.5757575757575758,0.6,0
SCOPE_all_zh__mix_rel181_evt181,K200_seed3_random__fuse_r0.3,train,fuse,200,3,random,33,20,0.6060606060606061,0.3,0
SCOPE_all_zh__mix_rel181_evt181,K200_seed3_coverage__fuse_r0.3,train,fuse,200,3,coverage,33,27,0.8181818181818182,0.3,0
SCOPE_all_zh__mix_rel181_evt181,K200_seed4_random__fuse_r0.6,train,fuse,200,4,random,33,16,0.48484848484848486,0.6,0
SCOPE_all_zh__mix_rel181_evt181,K200_seed4_coverage__fuse_r0.3,train,fuse,200,4,coverage,33,27,0.8181818181818182,0.3,0
SCOPE_all_zh__mix_rel181_evt181,K200_seed5_random__fuse_r0.3,train,fuse,200,5,random,33,24,0.7272727272727273,0.3,0
SCOPE_all_zh__mix_rel181_evt181,K200_seed5_coverage__fuse_r0.3,train,fuse,200,5,coverage,33,27,0.8181818181818182,0.3,0
SCOPE_all_zh__mix_rel181_evt181,K1000_seed1_random__fuse_r0.6,train,fuse,1000,1,random,33,19,0.5757575757575758,0.6,0
SCOPE_all_zh__mix_rel181_evt181,K1000_seed1_coverage__fuse_r0.3,train,fuse,1000,1,coverage,33,27,0.8181818181818182,0.3,0
SCOPE_all_zh__mix_rel181_evt181,K1000_seed2_random__fuse_r0.6,train,fuse,1000,2,random,33,18,0.5454545454545454,0.6,0
SCOPE_all_zh__mix_rel181_evt181,K1000_seed2_coverage__fuse_r0.6,train,fuse,1000,2,coverage,33,19,0.5757575757575758,0.6,0
SCOPE_all_zh__mix_rel181_evt181,K1000_seed3_random__fuse_r0.3,train,fuse,1000,3,random,33,27,0.8181818181818182,0.3,0
SCOPE_all_zh__mix_rel181_evt181,K1000_seed3_coverage__fuse_r0.6,train,fuse,1000,3,coverage,33,19,0.5757575757575758,0.6,0
SCOPE_all_zh__mix_rel181_evt181,K1000_seed4_random__fuse_r0.3,train,fuse,1000,4,random,33,26,0.7878787878787878,0.3,0
SCOPE_all_zh__mix_rel181_evt181,K1000_seed4_coverage__fuse_r0.6,train,fuse,1000,4,coverage,33,19,0.5757575757575758,0.6,0
SCOPE_all_zh__mix_rel181_evt181,K1000_seed5_random__fuse_r0.6,train,fuse,1000,5,random,33,19,0.5757575757575758,0.6,0
SCOPE_all_zh__mix_rel181_evt181,K1000_seed5_coverage__fuse_r0.6,train,fuse,1000,5,coverage,33,19,0.5757575757575758,0.6,0
SCOPE_all_zh__mix_rel181_evt181,K5000_seed1_random__fuse_r0.3,train,fuse,5000,1,random,33,27,0.8181818181818182,0.3,0
SCOPE_all_zh__mix_rel181_evt181,K5000_seed1_coverage__fuse_r0.3,train,fuse,5000,1,coverage,33,27,0.8181818181818182,0.3,0
SCOPE_all_zh__mix_rel181_evt181,K5000_seed2_random__fuse_r0.6,train,fuse,5000,2,random,33,19,0.5757575757575758,0.6,0
SCOPE_all_zh__mix_rel181_evt181,K5000_seed2_coverage__fuse_r0.6,train,fuse,5000,2,coverage,33,19,0.5757575757575758,0.6,0
SCOPE_all_zh__mix_rel181_evt181,K5000_seed3_random__fuse_r0.3,train,fuse,5000,3,random,33,27,0.8181818181818182,0.3,0
SCOPE_all_zh__mix_rel181_evt181,K5000_seed3_coverage__fuse_r0.3,train,fuse,5000,3,coverage,33,27,0.8181818181818182,0.3,0
SCOPE_all_zh__mix_rel181_evt181,K5000_seed4_random__fuse_r0.3,train,fuse,5000,4,random,33,27,0.8181818181818182,0.3,0
SCOPE_all_zh__mix_rel181_evt181,K5000_seed4_coverage__fuse_r0.3,train,fuse,5000,4,coverage,33,27,0.8181818181818182,0.3,0
SCOPE_all_zh__mix_rel181_evt181,K5000_seed5_random__fuse_r0.3,train,fuse,5000,5,random,33,27,0.8181818181818182,0.3,0
SCOPE_all_zh__mix_rel181_evt181,K5000_seed5_coverage__fuse_r0.6,train,fuse,5000,5,coverage,33,19,0.5757575757575758,0.6,0
SCOPE_all_zh__mix_rel182_evt182,K200_seed1_random__fuse_r0.6,train,fuse,200,1,random,11,9,0.8181818181818182,0.6,0
SCOPE_all_zh__mix_rel182_evt182,K200_seed1_coverage__fuse_r0.6,train,fuse,200,1,coverage,11,9,0.8181818181818182,0.6,0
SCOPE_all_zh__mix_rel182_evt182,K200_seed2_random__fuse_r0.3,train,fuse,200,2,random,11,10,0.9090909090909091,0.3,0
SCOPE_all_zh__mix_rel182_evt182,K200_seed2_coverage__fuse_r0.3,train,fuse,200,2,coverage,11,10,0.9090909090909091,0.3,0
SCOPE_all_zh__mix_rel182_evt182,K200_seed3_random__fuse_r0.6,train,fuse,200,3,random,11,9,0.8181818181818182,0.6,0
SCOPE_all_zh__mix_rel182_evt182,K200_seed3_coverage__fuse_r0.3,train,fuse,200,3,coverage,11,10,0.9090909090909091,0.3,0
SCOPE_all_zh__mix_rel182_evt182,K200_seed4_random__fuse_r0.6,train,fuse,200,4,random,11,9,0.8181818181818182,0.6,0
SCOPE_all_zh__mix_rel182_evt182,K200_seed4_coverage__fuse_r0.6,train,fuse,200,4,coverage,11,9,0.8181818181818182,0.6,0
SCOPE_all_zh__mix_rel182_evt182,K200_seed5_random__fuse_r0.3,train,fuse,200,5,random,11,10,0.9090909090909091,0.3,0
SCOPE_all_zh__mix_rel182_evt182,K200_seed5_coverage__fuse_r0.6,train,fuse,200,5,coverage,11,9,0.8181818181818182,0.6,0
SCOPE_all_zh__mix_rel182_evt182,K1000_seed1_random__fuse_r0.3,train,fuse,1000,1,random,11,10,0.9090909090909091,0.3,0
SCOPE_all_zh__mix_rel182_evt182,K1000_seed1_coverage__fuse_r0.3,train,fuse,1000,1,coverage,11,10,0.9090909090909091,0.3,0
SCOPE_all_zh__mix_rel182_evt182,K1000_seed2_random__fuse_r0.6,train,fuse,1000,2,random,11,9,0.8181818181818182,0.6,0
SCOPE_all_zh__mix_rel182_evt182,K1000_seed2_coverage__fuse_r0.3,train,fuse,1000,2,coverage,11,10,0.9090909090909091,0.3,0
SCOPE_all_zh__mix_rel182_evt182,K1000_seed3_random__fuse_r0.6,train,fuse,1000,3,random,11,9,0.8181818181818182,0.6,0
SCOPE_all_zh__mix_rel182_evt182,K1000_seed3_coverage__fuse_r0.3,train,fuse,1000,3,coverage,11,10,0.9090909090909091,0.3,0
SCOPE_all_zh__mix_rel182_evt182,K1000_seed4_random__fuse_r0.3,train,fuse,1000,4,random,11,10,0.9090909090909091,0.3,0
SCOPE_all_zh__mix_rel182_evt182,K1000_seed4_coverage__fuse_r0.3,train,fuse,1000,4,coverage,11,10,0.9090909090909091,0.3,0
SCOPE_all_zh__mix_rel182_evt182,K1000_seed5_random__fuse_r0.3,train,fuse,1000,5,random,11,10,0.9090909090909091,0.3,0
SCOPE_all_zh__mix_rel182_evt182,K1000_seed5_coverage__fuse_r0.6,train,fuse,1000,5,coverage,11,9,0.8181818181818182,0.6,0
SCOPE_all_zh__mix_rel182_evt182,K5000_seed1_random__fuse_r0.3,train,fuse,5000,1,random,11,10,0.9090909090909091,0.3,0
SCOPE_all_zh__mix_rel182_evt182,K5000_seed1_coverage__fuse_r0.3,train,fuse,5000,1,coverage,11,10,0.9090909090909091,0.3,0
SCOPE_all_zh__mix_rel182_evt182,K5000_seed2_random__fuse_r0.3,train,fuse,5000,2,random,11,10,0.9090909090909091,0.3,0
SCOPE_all_zh__mix_rel182_evt182,K5000_seed2_coverage__fuse_r0.3,train,fuse,5000,2,coverage,11,10,0.9090909090909091,0.3,0
SCOPE_all_zh__mix_rel182_evt182,K5000_seed3_random__fuse_r0.3,train,fuse,5000,3,random,11,10,0.9090909090909091,0.3,0
SCOPE_all_zh__mix_rel182_evt182,K5000_seed3_coverage__fuse_r0.6,train,fuse,5000,3,coverage,11,9,0.8181818181818182,0.6,0
SCOPE_all_zh__mix_rel182_evt182,K5000_seed4_random__fuse_r0.3,train,fuse,5000,4,random,11,10,0.9090909090909091,0.3,0
SCOPE_all_zh__mix_rel182_evt182,K5000_seed4_coverage__fuse_r0.6,train,fuse,5000,4,coverage,11,9,0.8181818181818182,0.6,0
SCOPE_all_zh__mix_rel182_evt182,K5000_seed5_random__fuse_r0.6,train,fuse,5000,5,random,11,9,0.8181818181818182,0.6,0
SCOPE_all_zh__mix_rel182_evt182,K5000_seed5_coverage__fuse_r0.6,train,fuse,5000,5,coverage,11,9,0.8181818181818182,0.6,0
SCOPE_all_zh__mix_rel183_evt183,K200_seed1_random__fuse_r0.3,train,fuse,200,1,random,14,12,0.8571428571428571,0.3,0
SCOPE_all_zh__mix_rel183_evt183,K200_seed1_coverage__fuse_r0.3,train,fuse,200,1,coverage,14,13,0.9285714285714286,0.3,0
SCOPE_all_zh__mix_rel183_evt183,K200_seed2_random__fuse_r0.3,train,fuse,200,2,random,14,12,0.8571428571428571,0.3,0
SCOPE_all_zh__mix_rel183_evt183,K200_seed2_coverage__fuse_r0.3,train,fuse,200,2,coverage,14,13,0.9285714285714286,0.3,0
SCOPE_all_zh__mix_rel183_evt183,K200_seed3_random__fuse_r0.6,train,fuse,200,3,random,14,10,0.7142857142857143,0.6,0
SCOPE_all_zh__mix_rel183_evt183,K200_seed3_coverage__fuse_r0.6,train,fuse,200,3,coverage,14,11,0.7857142857142857,0.6,0
SCOPE_all_zh__mix_rel183_evt183,K200_seed4_random__fuse_r0.6,train,fuse,200,4,random,14,9,0.6428571428571429,0.6,0
SCOPE_all_zh__mix_rel183_evt183,K200_seed4_coverage__fuse_r0.3,train,fuse,200,4,coverage,14,13,0.9285714285714286,0.3,0
SCOPE_all_zh__mix_rel183_evt183,K200_seed5_random__fuse_r0.6,train,fuse,200,5,random,14,10,0.7142857142857143,0.6,0
SCOPE_all_zh__mix_rel183_evt183,K200_seed5_coverage__fuse_r0.3,train,fuse,200,5,coverage,14,13,0.9285714285714286,0.3,0
SCOPE_all_zh__mix_rel183_evt183,K1000_seed1_random__fuse_r0.6,train,fuse,1000,1,random,14,10,0.7142857142857143,0.6,0
SCOPE_all_zh__mix_rel183_evt183,K1000_seed1_coverage__fuse_r0.3,train,fuse,1000,1,coverage,14,13,0.9285714285714286,0.3,0
SCOPE_all_zh__mix_rel183_evt183,K1000_seed2_random__fuse_r0.3,train,fuse,1000,2,random,14,12,0.8571428571428571,0.3,0
SCOPE_all_zh__mix_rel183_evt183,K1000_seed2_coverage__fuse_r0.6,train,fuse,1000,2,coverage,14,11,0.7857142857142857,0.6,0
SCOPE_all_zh__mix_rel183_evt183,K1000_seed3_random__fuse_r0.6,train,fuse,1000,3,random,14,10,0.7142857142857143,0.6,0
SCOPE_all_zh__mix_rel183_evt183,K1000_seed3_coverage__fuse_r0.6,train,fuse,1000,3,coverage,14,11,0.7857142857142857,0.6,0
SCOPE_all_zh__mix_rel183_evt183,K1000_seed4_random__fuse_r0.3,train,fuse,1000,4,random,14,12,0.8571428571428571,0.3,0
SCOPE_all_zh__mix_rel183_evt183,K1000_seed4_coverage__fuse_r0.3,train,fuse,1000,4,coverage,14,13,0.9285714285714286,0.3,0
SCOPE_all_zh__mix_rel183_evt183,K1000_seed5_random__fuse_r0.6,train,fuse,1000,5,random,14,10,0.7142857142857143,0.6,0
SCOPE_all_zh__mix_rel183_evt183,K1000_seed5_coverage__fuse_r0.3,train,fuse,1000,5,coverage,14,13,0.9285714285714286,0.3,0
SCOPE_all_zh__mix_rel183_evt183,K5000_seed1_random__fuse_r0.6,train,fuse,5000,1,random,14,10,0.7142857142857143,0.6,0
SCOPE_all_zh__mix_rel183_evt183,K5000_seed1_coverage__fuse_r0.6,train,fuse,5000,1,coverage,14,11,0.7857142857142857,0.6,0
SCOPE_all_zh__mix_rel183_evt183,K5000_seed2_random__fuse_r0.6,train,fuse,5000,2,random,14,11,0.7857142857142857,0.6,0
SCOPE_all_zh__mix_rel183_evt183,K5000_seed2_coverage__fuse_r0.3,train,fuse,5000,2,coverage,14,13,0.9285714285714286,0.3,0
SCOPE_all_zh__mix_rel183_evt183,K5000_seed3_random__fuse_r0.6,train,fuse,5000,3,random,14,11,0.7857142857142857,0.6,0
SCOPE_all_zh__mix_rel183_evt183,K5000_seed3_coverage__fuse_r0.3,train,fuse,5000,3,coverage,14,13,0.9285714285714286,0.3,0
SCOPE_all_zh__mix_rel183_evt183,K5000_seed4_random__fuse_r0.6,train,fuse,5000,4,random,14,11,0.7857142857142857,0.6,0
SCOPE_all_zh__mix_rel183_evt183,K5000_seed4_coverage__fuse_r0.3,train,fuse,5000,4,coverage,14,13,0.9285714285714286,0.3,0
SCOPE_all_zh__mix_rel183_evt183,K5000_seed5_random__fuse_r0.3,train,fuse,5000,5,random,14,13,0.9285714285714286,0.3,0
SCOPE_all_zh__mix_rel183_evt183,K5000_seed5_coverage__fuse_r0.6,train,fuse,5000,5,coverage,14,11,0.7857142857142857,0.6,0
SCOPE_all_zh__mix_rel184_evt184,K200_seed1_random__fuse_r0.3,train,fuse,200,1,random,23,19,0.8260869565217391,0.3,0
SCOPE_all_zh__mix_rel184_evt184,K200_seed1_coverage__fuse_r0.6,train,fuse,200,1,coverage,23,15,0.6521739130434783,0.6,0
SCOPE_all_zh__mix_rel184_evt184,K200_seed2_random__fuse_r0.3,train,fuse,200,2,random,23,19,0.8260869565217391,0.3,0
SCOPE_all_zh__mix_rel184_evt184,K200_seed2_coverage__fuse_r0.6,train,fuse,200,2,coverage,23,15,0.6521739130434783,0.6,0
SCOPE_all_zh__mix_rel184_evt184,K200_seed3_random__fuse_r0.3,train,fuse,200,3,random,23,20,0.8695652173913043,0.3,0
SCOPE_all_zh__mix_rel184_evt184,K200_seed3_coverage__fuse_r0.6,train,fuse,200,3,coverage,23,15,0.6521739130434783,0.6,0
SCOPE_all_zh__mix_rel184_evt184,K200_seed4_random__fuse_r0.6,train,fuse,200,4,random,23,14,0.6086956521739131,0.6,0
SCOPE_all_zh__mix_rel184_evt184,K200_seed4_coverage__fuse_r0.6,train,fuse,200,4,coverage,23,15,0.6521739130434783,0.6,0
SCOPE_all_zh__mix_rel184_evt184,K200_seed5_random__fuse_r0.6,train,fuse,200,5,random,23,15,0.6521739130434783,0.6,0
SCOPE_all_zh__mix_rel184_evt184,K200_seed5_coverage__fuse_r0.6,train,fuse,200,5,coverage,23,15,0.6521739130434783,0.6,0
SCOPE_all_zh__mix_rel184_evt184,K1000_seed1_random__fuse_r0.6,train,fuse,1000,1,random,23,15,0.6521739130434783,0.6,0
SCOPE_all_zh__mix_rel184_evt184,K1000_seed1_coverage__fuse_r0.6,train,fuse,1000,1,coverage,23,15,0.6521739130434783,0.6,0
SCOPE_all_zh__mix_rel184_evt184,K1000_seed2_random__fuse_r0.3,train,fuse,1000,2,random,23,20,0.8695652173913043,0.3,0
SCOPE_all_zh__mix_rel184_evt184,K1000_seed2_coverage__fuse_r0.6,train,fuse,1000,2,coverage,23,15,0.6521739130434783,0.6,0
SCOPE_all_zh__mix_rel184_evt184,K1000_seed3_random__fuse_r0.6,train,fuse,1000,3,random,23,15,0.6521739130434783,0.6,0
SCOPE_all_zh__mix_rel184_evt184,K1000_seed3_coverage__fuse_r0.6,train,fuse,1000,3,coverage,23,15,0.6521739130434783,0.6,0
SCOPE_all_zh__mix_rel184_evt184,K1000_seed4_random__fuse_r0.3,train,fuse,1000,4,random,23,20,0.8695652173913043,0.3,0
SCOPE_all_zh__mix_rel184_evt184,K1000_seed4_coverage__fuse_r0.6,train,fuse,1000,4,coverage,23,15,0.6521739130434783,0.6,0
SCOPE_all_zh__mix_rel184_evt184,K1000_seed5_random__fuse_r0.6,train,fuse,1000,5,random,23,15,0.6521739130434783,0.6,0
SCOPE_all_zh__mix_rel184_evt184,K1000_seed5_coverage__fuse_r0.3,train,fuse,1000,5,coverage,23,20,0.8695652173913043,0.3,0
SCOPE_all_zh__mix_rel184_evt184,K5000_seed1_random__fuse_r0.3,train,fuse,5000,1,random,23,20,0.8695652173913043,0.3,0
SCOPE_all_zh__mix_rel184_evt184,K5000_seed1_coverage__fuse_r0.3,train,fuse,5000,1,coverage,23,20,0.8695652173913043,0.3,0
SCOPE_all_zh__mix_rel184_evt184,K5000_seed2_random__fuse_r0.6,train,fuse,5000,2,random,23,15,0.6521739130434783,0.6,0
SCOPE_all_zh__mix_rel184_evt184,K5000_seed2_coverage__fuse_r0.6,train,fuse,5000,2,coverage,23,15,0.6521739130434783,0.6,0
SCOPE_all_zh__mix_rel184_evt184,K5000_seed3_random__fuse_r0.6,train,fuse,5000,3,random,23,15,0.6521739130434783,0.6,0
SCOPE_all_zh__mix_rel184_evt184,K5000_seed3_coverage__fuse_r0.3,train,fuse,5000,3,coverage,23,20,0.8695652173913043,0.3,0
SCOPE_all_zh__mix_rel184_evt184,K5000_seed4_random__fuse_r0.3,train,fuse,5000,4,random,23,20,0.8695652173913043,0.3,0
SCOPE_all_zh__mix_rel184_evt184,K5000_seed4_coverage__fuse_r0.3,train,fuse,5000,4,coverage,23,20,0.8695652173913043,0.3,0
SCOPE_all_zh__mix_rel184_evt184,K5000_seed5_random__fuse_r0.3,train,fuse,5000,5,random,23,20,0.8695652173913043,0.3,0
SCOPE_all_zh__mix_rel184_evt184,K5000_seed5_coverage__fuse_r0.6,train,fuse,5000,5,coverage,23,15,0.6521739130434783,0.6,0
SCOPE_all_zh__mix_rel185_evt185,K200_seed1_random__fuse_r0.6,train,fuse,200,1,random,9,8,0.8888888888888888,0.6,0
SCOPE_all_zh__mix_rel185_evt185,K200_seed1_coverage__fuse_r0.3,train,fuse,200,1,coverage,9,9,1.0,0.3,0
SCOPE_all_zh__mix_rel185_evt185,K200_seed2_random__fuse_r0.6,train,fuse,200,2,random,9,8,0.8888888888888888,0.6,0
SCOPE_all_zh__mix_rel185_evt185,K200_seed2_coverage__fuse_r0.6,train,fuse,200,2,coverage,9,8,0.8888888888888888,0.6,0
SCOPE_all_zh__mix_rel185_evt185,K200_seed3_random__fuse_r0.6,train,fuse,200,3,random,9,8,0.8888888888888888,0.6,0
SCOPE_all_zh__mix_rel185_evt185,K200_seed3_coverage__fuse_r0.6,train,fuse,200,3,coverage,9,8,0.8888888888888888,0.6,0
SCOPE_all_zh__mix_rel185_evt185,K200_seed4_random__fuse_r0.6,train,fuse,200,4,random,9,8,0.8888888888888888,0.6,0
SCOPE_all_zh__mix_rel185_evt185,K200_seed4_coverage__fuse_r0.3,train,fuse,200,4,coverage,9,9,1.0,0.3,0
SCOPE_all_zh__mix_rel185_evt185,K200_seed5_random__fuse_r0.3,train,fuse,200,5,random,9,9,1.0,0.3,0
SCOPE_all_zh__mix_rel185_evt185,K200_seed5_coverage__fuse_r0.6,train,fuse,200,5,coverage,9,8,0.8888888888888888,0.6,0
SCOPE_all_zh__mix_rel185_evt185,K1000_seed1_random__fuse_r0.3,train,fuse,1000,1,random,9,9,1.0,0.3,0
SCOPE_all_zh__mix_rel185_evt185,K1000_seed1_coverage__fuse_r0.6,train,fuse,1000,1,coverage,9,8,0.8888888888888888,0.6,0
SCOPE_all_zh__mix_rel185_evt185,K1000_seed2_random__fuse_r0.6,train,fuse,1000,2,random,9,8,0.8888888888888888,0.6,0
SCOPE_all_zh__mix_rel185_evt185,K1000_seed2_coverage__fuse_r0.6,train,fuse,1000,2,coverage,9,8,0.8888888888888888,0.6,0
SCOPE_all_zh__mix_rel185_evt185,K1000_seed3_random__fuse_r0.3,train,fuse,1000,3,random,9,9,1.0,0.3,0
SCOPE_all_zh__mix_rel185_evt185,K1000_seed3_coverage__fuse_r0.6,train,fuse,1000,3,coverage,9,8,0.8888888888888888,0.6,0
SCOPE_all_zh__mix_rel185_evt185,K1000_seed4_random__fuse_r0.6,train,fuse,1000,4,random,9,8,0.8888888888888888,0.6,0
SCOPE_all_zh__mix_rel185_evt185,K1000_seed4_coverage__fuse_r0.6,train,fuse,1000,4,coverage,9,8,0.8888888888888888,0.6,0
SCOPE_all_zh__mix_rel185_evt185,K1000_seed5_random__fuse_r0.3,train,fuse,1000,5,random,9,9,1.0,0.3,0
SCOPE_all_zh__mix_rel185_evt185,K1000_seed5_coverage__fuse_r0.6,train,fuse,1000,5,coverage,9,8,0.8888888888888888,0.6,0
SCOPE_all_zh__mix_rel185_evt185,K5000_seed1_random__fuse_r0.3,train,fuse,5000,1,random,9,9,1.0,0.3,0
SCOPE_all_zh__mix_rel185_evt185,K5000_seed1_coverage__fuse_r0.6,train,fuse,5000,1,coverage,9,8,0.8888888888888888,0.6,0
SCOPE_all_zh__mix_rel185_evt185,K5000_seed2_random__fuse_r0.3,train,fuse,5000,2,random,9,9,1.0,0.3,0
SCOPE_all_zh__mix_rel185_evt185,K5000_seed2_coverage__fuse_r0.3,train,fuse,5000,2,coverage,9,9,1.0,0.3,0
SCOPE_all_zh__mix_rel185_evt185,K5000_seed3_random__fuse_r0.3,train,fuse,5000,3,random,9,9,1.0,0.3,0
SCOPE_all_zh__mix_rel185_evt185,K5000_seed3_coverage__fuse_r0.3,train,fuse,5000,3,coverage,9,9,1.0,0.3,0
SCOPE_all_zh__mix_rel185_evt185,K5000_seed4_random__fuse_r0.6,train,fuse,5000,4,random,9,8,0.8888888888888888,0.6,0
SCOPE_all_zh__mix_rel185_evt185,K5000_seed4_coverage__fuse_r0.3,train,fuse,5000,4,coverage,9,9,1.0,0.3,0
SCOPE_all_zh__mix_rel185_evt185,K5000_seed5_random__fuse_r0.3,train,fuse,5000,5,random,9,9,1.0,0.3,0
SCOPE_all_zh__mix_rel185_evt185,K5000_seed5_coverage__fuse_r0.3,train,fuse,5000,5,coverage,9,9,1.0,0.3,0
SCOPE_all_zh__mix_rel186_evt186,K200_seed1_random__fuse_r0.6,train,fuse,200,1,random,19,14,0.7368421052631579,0.6,0
SCOPE_all_zh__mix_rel186_evt186,K200_seed1_coverage__fuse_r0.3,train,fuse,200,1,coverage,19,17,0.8947368421052632,0.3,0
SCOPE_all_zh__mix_rel186_evt186,K200_seed2_random__fuse_r0.6,train,fuse,200,2,random,19,13,0.6842105263157895,0.6,0
SCOPE_all_zh__mix_rel186_evt186,K200_seed2_coverage__fuse_r0.3,train,fuse,200,2,coverage,19,17,0.8947368421052632,0.3,0
SCOPE_all_zh__mix_rel186_evt186,K200_seed3_random__fuse_r0.3,train,fuse,200,3,random,19,16,0.8421052631578947,0.3,0
SCOPE_all_zh__mix_rel186_evt186,K200_seed3_coverage__fuse_r0.3,train,fuse,200,3,coverage,19,17,0.8947368421052632,0.3,0
SCOPE_all_zh__mix_rel186_evt186,K200_seed4_random__fuse_r0.3,train,fuse,200,4,random,19,15,0.7894736842105263,0.3,0
SCOPE_all_zh__mix_rel186_evt186,K200_seed4_coverage__fuse_r0.6,train,fuse,200,4,coverage,19,14,0.7368421052631579,0.6,0
SCOPE_all_zh__mix_rel186_evt186,K200_seed5_random__fuse_r0.3,train,fuse,200,5,random,19,17,0.8947368421052632,0.3,0
SCOPE_all_zh__mix_rel186_evt186,K200_seed5_coverage__fuse_r0.6,train,fuse,200,5,coverage,19,14,0.7368421052631579,0.6,0
SCOPE_all_zh__mix_rel186_evt186,K1000_seed1_random__fuse_r0.3,train,fuse,1000,1,random,19,17,0.8947368421052632,0.3,0
SCOPE_all_zh__mix_rel186_evt186,K1000_seed1_coverage__fuse_r0.3,train,fuse,1000,1,coverage,19,17,0.8947368421052632,0.3,0
SCOPE_all_zh__mix_rel186_evt186,K1000_seed2_random__fuse_r0.3,train,fuse,1000,2,random,19,17,0.8947368421052632,0.3,0
SCOPE_all_zh__mix_rel186_evt186,K1000_seed2_coverage__fuse_r0.6,train,fuse,1000,2,coverage,19,14,0.7368421052631579,0.6,0
SCOPE_all_zh__mix_rel186_evt186,K1000_seed3_random__fuse_r0.3,train,fuse,1000,3,random,19,17,0.8947368421052632,0.3,0
SCOPE_all_zh__mix_rel186_evt186,K1000_seed3_coverage__fuse_r0.6,train,fuse,1000,3,coverage,19,14,0.7368421052631579,0.6,0
SCOPE_all_zh__mix_rel186_evt186,K1000_seed4_random__fuse_r0.6,train,fuse,1000,4,random,19,14,0.7368421052631579,0.6,0
SCOPE_all_zh__mix_rel186_evt186,K1000_seed4_coverage__fuse_r0.6,train,fuse,1000,4,coverage,19,14,0.7368421052631579,0.6,0
SCOPE_all_zh__mix_rel186_evt186,K1000_seed5_random__fuse_r0.3,train,fuse,1000,5,random,19,17,0.8947368421052632,0.3,0
SCOPE_all_zh__mix_rel186_evt186,K1000_seed5_coverage__fuse_r0.3,train,fuse,1000,5,coverage,19,17,0.8947368421052632,0.3,0
SCOPE_all_zh__mix_rel186_evt186,K5000_seed1_random__fuse_r0.6,train,fuse,5000,1,random,19,14,0.7368421052631579,0.6,0
SCOPE_all_zh__mix_rel186_evt186,K5000_seed1_coverage__fuse_r0.3,train,fuse,5000,1,coverage,19,17,0.8947368421052632,0.3,0
SCOPE_all_zh__mix_rel186_evt186,K5000_seed2_random__fuse_r0.3,train,fuse,5000,2,random,19,17,0.8947368421052632,0.3,0
SCOPE_all_zh__mix_rel186_evt186,K5000_seed2_coverage__fuse_r0.6,train,fuse,5000,2,coverage,19,14,0.7368421052631579,0.6,0
SCOPE_all_zh__mix_rel186_evt186,K5000_seed3_random__fuse_r0.3,train,fuse,5000,3,random,19,17,0.8947368421052632,0.3,0
SCOPE_all_zh__mix_rel186_evt186,K5000_seed3_coverage__fuse_r0.3,train,fuse,5000,3,coverage,19,17,0.8947368421052632,0.3,0
SCOPE_all_zh__mix_rel186_evt186,K5000_seed4_random__fuse_r0.6,train,fuse,5000,4,random,19,14,0.7368421052631579,0.6,0
SCOPE_all_zh__mix_rel186_evt186,K5000_seed4_coverage__fuse_r0.6,train,fuse,5000,4,coverage,19,14,0.7368421052631579,0.6,0
SCOPE_all_zh__mix_rel186_evt186,K5000_seed5_random__fuse_r0.6,train,fuse,5000,5,random,19,14,0.7368421052631579,0.6,0
SCOPE_all_zh__mix_rel186_evt186,K5000_seed5_coverage__fuse_r0.3,train,fuse,5000,5,coverage,19,17,0.8947368421052632,0.3,0
SCOPE_all_zh__mix_rel187_evt187,K200_seed1_random__fuse_r0.6,train,fuse,200,1,random,20,12,0.6,0.6,0
SCOPE_all_zh__mix_rel187_evt187,K200_seed1_coverage__fuse_r0.3,train,fuse,200,1,coverage,20,18,0.9,0.3,0
SCOPE_all_zh__mix_rel187_evt187,K200_seed2_random__fuse_r0.6,train,fuse,200,2,random,20,11,0.55,0.6,0
SCOPE_all_zh__mix_rel187_evt187,K200_seed2_coverage__fuse_r0.3,train,fuse,200,2,coverage,20,18,0.9,0.3,0
SCOPE_all_zh__mix_rel187_evt187,K200_seed3_random__fuse_r0.3,train,fuse,200,3,random,20,14,0.7,0.3,0
SCOPE_all_zh__mix_rel187_evt187,K200_seed3_coverage__fuse_r0.6,train,fuse,200,3,coverage,20,14,0.7,0.6,0
SCOPE_all_zh__mix_rel187_evt187,K200_seed4_random__fuse_r0.6,train,fuse,200,4,random,20,11,0.55,0.6,0
SCOPE_all_zh__mix_rel187_evt187,K200_seed4_coverage__fuse_r0.6,train,fuse,200,4,coverage,20,14,0.7,0.6,0
SCOPE_all_zh__mix_rel187_evt187,K200_seed5_random__fuse_r0.6,train,fuse,200,5,random,20,10,0.5,0.6,0
SCOPE_all_zh__mix_rel187_evt187,K200_seed5_coverage__fuse_r0.6,train,fuse,200,5,coverage,20,14,0.7,0.6,0
SCOPE_all_zh__mix_rel187_evt187,K1000_seed1_random__fuse_r0.3,train,fuse,1000,1,random,20,18,0.9,0.3,0
SCOPE_all_zh__mix_rel187_evt187,K1000_seed1_coverage__fuse_r0.6,train,fuse,1000,1,coverage,20,14,0.7,0.6,0
SCOPE_all_zh__mix_rel187_evt187,K1000_seed2_random__fuse_r0.3,train,fuse,1000,2,random,20,18,0.9,0.3,0
SCOPE_all_zh__mix_rel187_evt187,K1000_seed2_coverage__fuse_r0.6,train,fuse,1000,2,coverage,20,14,0.7,0.6,0
SCOPE_all_zh__mix_rel187_evt187,K1000_seed3_random__fuse_r0.6,train,fuse,1000,3,random,20,14,0.7,0.6,0
SCOPE_all_zh__mix_rel187_evt187,K1000_seed3_coverage__fuse_r0.3,train,fuse,1000,3,coverage,20,18,0.9,0.3,0
SCOPE_all_zh__mix_rel187_evt187,K1000_seed4_random__fuse_r0.6,train,fuse,1000,4,random,20,12,0.6,0.6,0
SCOPE_all_zh__mix_rel187_evt187,K1000_seed4_coverage__fuse_r0.3,train,fuse,1000,4,coverage,20,18,0.9,0.3,0
SCOPE_all_zh__mix_rel187_evt187,K1000_seed5_random__fuse_r0.3,train,fuse,1000,5,random,20,18,0.9,0.3,0
SCOPE_all_zh__mix_rel187_evt187,K1000_seed5_coverage__fuse_r0.3,train,fuse,1000,5,coverage,20,18,0.9,0.3,0
SCOPE_all_zh__mix_rel187_evt187,K5000_seed1_random__fuse_r0.6,train,fuse,5000,1,random,20,14,0.7,0.6,0
SCOPE_all_zh__mix_rel187_evt187,K5000_seed1_coverage__fuse_r0.6,train,fuse,5000,1,coverage,20,14,0.7,0.6,0
SCOPE_all_zh__mix_rel187_evt187,K5000_seed2_random__fuse_r0.3,train,fuse,5000,2,random,20,18,0.9,0.3,0
SCOPE_all_zh__mix_rel187_evt187,K5000_seed2_coverage__fuse_r0.6,train,fuse,5000,2,coverage,20,14,0.7,0.6,0
SCOPE_all_zh__mix_rel187_evt187,K5000_seed3_random__fuse_r0.6,train,fuse,5000,3,random,20,14,0.7,0.6,0
SCOPE_all_zh__mix_rel187_evt187,K5000_seed3_coverage__fuse_r0.6,train,fuse,5000,3,coverage,20,14,0.7,0.6,0
SCOPE_all_zh__mix_rel187_evt187,K5000_seed4_random__fuse_r0.6,train,fuse,5000,4,random,20,14,0.7,0.6,0
SCOPE_all_zh__mix_rel187_evt187,K5000_seed4_coverage__fuse_r0.3,train,fuse,5000,4,coverage,20,18,0.9,0.3,0
SCOPE_all_zh__mix_rel187_evt187,K5000_seed5_random__fuse_r0.3,train,fuse,5000,5,random,20,18,0.9,0.3,0
SCOPE_all_zh__mix_rel187_evt187,K5000_seed5_coverage__fuse_r0.6,train,fuse,5000,5,coverage,20,14,0.7,0.6,0
SCOPE_all_zh__mix_rel188_evt188,K200_seed1_random__fuse_r0.6,train,fuse,200,1,random,10,6,0.6,0.6,0
SCOPE_all_zh__mix_rel188_evt188,K200_seed1_coverage__fuse_r0.6,train,fuse,200,1,coverage,10,6,0.6,0.6,0
SCOPE_all_zh__mix_rel188_evt188,K200_seed2_random__fuse_r0.6,train,fuse,200,2,random,10,6,0.6,0.6,0
SCOPE_all_zh__mix_rel188_evt188,K200_seed2_coverage__fuse_r0.6,train,fuse,200,2,coverage,10,6,0.6,0.6,0
SCOPE_all_zh__mix_rel188_evt188,K200_seed3_random__fuse_r0.6,train,fuse,200,3,random,10,6,0.6,0.6,0
SCOPE_all_zh__mix_rel188_evt188,K200_seed3_coverage__fuse_r0.3,train,fuse,200,3,coverage,10,9,0.9,0.3,0
SCOPE_all_zh__mix_rel188_evt188,K200_seed4_random__fuse_r0.6,train,fuse,200,4,random,10,6,0.6,0.6,0
SCOPE_all_zh__mix_rel188_evt188,K200_seed4_coverage__fuse_r0.6,train,fuse,200,4,coverage,10,6,0.6,0.6,0
SCOPE_all_zh__mix_rel188_evt188,K200_seed5_random__fuse_r0.3,train,fuse,200,5,random,10,9,0.9,0.3,0
SCOPE_all_zh__mix_rel188_evt188,K200_seed5_coverage__fuse_r0.6,train,fuse,200,5,coverage,10,6,0.6,0.6,0
SCOPE_all_zh__mix_rel188_evt188,K1000_seed1_random__fuse_r0.3,train,fuse,1000,1,random,10,9,0.9,0.3,0
SCOPE_all_zh__mix_rel188_evt188,K1000_seed1_coverage__fuse_r0.6,train,fuse,1000,1,coverage,10,6,0.6,0.6,0
SCOPE_all_zh__mix_rel188_evt188,K1000_seed2_random__fuse_r0.3,train,fuse,1000,2,random,10,9,0.9,0.3,0
SCOPE_all_zh__mix_rel188_evt188,K1000_seed2_coverage__fuse_r0.6,train,fuse,1000,2,coverage,10,6,0.6,0.6,0
SCOPE_all_zh__mix_rel188_evt188,K1000_seed3_random__fuse_r0.3,train,fuse,1000,3,random,10,9,0.9,0.3,0
SCOPE_all_zh__mix_rel188_evt188,K1000_seed3_coverage__fuse_r0.6,train,fuse,1000,3,coverage,10,6,0.6,0.6,0
SCOPE_all_zh__mix_rel188_evt188,K1000_seed4_random__fuse_r0.6,train,fuse,1000,4,random,10,6,0.6,0.6,0
SCOPE_all_zh__mix_rel188_evt188,K1000_seed4_coverage__fuse_r0.3,train,fuse,1000,4,coverage,10,9,0.9,0.3,0
SCOPE_all_zh__mix_rel188_evt188,K1000_seed5_random__fuse_r0.3,train,fuse,1000,5,random,10,9,0.9,0.3,0
SCOPE_all_zh__mix_rel188_evt188,K1000_seed5_coverage__fuse_r0.6,train,fuse,1000,5,coverage,10,6,0.6,0.6,0
SCOPE_all_zh__mix_rel188_evt188,K5000_seed1_random__fuse_r0.3,train,fuse,5000,1,random,10,9,0.9,0.3,0
SCOPE_all_zh__mix_rel188_evt188,K5000_seed1_coverage__fuse_r0.3,train,fuse,5000,1,coverage,10,9,0.9,0.3,0
SCOPE_all_zh__mix_rel188_evt188,K5000_seed2_random__fuse_r0.3,train,fuse,5000,2,random,10,9,0.9,0.3,0
SCOPE_all_zh__mix_rel188_evt188,K5000_seed2_coverage__fuse_r0.6,train,fuse,5000,2,coverage,10,6,0.6,0.6,0
SCOPE_all_zh__mix_rel188_evt188,K5000_seed3_random__fuse_r0.3,train,fuse,5000,3,random,10,9,0.9,0.3,0
SCOPE_all_zh__mix_rel188_evt188,K5000_seed3_coverage__fuse_r0.6,train,fuse,5000,3,coverage,10,6,0.6,0.6,0
SCOPE_all_zh__mix_rel188_evt188,K5000_seed4_random__fuse_r0.6,train,fuse,5000,4,random,10,6,0.6,0.6,0
SCOPE_all_zh__mix_rel188_evt188,K5000_seed4_coverage__fuse_r0.6,train,fuse,5000,4,coverage,10,6,0.6,0.6,0
SCOPE_all_zh__mix_rel188_evt188,K5000_seed5_random__fuse_r0.3,train,fuse,5000,5,random,10,9,0.9,0.3,0
SCOPE_all_zh__mix_rel188_evt188,K5000_seed5_coverage__fuse_r0.3,train,fuse,5000,5,coverage,10,9,0.9,0.3,0
SCOPE_all_en__mix_rel189_evt189,K200_seed1_random__fuse_r0.3,train,fuse,200,1,random,36,18,0.5,0.3,0
SCOPE_all_en__mix_rel189_evt189,K200_seed1_coverage__fuse_r0.6,train,fuse,200,1,coverage,36,14,0.3888888888888889,0.6,0
SCOPE_all_en__mix_rel189_evt189,K200_seed2_random__fuse_r0.3,train,fuse,200,2,random,36,18,0.5,0.3,0
SCOPE_all_en__mix_rel189_evt189,K200_seed2_coverage__fuse_r0.6,train,fuse,200,2,coverage,36,14,0.3888888888888889,0.6,0
SCOPE_all_en__mix_rel189_evt189,K200_seed3_random__fuse_r0.6,train,fuse,200,3,random,36,10,0.2777777777777778,0.6,0
SCOPE_all_en__mix_rel189_evt189,K200_seed3_coverage__fuse_r0.3,train,fuse,200,3,coverage,36,24,0.6666666666666666,0.3,0
SCOPE_all_en__mix_rel189_evt189,K200_seed4_random__fuse_r0.3,train,fuse,200,4,random,36,14,0.3888888888888889,0.3,0
SCOPE_all_en__mix_rel189_evt189,K200_seed4_coverage__fuse_r0.6,train,fuse,200,4,coverage,36,14,0.3888888888888889,0.6,0
SCOPE_all_en__mix_rel189_evt189,K200_seed5_random__fuse_r0.6,train,fuse,200,5,random,36,11,0.3055555555555556,0.6,0
SCOPE_all_en__mix_rel189_evt189,K200_seed5_coverage__fuse_r0.6,train,fuse,200,5,coverage,36,14,0.3888888888888889,0.6,0
SCOPE_all_en__mix_rel189_evt189,K1000_seed1_random__fuse_r0.3,train,fuse,1000,1,random,36,23,0.6388888888888888,0.3,0
SCOPE_all_en__mix_rel189_evt189,K1000_seed1_coverage__fuse_r0.6,train,fuse,1000,1,coverage,36,14,0.3888888888888889,0.6,0
SCOPE_all_en__mix_rel189_evt189,K1000_seed2_random__fuse_r0.3,train,fuse,1000,2,random,36,22,0.6111111111111112,0.3,0
SCOPE_all_en__mix_rel189_evt189,K1000_seed2_coverage__fuse_r0.6,train,fuse,1000,2,coverage,36,14,0.3888888888888889,0.6,0
SCOPE_all_en__mix_rel189_evt189,K1000_seed3_random__fuse_r0.6,train,fuse,1000,3,random,36,13,0.3611111111111111,0.6,0
SCOPE_all_en__mix_rel189_evt189,K1000_seed3_coverage__fuse_r0.6,train,fuse,1000,3,coverage,36,14,0.3888888888888889,0.6,0
SCOPE_all_en__mix_rel189_evt189,K1000_seed4_random__fuse_r0.3,train,fuse,1000,4,random,36,22,0.6111111111111112,0.3,0
SCOPE_all_en__mix_rel189_evt189,K1000_seed4_coverage__fuse_r0.6,train,fuse,1000,4,coverage,36,14,0.3888888888888889,0.6,0
SCOPE_all_en__mix_rel189_evt189,K1000_seed5_random__fuse_r0.6,train,fuse,1000,5,random,36,13,0.3611111111111111,0.6,0
SCOPE_all_en__mix_rel189_evt189,K1000_seed5_coverage__fuse_r0.6,train,fuse,1000,5,coverage,36,14,0.3888888888888889,0.6,0
SCOPE_all_en__mix_rel189_evt189,K5000_seed1_random__fuse_r0.3,train,fuse,5000,1,random,36,24,0.6666666666666666,0.3,0
SCOPE_all_en__mix_rel189_evt189,K5000_seed1_coverage__fuse_r0.6,train,fuse,5000,1,coverage,36,14,0.3888888888888889,0.6,0
SCOPE_all_en__mix_rel189_evt189,K5000_seed2_random__fuse_r0.6,train,fuse,5000,2,random,36,14,0.3888888888888889,0.6,0
SCOPE_all_en__mix_rel189_evt189,K5000_seed2_coverage__fuse_r0.3,train,fuse,5000,2,coverage,36,24,0.6666666666666666,0.3,0
SCOPE_all_en__mix_rel189_evt189,K5000_seed3_random__fuse_r0.3,train,fuse,5000,3,random,36,24,0.6666666666666666,0.3,0
SCOPE_all_en__mix_rel189_evt189,K5000_seed3_coverage__fuse_r0.3,train,fuse,5000,3,coverage,36,24,0.6666666666666666,0.3,0
SCOPE_all_en__mix_rel189_evt189,K5000_seed4_random__fuse_r0.6,train,fuse,5000,4,random,36,14,0.3888888888888889,0.6,0
SCOPE_all_en__mix_rel189_evt189,K5000_seed4_coverage__fuse_r0.6,train,fuse,5000,4,coverage,36,14,0.3888888888888889,0.6,0
SCOPE_all_en__mix_rel189_evt189,K5000_seed5_random__fuse_r0.6,train,fuse,5000,5,random,36,14,0.3888888888888889,0.6,0
SCOPE_all_en__mix_rel189_evt189,K5000_seed5_coverage__fuse_r0.6,train,fuse,5000,5,coverage,36,14,0.3888888888888889,0.6,0
SCOPE_all_en__mix_rel190_evt190,K200_seed1_random__fuse_r0.6,train,fuse,200,1,random,39,17,0.4358974358974359,0.6,0
SCOPE_all_en__mix_rel190_evt190,K200_seed1_coverage__fuse_r0.3,train,fuse,200,1,coverage,39,31,0.7948717948717948,0.3,0
SCOPE_all_en__mix_rel190_evt190,K200_seed2_random__fuse_r0.3,train,fuse,200,2,random,39,25,0.6410256410256411,0.3,0
SCOPE_all_en__mix_rel190_evt190,K200_seed2_coverage__fuse_r0.6,train,fuse,200,2,coverage,39,21,0.5384615384615384,0.6,0
SCOPE_all_en__mix_rel190_evt190,K200_seed3_random__fuse_r0.6,train,fuse,200,3,random,39,15,0.38461538461538464,0.6,0
SCOPE_all_en__mix_rel190_evt190,K200_seed3_coverage__fuse_r0.6,train,fuse,200,3,coverage,39,21,0.5384615384615384,0.6,0
SCOPE_all_en__mix_rel190_evt190,K200_seed4_random__fuse_r0.3,train,fuse,200,4,random,39,18,0.46153846153846156,0.3,0
SCOPE_all_en__mix_rel190_evt190,K200_seed4_coverage__fuse_r0.6,train,fuse,200,4,coverage,39,21,0.5384615384615384,0.6,0
SCOPE_all_en__mix_rel190_evt190,K200_seed5_random__fuse_r0.6,train,fuse,200,5,random,39,17,0.4358974358974359,0.6,0
SCOPE_all_en__mix_rel190_evt190,K200_seed5_coverage__fuse_r0.3,train,fuse,200,5,coverage,39,31,0.7948717948717948,0.3,0
SCOPE_all_en__mix_rel190_evt190,K1000_seed1_random__fuse_r0.3,train,fuse,1000,1,random,39,29,0.7435897435897436,0.3,0
SCOPE_all_en__mix_rel190_evt190,K1000_seed1_coverage__fuse_r0.3,train,fuse,1000,1,coverage,39,31,0.7948717948717948,0.3,0
SCOPE_all_en__mix_rel190_evt190,K1000_seed2_random__fuse_r0.6,train,fuse,1000,2,random,39,19,0.48717948717948717,0.6,0
SCOPE_all_en__mix_rel190_evt190,K1000_seed2_coverage__fuse_r0.6,train,fuse,1000,2,coverage,39,21,0.5384615384615384,0.6,0
SCOPE_all_en__mix_rel190_evt190,K1000_seed3_random__fuse_r0.3,train,fuse,1000,3,random,39,29,0.7435897435897436,0.3,0
SCOPE_all_en__mix_rel190_evt190,K1000_seed3_coverage__fuse_r0.6,train,fuse,1000,3,coverage,39,21,0.5384615384615384,0.6,0
SCOPE_all_en__mix_rel190_evt190,K1000_seed4_random__fuse_r0.6,train,fuse,1000,4,random,39,20,0.5128205128205128,0.6,0
SCOPE_all_en__mix_rel190_evt190,K1000_seed4_coverage__fuse_r0.3,train,fuse,1000,4,coverage,39,31,0.7948717948717948,0.3,0
SCOPE_all_en__mix_rel190_evt190,K1000_seed5_random__fuse_r0.3,train,fuse,1000,5,random,39,27,0.6923076923076923,0.3,0
SCOPE_all_en__mix_rel190_evt190,K1000_seed5_coverage__fuse_r0.3,train,fuse,1000,5,coverage,39,31,0.7948717948717948,0.3,0
SCOPE_all_en__mix_rel190_evt190,K5000_seed1_random__fuse_r0.6,train,fuse,5000,1,random,39,20,0.5128205128205128,0.6,0
SCOPE_all_en__mix_rel190_evt190,K5000_seed1_coverage__fuse_r0.6,train,fuse,5000,1,coverage,39,21,0.5384615384615384,0.6,0
SCOPE_all_en__mix_rel190_evt190,K5000_seed2_random__fuse_r0.6,train,fuse,5000,2,random,39,21,0.5384615384615384,0.6,0
SCOPE_all_en__mix_rel190_evt190,K5000_seed2_coverage__fuse_r0.3,train,fuse,5000,2,coverage,39,31,0.7948717948717948,0.3,0
SCOPE_all_en__mix_rel190_evt190,K5000_seed3_random__fuse_r0.3,train,fuse,5000,3,random,39,31,0.7948717948717948,0.3,0
SCOPE_all_en__mix_rel190_evt190,K5000_seed3_coverage__fuse_r0.6,train,fuse,5000,3,coverage,39,21,0.5384615384615384,0.6,0
SCOPE_all_en__mix_rel190_evt190,K5000_seed4_random__fuse_r0.3,train,fuse,5000,4,random,39,30,0.7692307692307693,0.3,0
SCOPE_all_en__mix_rel190_evt190,K5000_seed4_coverage__fuse_r0.3,train,fuse,5000,4,coverage,39,31,0.7948717948717948,0.3,0
SCOPE_all_en__mix_rel190_evt190,K5000_seed5_random__fuse_r0.6,train,fuse,5000,5,random,39,21,0.5384615384615384,0.6,0
SCOPE_all_en__mix_rel190_evt190,K5000_seed5_coverage__fuse_r0.6,train,fuse,5000,5,coverage,39,21,0.5384615384615384,0.6,0
SCOPE_all_zh__mix_rel191_evt191,K200_seed1_random__fuse_r0.3,train,fuse,200,1,random,29,21,0.7241379310344828,0.3,0
SCOPE_all_zh__mix_rel191_evt191,K200_seed1_coverage__fuse_r0.3,train,fuse,200,1,coverage,29,22,0.7586206896551724,0.3,0
SCOPE_all_zh__mix_rel191_evt191,K200_seed2_random__fuse_r0.6,train,fuse,200,2,random,29,13,0.4482758620689655,0.6,0
SCOPE_all_zh__mix_rel191_evt191,K200_seed2_coverage__fuse_r0.3,train,fuse,200,2,coverage,29,22,0.7586206896551724,0.3,0
SCOPE_all_zh__mix_rel191_evt191,K200_seed3_random__fuse_r0.6,train,fuse,200,3,random,29,13,0.4482758620689655,0.6,0
SCOPE_all_zh__mix_rel191_evt191,K200_seed3_coverage__fuse_r0.6,train,fuse,200,3,coverage,29,13,0.4482758620689655,0.6,0
SCOPE_all_zh__mix_rel191_evt191,K200_seed4_random__fuse_r0.3,train,fuse,200,4,random,29,22,0.7586206896551724,0.3,0
SCOPE_all_zh__mix_rel191_evt191,K200_seed4_coverage__fuse_r0.3,train,fuse,200,4,coverage,29,22,0.7586206896551724,0.3,0
SCOPE_all_zh__mix_rel191_evt191,K200_seed5_random__fuse_r0.3,train,fuse,200,5,random,29,21,0.7241379310344828,0.3,0
SCOPE_all_zh__mix_rel191_evt191,K200_seed5_coverage__fuse_r0.6,train,fuse,200,5,coverage,29,13,0.4482758620689655,0.6,0
SCOPE_all_zh__mix_rel191_evt191,K1000_seed1_random__fuse_r0.6,train,fuse,1000,1,random,29,13,0.4482758620689655,0.6,0
SCOPE_all_zh__mix_rel191_evt191,K1000_seed1_coverage__fuse_r0.6,train,fuse,1000,1,coverage,29,13,0.4482758620689655,0.6,0
SCOPE_all_zh__mix_rel191_evt191,K1000_seed2_random__fuse_r0.6,train,fuse,1000,2,random,29,13,0.4482758620689655,0.6,0
SCOPE_all_zh__mix_rel191_evt191,K1000_seed2_coverage__fuse_r0.6,train,fuse,1000,2,coverage,29,13,0.4482758620689655,0.6,0
SCOPE_all_zh__mix_rel191_evt191,K1000_seed3_random__fuse_r0.3,train,fuse,1000,3,random,29,22,0.7586206896551724,0.3,0
SCOPE_all_zh__mix_rel191_evt191,K1000_seed3_coverage__fuse_r0.3,train,fuse,1000,3,coverage,29,22,0.7586206896551724,0.3,0
SCOPE_all_zh__mix_rel191_evt191,K1000_seed4_random__fuse_r0.6,train,fuse,1000,4,random,29,13,0.4482758620689655,0.6,0
SCOPE_all_zh__mix_rel191_evt191,K1000_seed4_coverage__fuse_r0.6,train,fuse,1000,4,coverage,29,13,0.4482758620689655,0.6,0
SCOPE_all_zh__mix_rel191_evt191,K1000_seed5_random__fuse_r0.3,train,fuse,1000,5,random,29,22,0.7586206896551724,0.3,0
SCOPE_all_zh__mix_rel191_evt191,K1000_seed5_coverage__fuse_r0.6,train,fuse,1000,5,coverage,29,13,0.4482758620689655,0.6,0
SCOPE_all_zh__mix_rel191_evt191,K5000_seed1_random__fuse_r0.6,train,fuse,5000,1,random,29,13,0.4482758620689655,0.6,0
SCOPE_all_zh__mix_rel191_evt191,K5000_seed1_coverage__fuse_r0.3,train,fuse,5000,1,coverage,29,22,0.7586206896551724,0.3,0
SCOPE_all_zh__mix_rel191_evt191,K5000_seed2_random__fuse_r0.6,train,fuse,5000,2,random,29,13,0.4482758620689655,0.6,0
SCOPE_all_zh__mix_rel191_evt191,K5000_seed2_coverage__fuse_r0.3,train,fuse,5000,2,coverage,29,22,0.7586206896551724,0.3,0
SCOPE_all_zh__mix_rel191_evt191,K5000_seed3_random__fuse_r0.3,train,fuse,5000,3,random,29,22,0.7586206896551724,0.3,0
SCOPE_all_zh__mix_rel191_evt191,K5000_seed3_coverage__fuse_r0.3,train,fuse,5000,3,coverage,29,22,0.7586206896551724,0.3,0
SCOPE_all_zh__mix_rel191_evt191,K5000_seed4_random__fuse_r0.6,train,fuse,5000,4,random,29,13,0.4482758620689655,0.6,0
SCOPE_all_zh__mix_rel191_evt191,K5000_seed4_coverage__fuse_r0.3,train,fuse,5000,4,coverage,29,22,0.7586206896551724,0.3,0
SCOPE_all_zh__mix_rel191_evt191,K5000_seed5_random__fuse_r0.6,train,fuse,5000,5,random,29,13,0.4482758620689655,0.6,0
SCOPE_all_zh__mix_rel191_evt191,K5000_seed5_coverage__fuse_r0.3,train,fuse,5000,5,coverage,29,22,0.7586206896551724,0.3,0
SCOPE_all_zh__mix_rel192_evt192,K200_seed1_random__fuse_r0.6,train,fuse,200,1,random,20,12,0.6,0.6,0
SCOPE_all_zh__mix_rel192_evt192,K200_seed1_coverage__fuse_r0.6,train,fuse,200,1,coverage,20,13,0.65,0.6,0
SCOPE_all_zh__mix_rel192_evt192,K200_seed2_random__fuse_r0.3,train,fuse,200,2,random,20,17,0.85,0.3,0
SCOPE_all_zh__mix_rel192_evt192,K200_seed2_coverage__fuse_r0.6,train,fuse,200,2,coverage,20,13,0.65,0.6,0
SCOPE_all_zh__mix_rel192_evt192,K200_seed3_random__fuse_r0.3,train,fuse,200,3,random,20,16,0.8,0.3,0
SCOPE_all_zh__mix_rel192_evt192,K200_seed3_coverage__fuse_r0.3,train,fuse,200,3,coverage,20,17,0.85,0.3,0
SCOPE_all_zh__mix_rel192_evt192,K200_seed4_random__fuse_r0.6,train,fuse,200,4,random,20,13,0.65,0.6,0
SCOPE_all_zh__mix_rel192_evt192,K200_seed4_coverage__fuse_r0.3,train,fuse,200,4,coverage,20,17,0.85,0.3,0
SCOPE_all_zh__mix_rel192_evt192,K200_seed5_random__fuse_r0.6,train,fuse,200,5,random,20,12,0.6,0.6,0
SCOPE_all_zh__mix_rel192_evt192,K200_seed5_coverage__fuse_r0.6,train,fuse,200,5,coverage,20,13,0.65,0.6,0
SCOPE_all_zh__mix_rel192_evt192,K1000_seed1_random__fuse_r0.6,train,fuse,1000,1,random,20,13,0.65,0.6,0
SCOPE_all_zh__mix_rel192_evt192,K1000_seed1_coverage__fuse_r0.6,train,fuse,1000,1,coverage,20,13,0.65,0.6,0
SCOPE_all_zh__mix_rel192_evt192,K1000_seed2_random__fuse_r0.6,train,fuse,1000,2,random,20,13,0.65,0.6,0
SCOPE_all_zh__mix_rel192_evt192,K1000_seed2_coverage__fuse_r0.3,train,fuse,1000,2,coverage,20,17,0.85,0.3,0
SCOPE_all_zh__mix_rel192_evt192,K1000_seed3_random__fuse_r0.3,train,fuse,1000,3,random,20,17,0.85,0.3,0
SCOPE_all_zh__mix_rel192_evt192,K1000_seed3_coverage__fuse_r0.3,train,fuse,1000,3,coverage,20,17,0.85,0.3,0
SCOPE_all_zh__mix_rel192_evt192,K1000_seed4_random__fuse_r0.3,train,fuse,1000,4,random,20,17,0.85,0.3,0
SCOPE_all_zh__mix_rel192_evt192,K1000_seed4_coverage__fuse_r0.3,train,fuse,1000,4,coverage,20,17,0.85,0.3,0
SCOPE_all_zh__mix_rel192_evt192,K1000_seed5_random__fuse_r0.6,train,fuse,1000,5,random,20,13,0.65,0.6,0
SCOPE_all_zh__mix_rel192_evt192,K1000_seed5_coverage__fuse_r0.3,train,fuse,1000,5,coverage,20,17,0.85,0.3,0
SCOPE_all_zh__mix_rel192_evt192,K5000_seed1_random__fuse_r0.3,train,fuse,5000,1,random,20,17,0.85,0.3,0
SCOPE_all_zh__mix_rel192_evt192,K5000_seed1_coverage__fuse_r0.3,train,fuse,5000,1,coverage,20,17,0.85,0.3,0
SCOPE_all_zh__mix_rel192_evt192,K5000_seed2_random__fuse_r0.6,train,fuse,5000,2,random,20,13,0.65,0.6,0
SCOPE_all_zh__mix_rel192_evt192,K5000_seed2_coverage__fuse_r0.3,train,fuse,5000,2,coverage,20,17,0.85,0.3,0
SCOPE_all_zh__mix_rel192_evt192,K5000_seed3_random__fuse_r0.3,train,fuse,5000,3,random,20,17,0.85,0.3,0
SCOPE_all_zh__mix_rel192_evt192,K5000_seed3_coverage__fuse_r0.3,train,fuse,5000,3,coverage,20,17,0.85,0.3,0
SCOPE_all_zh__mix_rel192_evt192,K5000_seed4_random__fuse_r0.3,train,fuse,5000,4,random,20,17,0.85,0.3,0
SCOPE_all_zh__mix_rel192_evt192,K5000_seed4_coverage__fuse_r0.3,train,fuse,5000,4,coverage,20,17,0.85,0.3,0
SCOPE_all_zh__mix_rel192_evt192,K5000_seed5_random__fuse_r0.6,train,fuse,5000,5,random,20,13,0.65,0.6,0
SCOPE_all_zh__mix_rel192_evt192,K5000_seed5_coverage__fuse_r0.6,train,fuse,5000,5,coverage,20,13,0.65,0.6,0
SCOPE_all_zh__mix_rel193_evt193,K200_seed1_random__fuse_r0.6,train,fuse,200,1,random,21,11,0.5238095238095238,0.6,0
SCOPE_all_zh__mix_rel193_evt193,K200_seed1_coverage__fuse_r0.3,train,fuse,200,1,coverage,21,17,0.8095238095238095,0.3,0
SCOPE_all_zh__mix_rel193_evt193,K200_seed2_random__fuse_r0.6,train,fuse,200,2,random,21,12,0.5714285714285714,0.6,0
SCOPE_all_zh__mix_rel193_evt193,K200_seed2_coverage__fuse_r0.6,train,fuse,200,2,coverage,21,13,0.6190476190476191,0.6,0
SCOPE_all_zh__mix_rel193_evt193,K200_seed3_random__fuse_r0.3,train,fuse,200,3,random,21,13,0.6190476190476191,0.3,0
SCOPE_all_zh__mix_rel193_evt193,K200_seed3_coverage__fuse_r0.6,train,fuse,200,3,coverage,21,13,0.6190476190476191,0.6,0
SCOPE_all_zh__mix_rel193_evt193,K200_seed4_random__fuse_r0.6,train,fuse,200,4,random,21,12,0.5714285714285714,0.6,0
SCOPE_all_zh__mix_rel193_evt193,K200_seed4_coverage__fuse_r0.6,train,fuse,200,4,coverage,21,13,0.6190476190476191,0.6,0
SCOPE_all_zh__mix_rel193_evt193,K200_seed5_random__fuse_r0.6,train,fuse,200,5,random,21,12,0.5714285714285714,0.6,0
SCOPE_all_zh__mix_rel193_evt193,K200_seed5_coverage__fuse_r0.3,train,fuse,200,5,coverage,21,17,0.8095238095238095,0.3,0
SCOPE_all_zh__mix_rel193_evt193,K1000_seed1_random__fuse_r0.6,train,fuse,1000,1,random,21,13,0.6190476190476191,0.6,0
SCOPE_all_zh__mix_rel193_evt193,K1000_seed1_coverage__fuse_r0.6,train,fuse,1000,1,coverage,21,13,0.6190476190476191,0.6,0
SCOPE_all_zh__mix_rel193_evt193,K1000_seed2_random__fuse_r0.6,train,fuse,1000,2,random,21,13,0.6190476190476191,0.6,0
SCOPE_all_zh__mix_rel193_evt193,K1000_seed2_coverage__fuse_r0.6,train,fuse,1000,2,coverage,21,13,0.6190476190476191,0.6,0
SCOPE_all_zh__mix_rel193_evt193,K1000_seed3_random__fuse_r0.6,train,fuse,1000,3,random,21,12,0.5714285714285714,0.6,0
SCOPE_all_zh__mix_rel193_evt193,K1000_seed3_coverage__fuse_r0.6,train,fuse,1000,3,coverage,21,13,0.6190476190476191,0.6,0
SCOPE_all_zh__mix_rel193_evt193,K1000_seed4_random__fuse_r0.3,train,fuse,1000,4,random,21,16,0.7619047619047619,0.3,0
SCOPE_all_zh__mix_rel193_evt193,K1000_seed4_coverage__fuse_r0.3,train,fuse,1000,4,coverage,21,17,0.8095238095238095,0.3,0
SCOPE_all_zh__mix_rel193_evt193,K1000_seed5_random__fuse_r0.3,train,fuse,1000,5,random,21,17,0.8095238095238095,0.3,0
SCOPE_all_zh__mix_rel193_evt193,K1000_seed5_coverage__fuse_r0.6,train,fuse,1000,5,coverage,21,13,0.6190476190476191,0.6,0
SCOPE_all_zh__mix_rel193_evt193,K5000_seed1_random__fuse_r0.6,train,fuse,5000,1,random,21,13,0.6190476190476191,0.6,0
SCOPE_all_zh__mix_rel193_evt193,K5000_seed1_coverage__fuse_r0.3,train,fuse,5000,1,coverage,21,17,0.8095238095238095,0.3,0
SCOPE_all_zh__mix_rel193_evt193,K5000_seed2_random__fuse_r0.3,train,fuse,5000,2,random,21,17,0.8095238095238095,0.3,0
SCOPE_all_zh__mix_rel193_evt193,K5000_seed2_coverage__fuse_r0.6,train,fuse,5000,2,coverage,21,13,0.6190476190476191,0.6,0
SCOPE_all_zh__mix_rel193_evt193,K5000_seed3_random__fuse_r0.3,train,fuse,5000,3,random,21,17,0.8095238095238095,0.3,0
SCOPE_all_zh__mix_rel193_evt193,K5000_seed3_coverage__fuse_r0.6,train,fuse,5000,3,coverage,21,13,0.6190476190476191,0.6,0
SCOPE_all_zh__mix_rel193_evt193,K5000_seed4_random__fuse_r0.3,train,fuse,5000,4,random,21,17,0.8095238095238095,0.3,0
SCOPE_all_zh__mix_rel193_evt193,K5000_seed4_coverage__fuse_r0.6,train,fuse,5000,4,coverage,21,13,0.6190476190476191,0.6,0
SCOPE_all_zh__mix_rel193_evt193,K5000_seed5_random__fuse_r0.3,train,fuse,5000,5,random,21,17,0.8095238095238095,0.3,0
SCOPE_all_zh__mix_rel193_evt193,K5000_seed5_coverage__fuse_r0.3,train,fuse,5000,5,coverage,21,17,0.8095238095238095,0.3,0
SCOPE_all_en__mix_rel194_evt194,K200_seed1_random__fuse_r0.3,train,fuse,200,1,random,35,24,0.6857142857142857,0.3,0
SCOPE_all_en__mix_rel194_evt194,K200_seed1_coverage__fuse_r0.6,train,fuse,200,1,coverage,35,18,0.5142857142857142,0.6,0
SCOPE_all_en__mix_rel194_evt194,K200_seed2_random__fuse_r0.6,train,fuse,200,2,random,35,17,0.4857142857142857,0.6,0
SCOPE_all_en__mix_rel194_evt194,K200_seed2_coverage__fuse_r0.6,train,fuse,200,2,coverage,35,18,0.5142857142857142,0.6,0
SCOPE_all_en__mix_rel194_evt194,K200_seed3_random__fuse_r0.6,train,fuse,200,3,random,35,17,0.4857142857142857,0.6,0
SCOPE_all_en__mix_rel194_evt194,K200_seed3_coverage__fuse_r0.6,train,fuse,200,3,coverage,35,18,0.5142857142857142,0.6,0
SCOPE_all_en__mix_rel194_evt194,K200_seed4_random__fuse_r0.6,train,fuse,200,4,random,35,17,0.4857142857142857,0.6,0
SCOPE_all_en__mix_rel194_evt194,K200_seed4_coverage__fuse_r0.3,train,fuse,200,4,coverage,35,27,0.7714285714285715,0.3,0
SCOPE_all_en__mix_rel194_evt194,K200_seed5_random__fuse_r0.6,train,fuse,200,5,random,35,15,0.42857142857142855,0.6,0
SCOPE_all_en__mix_rel194_evt194,K200_seed5_coverage__fuse_r0.3,train,fuse,200,5,coverage,35,27,0.7714285714285715,0.3,0
SCOPE_all_en__mix_rel194_evt194,K1000_seed1_random__fuse_r0.6,train,fuse,1000,1,random,35,18,0.5142857142857142,0.6,0
SCOPE_all_en__mix_rel194_evt194,K1000_seed1_coverage__fuse_r0.3,train,fuse,1000,1,coverage,35,27,0.7714285714285715,0.3,0
SCOPE_all_en__mix_rel194_evt194,K1000_seed2_random__fuse_r0.6,train,fuse,1000,2,random,35,18,0.5142857142857142,0.6,0
SCOPE_all_en__mix_rel194_evt194,K1000_seed2_coverage__fuse_r0.3,train,fuse,1000,2,coverage,35,27,0.7714285714285715,0.3,0
SCOPE_all_en__mix_rel194_evt194,K1000_seed3_random__fuse_r0.3,train,fuse,1000,3,random,35,26,0.7428571428571429,0.3,0
SCOPE_all_en__mix_rel194_evt194,K1000_seed3_coverage__fuse_r0.6,train,fuse,1000,3,coverage,35,18,0.5142857142857142,0.6,0
SCOPE_all_en__mix_rel194_evt194,K1000_seed4_random__fuse_r0.3,train,fuse,1000,4,random,35,26,0.7428571428571429,0.3,0
SCOPE_all_en__mix_rel194_evt194,K1000_seed4_coverage__fuse_r0.6,train,fuse,1000,4,coverage,35,18,0.5142857142857142,0.6,0
SCOPE_all_en__mix_rel194_evt194,K1000_seed5_random__fuse_r0.3,train,fuse,1000,5,random,35,26,0.7428571428571429,0.3,0
SCOPE_all_en__mix_rel194_evt194,K1000_seed5_coverage__fuse_r0.3,train,fuse,1000,5,coverage,35,27,0.7714285714285715,0.3,0
SCOPE_all_en__mix_rel194_evt194,K5000_seed1_random__fuse_r0.3,train,fuse,5000,1,random,35,27,0.7714285714285715,0.3,0
SCOPE_all_en__mix_rel194_evt194,K5000_seed1_coverage__fuse_r0.6,train,fuse,5000,1,coverage,35,18,0.5142857142857142,0.6,0
SCOPE_all_en__mix_rel194_evt194,K5000_seed2_random__fuse_r0.6,train,fuse,5000,2,random,35,18,0.5142857142857142,0.6,0
SCOPE_all_en__mix_rel194_evt194,K5000_seed2_coverage__fuse_r0.3,train,fuse,5000,2,coverage,35,27,0.7714285714285715,0.3,0
SCOPE_all_en__mix_rel194_evt194,K5000_seed3_random__fuse_r0.3,train,fuse,5000,3,random,35,27,0.7714285714285715,0.3,0
SCOPE_all_en__mix_rel194_evt194,K5000_seed3_coverage__fuse_r0.6,train,fuse,5000,3,coverage,35,18,0.5142857142857142,0.6,0
SCOPE_all_en__mix_rel194_evt194,K5000_seed4_random__fuse_r0.6,train,fuse,5000,4,random,35,18,0.5142857142857142,0.6,0
SCOPE_all_en__mix_rel194_evt194,K5000_seed4_coverage__fuse_r0.6,train,fuse,5000,4,coverage,35,18,0.5142857142857142,0.6,0
SCOPE_all_en__mix_rel194_evt194,K5000_seed5_random__fuse_r0.6,train,fuse,5000,5,random,35,18,0.5142857142857142,0.6,0
SCOPE_all_en__mix_rel194_evt194,K5000_seed5_coverage__fuse_r0.6,train,fuse,5000,5,coverage,35,18,0.5142857142857142,0.6,0
SCOPE_all_zh__mix_rel195_evt195,K200_seed1_random__fuse_r0.6,train,fuse,200,1,random,14,10,0.7142857142857143,0.6,0
SCOPE_all_zh__mix_rel195_evt195,K200_seed1_coverage__fuse_r0.6,train,fuse,200,1,coverage,14,10,0.7142857142857143,0.6,0
SCOPE_all_zh__mix_rel195_evt195,K200_seed2_random__fuse_r0.3,train,fuse,200,2,random,14,12,0.8571428571428571,0.3,0
SCOPE_all_zh__mix_rel195_evt195,K200_seed2_coverage__fuse_r0.6,train,fuse,200,2,coverage,14,10,0.7142857142857143,0.6,0
SCOPE_all_zh__mix_rel195_evt195,K200_seed3_random__fuse_r0.6,train,fuse,200,3,random,14,10,0.7142857142857143,0.6,0
SCOPE_all_zh__mix_rel195_evt195,K200_seed3_coverage__fuse_r0.3,train,fuse,200,3,coverage,14,12,0.8571428571428571,0.3,0
SCOPE_all_zh__mix_rel195_evt195,K200_seed4_random__fuse_r0.6,train,fuse,200,4,random,14,10,0.7142857142857143,0.6,0
SCOPE_all_zh__mix_rel195_evt195,K200_seed4_coverage__fuse_r0.3,train,fuse,200,4,coverage,14,12,0.8571428571428571,0.3,0
SCOPE_all_zh__mix_rel195_evt195,K200_seed5_random__fuse_r0.3,train,fuse,200,5,random,14,12,0.8571428571428571,0.3,0
SCOPE_all_zh__mix_rel195_evt195,K200_seed5_coverage__fuse_r0.6,train,fuse,200,5,coverage,14,10,0.7142857142857143,0.6,0
SCOPE_all_zh__mix_rel195_evt195,K1000_seed1_random__fuse_r0.3,train,fuse,1000,1,random,14,12,0.8571428571428571,0.3,0
SCOPE_all_zh__mix_rel195_evt195,K1000_seed1_coverage__fuse_r0.3,train,fuse,1000,1,coverage,14,12,0.8571428571428571,0.3,0
SCOPE_all_zh__mix_rel195_evt195,K1000_seed2_random__fuse_r0.3,train,fuse,1000,2,random,14,12,0.8571428571428571,0.3,0
SCOPE_all_zh__mix_rel195_evt195,K1000_seed2_coverage__fuse_r0.6,train,fuse,1000,2,coverage,14,10,0.7142857142857143,0.6,0
SCOPE_all_zh__mix_rel195_evt195,K1000_seed3_random__fuse_r0.6,train,fuse,1000,3,random,14,10,0.7142857142857143,0.6,0
SCOPE_all_zh__mix_rel195_evt195,K1000_seed3_coverage__fuse_r0.6,train,fuse,1000,3,coverage,14,10,0.7142857142857143,0.6,0
SCOPE_all_zh__mix_rel195_evt195,K1000_seed4_random__fuse_r0.3,train,fuse,1000,4,random,14,12,0.8571428571428571,0.3,0
SCOPE_all_zh__mix_rel195_evt195,K1000_seed4_coverage__fuse_r0.6,train,fuse,1000,4,coverage,14,10,0.7142857142857143,0.6,0
SCOPE_all_zh__mix_rel195_evt195,K1000_seed5_random__fuse_r0.6,train,fuse,1000,5,random,14,10,0.7142857142857143,0.6,0
SCOPE_all_zh__mix_rel195_evt195,K1000_seed5_coverage__fuse_r0.3,train,fuse,1000,5,coverage,14,12,0.8571428571428571,0.3,0
SCOPE_all_zh__mix_rel195_evt195,K5000_seed1_random__fuse_r0.3,train,fuse,5000,1,random,14,12,0.8571428571428571,0.3,0
SCOPE_all_zh__mix_rel195_evt195,K5000_seed1_coverage__fuse_r0.6,train,fuse,5000,1,coverage,14,10,0.7142857142857143,0.6,0
SCOPE_all_zh__mix_rel195_evt195,K5000_seed2_random__fuse_r0.6,train,fuse,5000,2,random,14,10,0.7142857142857143,0.6,0
SCOPE_all_zh__mix_rel195_evt195,K5000_seed2_coverage__fuse_r0.6,train,fuse,5000,2,coverage,14,10,0.7142857142857143,0.6,0
SCOPE_all_zh__mix_rel195_evt195,K5000_seed3_random__fuse_r0.3,train,fuse,5000,3,random,14,12,0.8571428571428571,0.3,0
SCOPE_all_zh__mix_rel195_evt195,K5000_seed3_coverage__fuse_r0.6,train,fuse,5000,3,coverage,14,10,0.7142857142857143,0.6,0
SCOPE_all_zh__mix_rel195_evt195,K5000_seed4_random__fuse_r0.6,train,fuse,5000,4,random,14,10,0.7142857142857143,0.6,0
SCOPE_all_zh__mix_rel195_evt195,K5000_seed4_coverage__fuse_r0.6,train,fuse,5000,4,coverage,14,10,0.7142857142857143,0.6,0
SCOPE_all_zh__mix_rel195_evt195,K5000_seed5_random__fuse_r0.3,train,fuse,5000,5,random,14,12,0.8571428571428571,0.3,0
SCOPE_all_zh__mix_rel195_evt195,K5000_seed5_coverage__fuse_r0.6,train,fuse,5000,5,coverage,14,10,0.7142857142857143,0.6,0
SCOPE_all_zh__mix_rel196_evt196,K200_seed1_random__fuse_r0.6,train,fuse,200,1,random,24,15,0.625,0.6,0
SCOPE_all_zh__mix_rel196_evt196,K200_seed1_coverage__fuse_r0.3,train,fuse,200,1,coverage,24,21,0.875,0.3,0
SCOPE_all_zh__mix_rel196_evt196,K200_seed2_random__fuse_r0.3,train,fuse,200,2,random,24,20,0.8333333333333334,0.3,0
SCOPE_all_zh__mix_rel196_evt196,K200_seed2_coverage__fuse_r0.6,train,fuse,200,2,coverage,24,15,0.625,0.6,0
SCOPE_all_zh__mix_rel196_evt196,K200_seed3_random__fuse_r0.6,train,fuse,200,3,random,24,14,0.5833333333333334,0.6,0
SCOPE_all_zh__mix_rel196_evt196,K200_seed3_coverage__fuse_r0.3,train,fuse,200,3,coverage,24,21,0.875,0.3,0
SCOPE_all_zh__mix_rel196_evt196,K200_seed4_random__fuse_r0.6,train,fuse,200,4,random,24,10,0.4166666666666667,0.6,0
SCOPE_all_zh__mix_rel196_evt196,K200_seed4_coverage__fuse_r0.3,train,fuse,200,4,coverage,24,21,0.875,0.3,0
SCOPE_all_zh__mix_rel196_evt196,K200_seed5_random__fuse_r0.6,train,fuse,200,5,random,24,11,0.4583333333333333,0.6,0
SCOPE_all_zh__mix_rel196_evt196,K200_seed5_coverage__fuse_r0.6,train,fuse,200,5,coverage,24,15,0.625,0.6,0
SCOPE_all_zh__mix_rel196_evt196,K1000_seed1_random__fuse_r0.3,train,fuse,1000,1,random,24,21,0.875,0.3,0
SCOPE_all_zh__mix_rel196_evt196,K1000_seed1_coverage__fuse_r0.3,train,fuse,1000,1,coverage,24,21,0.875,0.3,0
SCOPE_all_zh__mix_rel196_evt196,K1000_seed2_random__fuse_r0.6,train,fuse,1000,2,random,24,15,0.625,0.6,0
SCOPE_all_zh__mix_rel196_evt196,K1000_seed2_coverage__fuse_r0.6,train,fuse,1000,2,coverage,24,15,0.625,0.6,0
SCOPE_all_zh__mix_rel196_evt196,K1000_seed3_random__fuse_r0.6,train,fuse,1000,3,random,24,15,0.625,0.6,0
SCOPE_all_zh__mix_rel196_evt196,K1000_seed3_coverage__fuse_r0.3,train,fuse,1000,3,coverage,24,21,0.875,0.3,0
SCOPE_all_zh__mix_rel196_evt196,K1000_seed4_random__fuse_r0.3,train,fuse,1000,4,random,24,20,0.8333333333333334,0.3,0
SCOPE_all_zh__mix_rel196_evt196,K1000_seed4_coverage__fuse_r0.3,train,fuse,1000,4,coverage,24,21,0.875,0.3,0
SCOPE_all_zh__mix_rel196_evt196,K1000_seed5_random__fuse_r0.3,train,fuse,1000,5,random,24,19,0.7916666666666666,0.3,0
SCOPE_all_zh__mix_rel196_evt196,K1000_seed5_coverage__fuse_r0.3,train,fuse,1000,5,coverage,24,21,0.875,0.3,0
SCOPE_all_zh__mix_rel196_evt196,K5000_seed1_random__fuse_r0.6,train,fuse,5000,1,random,24,15,0.625,0.6,0
SCOPE_all_zh__mix_rel196_evt196,K5000_seed1_coverage__fuse_r0.6,train,fuse,5000,1,coverage,24,15,0.625,0.6,0
SCOPE_all_zh__mix_rel196_evt196,K5000_seed2_random__fuse_r0.3,train,fuse,5000,2,random,24,21,0.875,0.3,0
SCOPE_all_zh__mix_rel196_evt196,K5000_seed2_coverage__fuse_r0.3,train,fuse,5000,2,coverage,24,21,0.875,0.3,0
SCOPE_all_zh__mix_rel196_evt196,K5000_seed3_random__fuse_r0.3,train,fuse,5000,3,random,24,20,0.8333333333333334,0.3,0
SCOPE_all_zh__mix_rel196_evt196,K5000_seed3_coverage__fuse_r0.3,train,fuse,5000,3,coverage,24,21,0.875,0.3,0
SCOPE_all_zh__mix_rel196_evt196,K5000_seed4_random__fuse_r0.6,train,fuse,5000,4,random,24,15,0.625,0.6,0
SCOPE_all_zh__mix_rel196_evt196,K5000_seed4_coverage__fuse_r0.6,train,fuse,5000,4,coverage,24,15,0.625,0.6,0
SCOPE_all_zh__mix_rel196_evt196,K5000_seed5_random__fuse_r0.6,train,fuse,5000,5,random,24,15,0.625,0.6,0
SCOPE_all_zh__mix_rel196_evt196,K5000_seed5_coverage__fuse_r0.6,train,fuse,5000,5,coverage,24,15,0.625,0.6,0
SCOPE_all_zh__mix_rel197_evt197,K200_seed1_random__fuse_r0.3,train,fuse,200,1,random,22,17,0.7727272727272727,0.3,0
SCOPE_all_zh__mix_rel197_evt197,K200_seed1_coverage__fuse_r0.3,train,fuse,200,1,coverage,22,17,0.7727272727272727,0.3,0
SCOPE_all_zh__mix_rel197_evt197,K200_seed2_random__fuse_r0.6,train,fuse,200,2,random,22,10,0.45454545454545453,0.6,0
SCOPE_all_zh__mix_rel197_evt197,K200_seed2_coverage__fuse_r0.6,train,fuse,200,2,coverage,22,10,0.45454545454545453,0.6,0
SCOPE_all_zh__mix_rel197_evt197,K200_seed3_random__fuse_r0.6,train,fuse,200,3,random,22,10,0.45454545454545453,0.6,0
SCOPE_all_zh__mix_rel197_evt197,K200_seed3_coverage__fuse_r0.6,train,fuse,200,3,coverage,22,10,0.45454545454545453,0.6,0
SCOPE_all_zh__mix_rel197_evt197,K200_seed4_random__fuse_r0.3,train,fuse,200,4,random,22,17,0.7727272727272727,0.3,0
SCOPE_all_zh__mix_rel197_evt197,K200_seed4_coverage__fuse_r0.3,train,fuse,200,4,coverage,22,17,0.7727272727272727,0.3,0
SCOPE_all_zh__mix_rel197_evt197,K200_seed5_random__fuse_r0.6,train,fuse,200,5,random,22,10,0.45454545454545453,0.6,0
SCOPE_all_zh__mix_rel197_evt197,K200_seed5_coverage__fuse_r0.3,train,fuse,200,5,coverage,22,17,0.7727272727272727,0.3,0
SCOPE_all_zh__mix_rel197_evt197,K1000_seed1_random__fuse_r0.3,train,fuse,1000,1,random,22,17,0.7727272727272727,0.3,0
SCOPE_all_zh__mix_rel197_evt197,K1000_seed1_coverage__fuse_r0.6,train,fuse,1000,1,coverage,22,10,0.45454545454545453,0.6,0
SCOPE_all_zh__mix_rel197_evt197,K1000_seed2_random__fuse_r0.6,train,fuse,1000,2,random,22,10,0.45454545454545453,0.6,0
SCOPE_all_zh__mix_rel197_evt197,K1000_seed2_coverage__fuse_r0.6,train,fuse,1000,2,coverage,22,10,0.45454545454545453,0.6,0
SCOPE_all_zh__mix_rel197_evt197,K1000_seed3_random__fuse_r0.6,train,fuse,1000,3,random,22,10,0.45454545454545453,0.6,0
SCOPE_all_zh__mix_rel197_evt197,K1000_seed3_coverage__fuse_r0.6,train,fuse,1000,3,coverage,22,10,0.45454545454545453,0.6,0
SCOPE_all_zh__mix_rel197_evt197,K1000_seed4_random__fuse_r0.6,train,fuse,1000,4,random,22,10,0.45454545454545453,0.6,0
SCOPE_all_zh__mix_rel197_evt197,K1000_seed4_coverage__fuse_r0.6,train,fuse,1000,4,coverage,22,10,0.45454545454545453,0.6,0
SCOPE_all_zh__mix_rel197_evt197,K1000_seed5_random__fuse_r0.6,train,fuse,1000,5,random,22,10,0.45454545454545453,0.6,0
SCOPE_all_zh__mix_rel197_evt197,K1000_seed5_coverage__fuse_r0.6,train,fuse,1000,5,coverage,22,10,0.45454545454545453,0.6,0
SCOPE_all_zh__mix_rel197_evt197,K5000_seed1_random__fuse_r0.6,train,fuse,5000,1,random,22,10,0.45454545454545453,0.6,0
SCOPE_all_zh__mix_rel197_evt197,K5000_seed1_coverage__fuse_r0.6,train,fuse,5000,1,coverage,22,10,0.45454545454545453,0.6,0
SCOPE_all_zh__mix_rel197_evt197,K5000_seed2_random__fuse_r0.3,train,fuse,5000,2,random,22,17,0.7727272727272727,0.3,0
SCOPE_all_zh__mix_rel197_evt197,K5000_seed2_coverage__fuse_r0.3,train,fuse,5000,2,coverage,22,17,0.7727272727272727,0.3,0
SCOPE_all_zh__mix_rel197_evt197,K5000_seed3_random__fuse_r0.6,train,fuse,5000,3,random,22,10,0.45454545454545453,0.6,0
SCOPE_all_zh__mix_rel197_evt197,K5000_seed3_coverage__fuse_r0.3,train,fuse,5000,3,coverage,22,17,0.7727272727272727,0.3,0
SCOPE_all_zh__mix_rel197_evt197,K5000_seed4_random__fuse_r0.3,train,fuse,5000,4,random,22,17,0.7727272727272727,0.3,0
SCOPE_all_zh__mix_rel197_evt197,K5000_seed4_coverage__fuse_r0.6,train,fuse,5000,4,coverage,22,10,0.45454545454545453,0.6,0
SCOPE_all_zh__mix_rel197_evt197,K5000_seed5_random__fuse_r0.3,train,fuse,5000,5,random,22,17,0.7727272727272727,0.3,0
SCOPE_all_zh__mix_rel197_evt197,K5000_seed5_coverage__fuse_r0.6,train,fuse,5000,5,coverage,22,10,0.45454545454545453,0.6,0
SCOPE_all_zh__mix_rel198_evt198,K200_seed1_random__fuse_r0.3,train,fuse,200,1,random,18,17,0.9444444444444444,0.3,0
SCOPE_all_zh__mix_rel198_evt198,K200_seed1_coverage__fuse_r0.3,train,fuse,200,1,coverage,18,18,1.0,0.3,0
SCOPE_all_zh__mix_rel198_evt198,K200_seed2_random__fuse_r0.6,train,fuse,200,2,random,18,14,0.7777777777777778,0.6,0
SCOPE_all_zh__mix_rel198_evt198,K200_seed2_coverage__fuse_r0.3,train,fuse,200,2,coverage,18,18,1.0,0.3,0
SCOPE_all_zh__mix_rel198_evt198,K200_seed3_random__fuse_r0.6,train,fuse,200,3,random,18,14,0.7777777777777778,0.6,0
SCOPE_all_zh__mix_rel198_evt198,K200_seed3_coverage__fuse_r0.6,train,fuse,200,3,coverage,18,14,0.7777777777777778,0.6,0
SCOPE_all_zh__mix_rel198_evt198,K200_seed4_random__fuse_r0.6,train,fuse,200,4,random,18,14,0.7777777777777778,0.6,0
SCOPE_all_zh__mix_rel198_evt198,K200_seed4_coverage__fuse_r0.3,train,fuse,200,4,coverage,18,18,1.0,0.3,0
SCOPE_all_zh__mix_rel198_evt198,K200_seed5_random__fuse_r0.6,train,fuse,200,5,random,18,14,0.7777777777777778,0.6,0
SCOPE_all_zh__mix_rel198_evt198,K200_seed5_coverage__fuse_r0.3,train,fuse,200,5,coverage,18,18,1.0,0.3,0
SCOPE_all_zh__mix_rel198_evt198,K1000_seed1_random__fuse_r0.3,train,fuse,1000,1,random,18,18,1.0,0.3,0
SCOPE_all_zh__mix_rel198_evt198,K1000_seed1_coverage__fuse_r0.3,train,fuse,1000,1,coverage,18,18,1.0,0.3,0
SCOPE_all_zh__mix_rel198_evt198,K1000_seed2_random__fuse_r0.6,train,fuse,1000,2,random,18,14,0.7777777777777778,0.6,0
SCOPE_all_zh__mix_rel198_evt198,K1000_seed2_coverage__fuse_r0.6,train,fuse,1000,2,coverage,18,14,0.7777777777777778,0.6,0
SCOPE_all_zh__mix_rel198_evt198,K1000_seed3_random__fuse_r0.6,train,fuse,1000,3,random,18,14,0.7777777777777778,0.6,0
SCOPE_all_zh__mix_rel198_evt198,K1000_seed3_coverage__fuse_r0.3,train,fuse,1000,3,coverage,18,18,1.0,0.3,0
SCOPE_all_zh__mix_rel198_evt198,K1000_seed4_random__fuse_r0.3,train,fuse,1000,4,random,18,18,1.0,0.3,0
SCOPE_all_zh__mix_rel198_evt198,K1000_seed4_coverage__fuse_r0.6,train,fuse,1000,4,coverage,18,14,0.7777777777777778,0.6,0
SCOPE_all_zh__mix_rel198_evt198,K1000_seed5_random__fuse_r0.3,train,fuse,1000,5,random,18,18,1.0,0.3,0
SCOPE_all_zh__mix_rel198_evt198,K1000_seed5_coverage__fuse_r0.6,train,fuse,1000,5,coverage,18,14,0.7777777777777778,0.6,0
SCOPE_all_zh__mix_rel198_evt198,K5000_seed1_random__fuse_r0.3,train,fuse,5000,1,random,18,18,1.0,0.3,0
SCOPE_all_zh__mix_rel198_evt198,K5000_seed1_coverage__fuse_r0.6,train,fuse,5000,1,coverage,18,14,0.7777777777777778,0.6,0
SCOPE_all_zh__mix_rel198_evt198,K5000_seed2_random__fuse_r0.6,train,fuse,5000,2,random,18,14,0.7777777777777778,0.6,0
SCOPE_all_zh__mix_rel198_evt198,K5000_seed2_coverage__fuse_r0.6,train,fuse,5000,2,coverage,18,14,0.7777777777777778,0.6,0
SCOPE_all_zh__mix_rel198_evt198,K5000_seed3_random__fuse_r0.3,train,fuse,5000,3,random,18,18,1.0,0.3,0
SCOPE_all_zh__mix_rel198_evt198,K5000_seed3_coverage__fuse_r0.3,train,fuse,5000,3,coverage,18,18,1.0,0.3,0
SCOPE_all_zh__mix_rel198_evt198,K5000_seed4_random__fuse_r0.6,train,fuse,5000,4,random,18,14,0.7777777777777778,0.6,0
SCOPE_all_zh__mix_rel198_evt198,K5000_seed4_coverage__fuse_r0.3,train,fuse,5000,4,coverage,18,18,1.0,0.3,0
SCOPE_all_zh__mix_rel198_evt198,K5000_seed5_random__fuse_r0.6,train,fuse,5000,5,random,18,14,0.7777777777777778,0.6,0
SCOPE_all_zh__mix_rel198_evt198,K5000_seed5_coverage__fuse_r0.6,train,fuse,5000,5,coverage,18,14,0.7777777777777778,0.6,0
SCOPE_all_zh__mix_rel199_evt199,K200_seed1_random__fuse_r0.3,train,fuse,200,1,random,38,27,0.7105263157894737,0.3,0
SCOPE_all_zh__mix_rel199_evt199,K200_seed1_coverage__fuse_r0.6,train,fuse,200,1,coverage,38,20,0.5263157894736842,0.6,0
SCOPE_all_zh__mix_rel199_evt199,K200_seed2_random__fuse_r0.6,train,fuse,200,2,random,38,19,0.5,0.6,0
SCOPE_all_zh__mix_rel199_evt199,K200_seed2_coverage__fuse_r0.6,train,fuse,200,2,coverage,38,20,0.5263157894736842,0.6,0
SCOPE_all_zh__mix_rel199_evt199,K200_seed3_random__fuse_r0.6,train,fuse,200,3,random,38,18,0.47368421052631576,0.6,0
SCOPE_all_zh__mix_rel199_evt199,K200_seed3_coverage__fuse_r0.3,train,fuse,200,3,coverage,38,30,0.7894736842105263,0.3,0
SCOPE_all_zh__mix_rel199_evt199,K200_seed4_random__fuse_r0.6,train,fuse,200,4,random,38,19,0.5,0.6,0
SCOPE_all_zh__mix_rel199_evt199,K200_seed4_coverage__fuse_r0.6,train,fuse,200,4,coverage,38,20,0.5263157894736842,0.6,0
SCOPE_all_zh__mix_rel199_evt199,K200_seed5_random__fuse_r0.6,train,fuse,200,5,random,38,19,0.5,0.6,0
SCOPE_all_zh__mix_rel199_evt199,K200_seed5_coverage__fuse_r0.3,train,fuse,200,5,coverage,38,30,0.7894736842105263,0.3,0
SCOPE_all_zh__mix_rel199_evt199,K1000_seed1_random__fuse_r0.6,train,fuse,1000,1,random,38,20,0.5263157894736842,0.6,0
SCOPE_all_zh__mix_rel199_evt199,K1000_seed1_coverage__fuse_r0.3,train,fuse,1000,1,coverage,38,30,0.7894736842105263,0.3,0
SCOPE_all_zh__mix_rel199_evt199,K1000_seed2_random__fuse_r0.3,train,fuse,1000,2,random,38,29,0.7631578947368421,0.3,0
SCOPE_all_zh__mix_rel199_evt199,K1000_seed2_coverage__fuse_r0.6,train,fuse,1000,2,coverage,38,20,0.5263157894736842,0.6,0
SCOPE_all_zh__mix_rel199_evt199,K1000_seed3_random__fuse_r0.3,train,fuse,1000,3,random,38,28,0.7368421052631579,0.3,0
SCOPE_all_zh__mix_rel199_evt199,K1000_seed3_coverage__fuse_r0.6,train,fuse,1000,3,coverage,38,20,0.5263157894736842,0.6,0
SCOPE_all_zh__mix_rel199_evt199,K1000_seed4_random__fuse_r0.6,train,fuse,1000,4,random,38,20,0.5263157894736842,0.6,0
SCOPE_all_zh__mix_rel199_evt199,K1000_seed4_coverage__fuse_r0.6,train,fuse,1000,4,coverage,38,20,0.5263157894736842,0.6,0
SCOPE_all_zh__mix_rel199_evt199,K1000_seed5_random__fuse_r0.6,train,fuse,1000,5,random,38,20,0.5263157894736842,0.6,0
SCOPE_all_zh__mix_rel199_evt199,K1000_seed5_coverage__fuse_r0.6,train,fuse,1000,5,coverage,38,20,0.5263157894736842,0.6,0
SCOPE_all_zh__mix_rel199_evt199,K5000_seed1_random__fuse_r0.3,train,fuse,5000,1,random,38,30,0.7894736842105263,0.3,0
SCOPE_all_zh__mix_rel199_evt199,K5000_seed1_coverage__fuse_r0.6,train,fuse,5000,1,coverage,38,20,0.5263157894736842,0.6,0
SCOPE_all_zh__mix_rel199_evt199,K5000_seed2_random__fuse_r0.3,train,fuse,5000,2,random,38,30,0.7894736842105263,0.3,0
SCOPE_all_zh__mix_rel199_evt199,K5000_seed2_coverage__fuse_r0.3,train,fuse,5000,2,coverage,38,30,0.7894736842105263,0.3,0
SCOPE_all_zh__mix_rel199_evt199,K5000_seed3_random__fuse_r0.6,train,fuse,5000,3,random,38,20,0.5263157894736842,0.6,0
SCOPE_all_zh__mix_rel199_evt199,K5000_seed3_coverage__fuse_r0.6,train,fuse,5000,3,coverage,38,20,0.5263157894736842,0.6,0
SCOPE_all_zh__mix_rel199_evt199,K5000_seed4_random__fuse_r0.3,train,fuse,5000,4,random,38,30,0.7894736842105263,0.3,0
SCOPE_all_zh__mix_rel199_evt199,K5000_seed4_coverage__fuse_r0.6,train,fuse,5000,4,coverage,38,20,0.5263157894736842,0.6,0
SCOPE_all_zh__mix_rel199_evt199,K5000_seed5_random__fuse_r0.6,train,fuse,5000,5,random,38,20,0.5263157894736842,0.6,0
SCOPE_all_zh__mix_rel199_evt199,K5000_seed5_coverage__fuse_r0.6,train,fuse,5000,5,coverage,38,20,0.5263157894736842,0.6,0
SCOPE_all_zh__mix_rel200_evt200,K200_seed1_random__fuse_r0.6,train,fuse,200,1,random,24,11,0.4583333333333333,0.6,0
SCOPE_all_zh__mix_rel200_evt200,K200_seed1_coverage__fuse_r0.6,train,fuse,200,1,coverage,24,16,0.6666666666666666,0.6,0
SCOPE_all_zh__mix_rel200_evt200,K200_seed2_random__fuse_r0.3,train,fuse,200,2,random,24,14,0.5833333333333334,0.3,0
SCOPE_all_zh__mix_rel200_evt200,K200_seed2_coverage__fuse_r0.6,train,fuse,200,2,coverage,24,16,0.6666666666666666,0.6,0
SCOPE_all_zh__mix_rel200_evt200,K200_seed3_random__fuse_r0.3,train,fuse,200,3,random,24,18,0.75,0.3,0
SCOPE_all_zh__mix_rel200_evt200,K200_seed3_coverage__fuse_r0.6,train,fuse,200,3,coverage,24,16,0.6666666666666666,0.6,0
SCOPE_all_zh__mix_rel200_evt200,K200_seed4_random__fuse_r0.6,train,fuse,200,4,random,24,10,0.4166666666666667,0.6,0
SCOPE_all_zh__mix_rel200_evt200,K200_seed4_coverage__fuse_r0.6,train,fuse,200,4,coverage,24,16,0.6666666666666666,0.6,0
SCOPE_all_zh__mix_rel200_evt200,K200_seed5_random__fuse_r0.3,train,fuse,200,5,random,24,14,0.5833333333333334,0.3,0
SCOPE_all_zh__mix_rel200_evt200,K200_seed5_coverage__fuse_r0.6,train,fuse,200,5,coverage,24,16,0.6666666666666666,0.6,0
SCOPE_all_zh__mix_rel200_evt200,K1000_seed1_random__fuse_r0.6,train,fuse,1000,1,random,24,16,0.6666666666666666,0.6,0
SCOPE_all_zh__mix_rel200_evt200,K1000_seed1_coverage__fuse_r0.3,train,fuse,1000,1,coverage,24,22,0.9166666666666666,0.3,0
SCOPE_all_zh__mix_rel200_evt200,K1000_seed2_random__fuse_r0.3,train,fuse,1000,2,random,24,20,0.8333333333333334,0.3,0
SCOPE_all_zh__mix_rel200_evt200,K1000_seed2_coverage__fuse_r0.6,train,fuse,1000,2,coverage,24,16,0.6666666666666666,0.6,0
SCOPE_all_zh__mix_rel200_evt200,K1000_seed3_random__fuse_r0.3,train,fuse,1000,3,random,24,20,0.8333333333333334,0.3,0
SCOPE_all_zh__mix_rel200_evt200,K1000_seed3_coverage__fuse_r0.3,train,fuse,1000,3,coverage,24,22,0.9166666666666666,0.3,0
SCOPE_all_zh__mix_rel200_evt200,K1000_seed4_random__fuse_r0.3,train,fuse,1000,4,random,24,20,0.8333333333333334,0.3,0
SCOPE_all_zh__mix_rel200_evt200,K1000_seed4_coverage__fuse_r0.3,train,fuse,1000,4,coverage,24,22,0.9166666666666666,0.3,0
SCOPE_all_zh__mix_rel200_evt200,K1000_seed5_random__fuse_r0.6,train,fuse,1000,5,random,24,14,0.5833333333333334,0.6,0
SCOPE_all_zh__mix_rel200_evt200,K1000_seed5_coverage__fuse_r0.6,train,fuse,1000,5,coverage,24,16,0.6666666666666666,0.6,0
SCOPE_all_zh__mix_rel200_evt200,K5000_seed1_random__fuse_r0.6,train,fuse,5000,1,random,24,16,0.6666666666666666,0.6,0
SCOPE_all_zh__mix_rel200_evt200,K5000_seed1_coverage__fuse_r0.3,train,fuse,5000,1,coverage,24,22,0.9166666666666666,0.3,0
SCOPE_all_zh__mix_rel200_evt200,K5000_seed2_random__fuse_r0.6,train,fuse,5000,2,random,24,16,0.6666666666666666,0.6,0
SCOPE_all_zh__mix_rel200_evt200,K5000_seed2_coverage__fuse_r0.3,train,fuse,5000,2,coverage,24,22,0.9166666666666666,0.3,0
SCOPE_all_zh__mix_rel200_evt200,K5000_seed3_random__fuse_r0.3,train,fuse,5000,3,random,24,22,0.9166666666666666,0.3,0
SCOPE_all_zh__mix_rel200_evt200,K5000_seed3_coverage__fuse_r0.3,train,fuse,5000,3,coverage,24,22,0.9166666666666666,0.3,0
SCOPE_all_zh__mix_rel200_evt200,K5000_seed4_random__fuse_r0.3,train,fuse,5000,4,random,24,22,0.9166666666666666,0.3,0
SCOPE_all_zh__mix_rel200_evt200,K5000_seed4_coverage__fuse_r0.6,train,fuse,5000,4,coverage,24,16,0.6666666666666666,0.6,0
SCOPE_all_zh__mix_rel200_evt200,K5000_seed5_random__fuse_r0.6,train,fuse,5000,5,random,24,16,0.6666666666666666,0.6,0
SCOPE_all_zh__mix_rel200_evt200,K5000_seed5_coverage__fuse_r0.3,train,fuse,5000,5,coverage,24,22,0.9166666666666666,0.3,0
